X_Plane1_r_0,X_Plane1_r_1,X_Plane1_r_2,X_Plane1_dr_0,X_Plane1_dr_1,X_Plane1_dr_2,X_Plane1_R_0,X_Plane1_R_1,X_Plane1_R_2,X_Plane1_R_3,X_Plane1_R_4,X_Plane1_R_5,X_Plane1_R_6,X_Plane1_R_7,X_Plane1_R_8,X_Plane1_omega_0,X_Plane1_omega_1,X_Plane1_omega_2,X_Plane1_thrust_0,X_Plane1_thrust_1,X_Plane1_flaps_0,X_Plane1_flaps_1,X_t_0,U_Plane1_dthrust_0,U_Plane1_dthrust_1,U_Plane1_dflaps_0,U_Plane1_dflaps_1
1.220192134e+00,4.699659551e+01,1.660711888e+01,1.638579498e+01,-6.589897090e-01,2.801439677e-01,9.971810766e-01,-6.300553216e-02,-4.175443031e-02,4.209494612e-02,9.218310797e-01,-3.852666904e-01,6.277320335e-02,3.824705004e-01,9.218930314e-01,3.689669534e-02,2.316810567e-01,-2.279240040e-01,6.090442097e+00,6.136215111e+00,-2.194583744e-01,1.145882174e-02,0.000000000e+00,4.999996933e+00,4.999998508e+00,-3.103684139e-02,-3.152385998e-03
1.617756667e+00,4.697792548e+01,1.661188634e+01,1.635957999e+01,-7.781909443e-01,2.294118125e-01,9.964947686e-01,-7.026273390e-02,-4.487045871e-02,4.767371998e-02,9.218053907e-01,-3.846869515e-01,6.838894503e-02,3.811777105e-01,9.219501273e-01,3.630478191e-02,2.297954127e-01,-2.280607619e-01,6.211905129e+00,6.257678182e+00,-2.202123406e-01,1.138224202e-02,2.429262133e-02,4.999996933e+00,4.999998508e+00,-3.103684139e-02,-3.152385998e-03
2.014715243e+00,4.695658567e+01,1.661568601e+01,1.633336783e+01,-8.967974951e-01,1.793730221e-01,9.957636184e-01,-7.749639659e-02,-4.793227000e-02,5.325587102e-02,9.217323848e-01,-3.841367197e-01,7.393909437e-02,3.798802231e-01,9.219949929e-01,3.570999114e-02,2.279537727e-01,-2.281976682e-01,6.333368161e+00,6.379141252e+00,-2.209663069e-01,1.130566230e-02,4.858524266e-02,4.999996933e+00,4.999998508e+00,-3.103684139e-02,-3.152385998e-03
2.411065365e+00,4.693257233e+01,1.661851345e+01,1.630715489e+01,-1.014834978e+00,1.299975855e-01,9.949871271e-01,-8.470693605e-02,-5.094185043e-02,5.884092357e-02,9.216121530e-01,-3.836159379e-01,7.942580949e-02,3.785773015e-01,9.220273520e-01,3.511249257e-02,2.261580933e-01,-2.283347125e-01,6.454831193e+00,6.500604323e+00,-2.217202731e-01,1.122908258e-02,7.287786400e-02,4.999996933e+00,4.999998508e+00,-3.103684139e-02,-3.152385998e-03
2.806804536e+00,4.690588170e+01,1.662036416e+01,1.628093754e+01,-1.132329009e+00,8.125549190e-02,9.941647964e-01,-9.189476811e-02,-5.390118624e-02,6.442840197e-02,9.214447864e-01,-3.831245485e-01,8.485124848e-02,3.772682087e-01,9.220469282e-01,3.451245574e-02,2.244103314e-01,-2.284718845e-01,6.576294226e+00,6.622067393e+00,-2.224742394e-01,1.115250287e-02,9.717048533e-02,4.999996933e+00,4.999998508e+00,-3.103684139e-02,-3.152385998e-03
3.201930259e+00,4.687651004e+01,1.662123368e+01,1.625471219e+01,-1.249305205e+00,3.311673040e-02,9.932961274e-01,-9.906030857e-02,-5.681226367e-02,7.001783054e-02,9.212303759e-01,-3.826624941e-01,9.021756947e-02,3.759522076e-01,9.220534455e-01,3.391005019e-02,2.227124436e-01,-2.286091737e-01,6.697757258e+00,6.743530464e+00,-2.232282056e-01,1.107592315e-02,1.214631067e-01,4.999996933e+00,4.999998508e+00,-3.103684139e-02,-3.152385998e-03
3.596440037e+00,4.684445360e+01,1.662111754e+01,1.622847521e+01,-1.365789182e+00,-1.444870990e-02,9.923806217e-01,-1.062039733e-01,-5.967706895e-02,7.560873360e-02,9.209690127e-01,-3.822297174e-01,9.552693056e-02,3.746285615e-01,9.220466275e-01,3.330544547e-02,2.210663868e-01,-2.287465699e-01,6.819220290e+00,6.864993534e+00,-2.239821718e-01,1.099934343e-02,1.457557280e-01,4.999996933e+00,4.999998508e+00,-3.103684139e-02,-3.152385998e-03
3.990331371e+00,4.680970864e+01,1.662001125e+01,1.620222301e+01,-1.481806557e+00,-6.147083986e-02,9.914177805e-01,-1.133261780e-01,-6.249758833e-02,8.120063549e-02,9.206607877e-01,-3.818261609e-01,1.007814899e-01,3.732965334e-01,9.220261980e-01,3.269881111e-02,2.194741177e-01,-2.288840626e-01,6.940683322e+00,6.986456604e+00,-2.247361381e-01,1.092276371e-02,1.700483493e-01,4.999996933e+00,4.999998508e+00,-3.103684139e-02,-3.152385998e-03
4.383601767e+00,4.677227139e+01,1.661791035e+01,1.617595195e+01,-1.597382945e+00,-1.079796704e-01,9.904071053e-01,-1.204273386e-01,-6.527580804e-02,8.679306054e-02,9.203057920e-01,-3.814517672e-01,1.059834055e-01,3.719553863e-01,9.219918808e-01,3.209031665e-02,2.179375930e-01,-2.290216415e-01,7.062146354e+00,7.107919675e+00,-2.254901043e-01,1.084618399e-02,1.943409707e-01,4.999996933e+00,4.999998508e+00,-3.103684139e-02,-3.152385998e-03
4.776248725e+00,4.673213811e+01,1.661481036e+01,1.614965844e+01,-1.712543964e+00,-1.540052123e-01,9.893480975e-01,-1.275078708e-01,-6.801371433e-02,9.238553307e-02,9.199041167e-01,-3.811064789e-01,1.111348355e-01,3.706043834e-01,9.219433997e-01,3.148013163e-02,2.164587696e-01,-2.291592963e-01,7.183609386e+00,7.229382745e+00,-2.262440705e-01,1.076960427e-02,2.186335920e-01,4.999996933e+00,4.999998508e+00,-3.103684139e-02,-3.152385998e-03
5.168269750e+00,4.668930506e+01,1.661070681e+01,1.612333886e+01,-1.827315230e+00,-1.995774766e-01,9.882402585e-01,-1.345681906e-01,-7.071329343e-02,9.797757741e-02,9.194558528e-01,-3.807902387e-01,1.162379381e-01,3.692427876e-01,9.218804784e-01,3.086842561e-02,2.150396041e-01,-2.292970164e-01,7.305072418e+00,7.350845816e+00,-2.269980368e-01,1.069302455e-02,2.429262133e-01,4.999996933e+00,4.999998508e+00,-3.103684139e-02,-3.152385998e-03
5.559662344e+00,4.664376848e+01,1.660559523e+01,1.609698959e+01,-1.941722358e+00,-2.447264741e-01,9.870830895e-01,-1.416087136e-01,-7.337653159e-02,1.035687179e-01,9.189610914e-01,-3.805029890e-01,1.212948714e-01,3.678698622e-01,9.218028408e-01,3.025536810e-02,2.136820533e-01,-2.294347917e-01,7.426535451e+00,7.472308886e+00,-2.277520030e-01,1.061644483e-02,2.672188347e-01,4.999996933e+00,4.999998508e+00,-3.103684139e-02,-3.152385998e-03
5.950424010e+00,4.659552462e+01,1.659947113e+01,1.607060703e+01,-2.055790966e+00,-2.894822156e-01,9.858760921e-01,-1.486298558e-01,-7.600541503e-02,1.091584788e-01,9.184199234e-01,-3.802446726e-01,1.263077934e-01,3.664848700e-01,9.217102105e-01,2.964112867e-02,2.123880739e-01,-2.295726117e-01,7.547998483e+00,7.593771956e+00,-2.285059692e-01,1.053986511e-02,2.915114560e-01,4.999996933e+00,4.999998508e+00,-3.103684139e-02,-3.152385998e-03
6.340552251e+00,4.654456974e+01,1.659233006e+01,1.604418756e+01,-2.169546670e+00,-3.338747121e-01,9.846187676e-01,-1.556320329e-01,-7.860193002e-02,1.147463846e-01,9.178324399e-01,-3.800152319e-01,1.312788622e-01,3.650870743e-01,9.216023114e-01,2.902587684e-02,2.111596228e-01,-2.297104661e-01,7.669461515e+00,7.715235027e+00,-2.292599355e-01,1.046328539e-02,3.158040773e-01,4.999996933e+00,4.999998508e+00,-3.103684139e-02,-3.152385998e-03
6.730044569e+00,4.649090008e+01,1.658416753e+01,1.601772758e+01,-2.283015086e+00,-3.779339744e-01,9.833106173e-01,-1.626156608e-01,-8.116806277e-02,1.203319595e-01,9.171987320e-01,-3.798146097e-01,1.362102361e-01,3.636757380e-01,9.214788672e-01,2.840978216e-02,2.099986566e-01,-2.298483444e-01,7.790924547e+00,7.836698097e+00,-2.300139017e-01,1.038670567e-02,3.400966987e-01,4.999996933e+00,4.999998508e+00,-3.103684139e-02,-3.152385998e-03
7.118898468e+00,4.643451190e+01,1.657497907e+01,1.599122346e+01,-2.396221830e+00,-4.216900135e-01,9.819511427e-01,-1.695811552e-01,-8.370579954e-02,1.259147278e-01,9.165188907e-01,-3.796427485e-01,1.411040730e-01,3.622501244e-01,9.213396018e-01,2.779301416e-02,2.089071322e-01,-2.299862363e-01,7.912387579e+00,7.958161168e+00,-2.307678679e-01,1.031012595e-02,3.643893200e-01,4.999996933e+00,4.999998508e+00,-3.103684139e-02,-3.152385998e-03
7.507111451e+00,4.637540145e+01,1.656476021e+01,1.596467160e+01,-2.509192520e+00,-4.651728402e-01,9.805398452e-01,-1.765289321e-01,-8.621712655e-02,1.314942139e-01,9.157930070e-01,-3.794995908e-01,1.459625311e-01,3.608094963e-01,9.211842388e-01,2.717574240e-02,2.078870063e-01,-2.301241315e-01,8.033850611e+00,8.079624238e+00,-2.315218342e-01,1.023354623e-02,3.886819413e-01,4.999996933e+00,4.999998508e+00,-3.103684139e-02,-3.152385998e-03
7.894681020e+00,4.631356497e+01,1.655350647e+01,1.593806838e+01,-2.621952770e+00,-5.084124653e-01,9.790762261e-01,-1.834594071e-01,-8.870403006e-02,1.370699421e-01,9.150211720e-01,-3.793850793e-01,1.507877685e-01,3.593531170e-01,9.210125021e-01,2.655813641e-02,2.069402356e-01,-2.302620196e-01,8.155313643e+00,8.201087309e+00,-2.322758004e-01,1.015696651e-02,4.129745626e-01,4.999996933e+00,4.999998508e+00,-3.103684139e-02,-3.152385998e-03
8.281604678e+00,4.624899872e+01,1.654121339e+01,1.591141020e+01,-2.734528199e+00,-5.514388999e-01,9.775597868e-01,-1.903729962e-01,-9.116849630e-02,1.426414367e-01,9.142034767e-01,-3.792991567e-01,1.555819434e-01,3.578802494e-01,9.208241154e-01,2.594036572e-02,2.060687768e-01,-2.303998902e-01,8.276776676e+00,8.322550379e+00,-2.330297666e-01,1.008038679e-02,4.372671840e-01,4.999996933e+00,4.999998508e+00,-3.103684139e-02,-3.152385998e-03
8.667879929e+00,4.618169895e+01,1.652787648e+01,1.588469344e+01,-2.846944421e+00,-5.942821546e-01,9.759900287e-01,-1.972701151e-01,-9.361251151e-02,1.482082221e-01,9.133400122e-01,-3.792417653e-01,1.603472138e-01,3.563901567e-01,9.206188025e-01,2.532259989e-02,2.052745869e-01,-2.305377330e-01,8.398239708e+00,8.444013449e+00,-2.337837329e-01,1.000380707e-02,4.615598053e-01,4.999996933e+00,4.999998508e+00,-3.103684139e-02,-3.152385998e-03
9.053504275e+00,4.611166191e+01,1.651349127e+01,1.585791448e+01,-2.959227054e+00,-6.369722405e-01,9.743664532e-01,-2.041511797e-01,-9.603806193e-02,1.537698226e-01,9.124308695e-01,-3.792128480e-01,1.650857378e-01,3.548821018e-01,9.203962872e-01,2.470500846e-02,2.045596224e-01,-2.306755376e-01,8.519702740e+00,8.565476520e+00,-2.345376991e-01,9.927227355e-03,4.858524266e-01,4.999996933e+00,4.999998508e+00,-3.103684139e-02,-3.152385998e-03
9.438475219e+00,4.603888385e+01,1.649805329e+01,1.583106972e+01,-3.071401714e+00,-6.795391684e-01,9.726885617e-01,-2.110166058e-01,-9.844713380e-02,1.593257625e-01,9.114761397e-01,-3.792123472e-01,1.697996735e-01,3.533553480e-01,9.201562932e-01,2.408776095e-02,2.039258402e-01,-2.308132935e-01,8.641165772e+00,8.686939590e+00,-2.352916654e-01,9.850647636e-03,5.101450480e-01,4.999996933e+00,4.999998508e+00,-3.103684139e-02,-3.152385998e-03
9.822790263e+00,4.596336102e+01,1.648155807e+01,1.580415555e+01,-3.183494017e+00,-7.220129492e-01,9.709558555e-01,-2.178668091e-01,-1.008417134e-01,1.648755662e-01,9.104759137e-01,-3.792402056e-01,1.744911791e-01,3.518091583e-01,9.198985443e-01,2.347102692e-02,2.033751969e-01,-2.309509906e-01,8.762628804e+00,8.808402661e+00,-2.360456316e-01,9.774067917e-03,5.344376693e-01,4.999996933e+00,4.999998508e+00,-3.103684139e-02,-3.152385998e-03
1.020644691e+01,4.588508967e+01,1.646400113e+01,1.577716834e+01,-3.295529580e+00,-7.644235938e-01,9.691678361e-01,-2.247022056e-01,-1.032237868e-01,1.704187579e-01,9.094302827e-01,-3.792963657e-01,1.791624127e-01,3.502427956e-01,9.196227643e-01,2.285497590e-02,2.029096495e-01,-2.310886183e-01,8.884091836e+00,8.929865731e+00,-2.367995978e-01,9.697488197e-03,5.587302906e-01,4.999996933e+00,4.999998508e+00,-3.103684139e-02,-3.152385998e-03
1.058944267e+01,4.580406605e+01,1.644537800e+01,1.575010450e+01,-3.407534018e+00,-8.068011130e-01,9.673240047e-01,-2.315232110e-01,-1.055953405e-01,1.759548621e-01,9.083393376e-01,-3.793807702e-01,1.838155323e-01,3.486555232e-01,9.193286770e-01,2.223977744e-02,2.025311545e-01,-2.312261663e-01,9.005554869e+00,9.051328802e+00,-2.375535641e-01,9.620908478e-03,5.830229120e-01,4.999996933e+00,4.999998508e+00,-3.103684139e-02,-3.152385998e-03
1.097177503e+01,4.572028642e+01,1.642568421e+01,1.572296040e+01,-3.519532949e+00,-8.491755178e-01,9.654238629e-01,-2.383302411e-01,-1.079583606e-01,1.814834029e-01,9.072031696e-01,-3.794933616e-01,1.884526961e-01,3.470466041e-01,9.190160062e-01,2.162560107e-02,2.022416689e-01,-2.313636243e-01,9.127017901e+00,9.172791872e+00,-2.383075303e-01,9.544328759e-03,6.073155333e-01,4.999996933e+00,4.999998508e+00,-3.103684139e-02,-3.152385998e-03
1.135344151e+01,4.563374702e+01,1.640491527e+01,1.569573243e+01,-3.631551989e+00,-8.915768190e-01,9.634669120e-01,-2.451237118e-01,-1.103148333e-01,1.870039049e-01,9.060218696e-01,-3.796340826e-01,1.930760622e-01,3.454153013e-01,9.186844755e-01,2.101261634e-02,2.020431492e-01,-2.315009819e-01,9.248480933e+00,9.294254942e+00,-2.390614965e-01,9.467749039e-03,6.316081546e-01,4.999996933e+00,4.999998508e+00,-3.103684139e-02,-3.152385998e-03
1.173443960e+01,4.554444411e+01,1.638306673e+01,1.566841699e+01,-3.743616754e+00,-9.340350275e-01,9.614526533e-01,-2.519040389e-01,-1.126667449e-01,1.925158922e-01,9.047955287e-01,-3.798028757e-01,1.976877887e-01,3.437608779e-01,9.183338088e-01,2.040099279e-02,2.019375523e-01,-2.316382287e-01,9.369943965e+00,9.415718013e+00,-2.398154628e-01,9.391169320e-03,6.559007760e-01,4.999996933e+00,4.999998508e+00,-3.103684139e-02,-3.152385998e-03
1.211476681e+01,4.545237393e+01,1.636013410e+01,1.564101046e+01,-3.855752860e+00,-9.765801541e-01,9.593805883e-01,-2.586716382e-01,-1.150160816e-01,1.980188892e-01,9.035242379e-01,-3.799996835e-01,2.022900337e-01,3.420825970e-01,9.179637299e-01,1.979089996e-02,2.019268350e-01,-2.317753543e-01,9.491406997e+00,9.537181083e+00,-2.405694290e-01,9.314589601e-03,6.801933973e-01,4.999996933e+00,4.999998508e+00,-3.103684139e-02,-3.152385998e-03
1.249442064e+01,4.535753273e+01,1.633611291e+01,1.561350923e+01,-3.967985924e+00,-1.019242210e+00,9.572502184e-01,-2.654269254e-01,-1.173648297e-01,2.035124203e-01,9.022080883e-01,-3.802244487e-01,2.068849554e-01,3.403797217e-01,9.175739625e-01,1.918250738e-02,2.020129539e-01,-2.319123485e-01,9.612870029e+00,9.658644154e+00,-2.413233952e-01,9.238009881e-03,7.044860186e-01,4.999996933e+00,4.999998508e+00,-3.103684139e-02,-3.152385998e-03
1.287339860e+01,4.525991678e+01,1.631099869e+01,1.558590968e+01,-4.080341563e+00,-1.062051206e+00,9.550610448e-01,-2.721703165e-01,-1.197149754e-01,2.089960098e-01,9.008471709e-01,-3.804771138e-01,2.114747117e-01,3.386515150e-01,9.171642304e-01,1.857598461e-02,2.021978659e-01,-2.320492007e-01,9.734333061e+00,9.780107224e+00,-2.420773615e-01,9.161430162e-03,7.287786400e-01,4.999996933e+00,4.999998508e+00,-3.103684139e-02,-3.152385998e-03
1.325169818e+01,4.515952231e+01,1.628478696e+01,1.555820821e+01,-4.192845392e+00,-1.105037152e+00,9.528125691e-01,-2.789022273e-01,-1.220685049e-01,2.144691819e-01,8.994415768e-01,-3.807576214e-01,2.160614609e-01,3.368972401e-01,9.167342574e-01,1.797150117e-02,2.024835277e-01,-2.321859007e-01,9.855796094e+00,9.901570295e+00,-2.428313277e-01,9.084850442e-03,7.530712613e-01,4.999996933e+00,4.999998508e+00,-3.103684139e-02,-3.152385998e-03
1.362931689e+01,4.505634557e+01,1.625747325e+01,1.553040120e+01,-4.305523028e+00,-1.148230060e+00,9.505042926e-01,-2.856230735e-01,-1.244274045e-01,2.199314611e-01,8.979913970e-01,-3.810659141e-01,2.206473611e-01,3.351161599e-01,9.162837672e-01,1.736922662e-02,2.028718960e-01,-2.323224381e-01,9.977259126e+00,1.002303337e+01,-2.435852939e-01,9.008270723e-03,7.773638826e-01,4.999996933e+00,4.999998508e+00,-3.103684139e-02,-3.152385998e-03
1.400625224e+01,4.495038283e+01,1.622905309e+01,1.550248504e+01,-4.418400088e+00,-1.191659941e+00,9.481357166e-01,-2.923332710e-01,-1.267936605e-01,2.253823716e-01,8.964967226e-01,-3.814019345e-01,2.252345703e-01,3.333075375e-01,9.158124837e-01,1.676933049e-02,2.033649277e-01,-2.324588025e-01,1.009872216e+01,1.014449644e+01,-2.443392602e-01,8.931691004e-03,8.016565040e-01,4.999996933e+00,4.999998508e+00,-3.103684139e-02,-3.152385998e-03
1.438250172e+01,4.484163033e+01,1.619952200e+01,1.547445612e+01,-4.531502187e+00,-1.235356805e+00,9.457063426e-01,-2.990332356e-01,-1.291692590e-01,2.308214379e-01,8.949576445e-01,-3.817656252e-01,2.298252466e-01,3.314706361e-01,9.153201305e-01,1.617198232e-02,2.039645794e-01,-2.325949836e-01,1.022018519e+01,1.026595951e+01,-2.450932264e-01,8.855111284e-03,8.259491253e-01,4.999996933e+00,4.999998508e+00,-3.103684139e-02,-3.152385998e-03
1.475806284e+01,4.473008431e+01,1.616887552e+01,1.544631082e+01,-4.644854943e+00,-1.279350664e+00,9.432156720e-01,-3.057233831e-01,-1.315561863e-01,2.362481841e-01,8.933742538e-01,-3.821569289e-01,2.344215483e-01,3.296047187e-01,9.148064315e-01,1.557735165e-02,2.046728079e-01,-2.327309710e-01,1.034164822e+01,1.038742258e+01,-2.458471927e-01,8.778531565e-03,8.502417466e-01,4.999996933e+00,4.999998508e+00,-3.103684139e-02,-3.152385998e-03
1.513293310e+01,4.461574104e+01,1.613710915e+01,1.541804554e+01,-4.758483971e+00,-1.323671528e+00,9.406632060e-01,-3.124041293e-01,-1.339564286e-01,2.416621347e-01,8.917466416e-01,-3.825757880e-01,2.390256333e-01,3.277090484e-01,9.142711105e-01,1.498560802e-02,2.054915699e-01,-2.328667543e-01,1.046311125e+01,1.050888565e+01,-2.466011589e-01,8.701951846e-03,8.745343680e-01,4.999996933e+00,4.999998508e+00,-3.103684139e-02,-3.152385998e-03
1.550711000e+01,4.449859676e+01,1.610421844e+01,1.538965665e+01,-4.872414888e+00,-1.368349408e+00,9.380484462e-01,-3.190758901e-01,-1.363719723e-01,2.470628139e-01,8.900748989e-01,-3.830221452e-01,2.436396598e-01,3.257828882e-01,9.137138911e-01,1.439692099e-02,2.064228223e-01,-2.330023231e-01,1.058457429e+01,1.063034872e+01,-2.473551251e-01,8.625372126e-03,8.988269893e-01,4.999996933e+00,4.999998508e+00,-3.103684139e-02,-3.152385998e-03
1.588059106e+01,4.437864772e+01,1.607019891e+01,1.536114056e+01,-4.986673310e+00,-1.413414315e+00,9.353708939e-01,-3.257390813e-01,-1.388048034e-01,2.524497462e-01,8.883591168e-01,-3.834959431e-01,2.482657860e-01,3.238255012e-01,9.131344972e-01,1.381146007e-02,2.074685218e-01,-2.331376671e-01,1.070603732e+01,1.075181179e+01,-2.481090914e-01,8.548792407e-03,9.231196106e-01,4.999996933e+00,4.999998508e+00,-3.103684139e-02,-3.152385998e-03
1.625337376e+01,4.425589017e+01,1.603504609e+01,1.533249364e+01,-5.101284854e+00,-1.458896259e+00,9.326300504e-01,-3.323941186e-01,-1.412569084e-01,2.578224557e-01,8.865993863e-01,-3.839971243e-01,2.529061698e-01,3.218361505e-01,9.125326526e-01,1.322939482e-02,2.086306251e-01,-2.332727760e-01,1.082750035e+01,1.087327486e+01,-2.488630576e-01,8.472212688e-03,9.474122320e-01,4.999996933e+00,4.999998508e+00,-3.103684139e-02,-3.152385998e-03
1.662545561e+01,4.413032037e+01,1.599875550e+01,1.530371229e+01,-5.216275136e+00,-1.504825253e+00,9.298254173e-01,-3.390414179e-01,-1.437302733e-01,2.631804669e-01,8.847957984e-01,-3.845256313e-01,2.575629695e-01,3.198140991e-01,9.119080811e-01,1.265089478e-02,2.099110890e-01,-2.334076393e-01,1.094896338e+01,1.099473793e+01,-2.496170238e-01,8.395632968e-03,9.717048533e-01,4.999996933e+00,4.999998508e+00,-3.103684139e-02,-3.152385998e-03
1.699683412e+01,4.400193456e+01,1.596132266e+01,1.527479289e+01,-5.331669773e+00,-1.551231306e+00,9.269564957e-01,-3.456813951e-01,-1.462268845e-01,2.685233041e-01,8.829484441e-01,-3.850814069e-01,2.622383431e-01,3.177586102e-01,9.112605063e-01,1.207612949e-02,2.113118702e-01,-2.335422466e-01,1.107042642e+01,1.111620100e+01,-2.503709901e-01,8.319053249e-03,9.959974746e-01,4.999996933e+00,4.999998508e+00,-3.103684139e-02,-3.152385998e-03
1.736750679e+01,4.387072900e+01,1.592274311e+01,1.524573182e+01,-5.447494380e+00,-1.598144430e+00,9.240227872e-01,-3.523144658e-01,-1.487487281e-01,2.738504917e-01,8.810574146e-01,-3.856643935e-01,2.669344487e-01,3.156689468e-01,9.105896521e-01,1.150526849e-02,2.128349255e-01,-2.336765877e-01,1.119188945e+01,1.123766407e+01,-2.511249563e-01,8.242473530e-03,1.020290096e+00,4.999996933e+00,4.999998508e+00,-3.103684139e-02,-3.152385998e-03
1.773747112e+01,4.373669993e+01,1.588301237e+01,1.521652549e+01,-5.563774575e+00,-1.645594635e+00,9.210237932e-01,-3.589410460e-01,-1.512977905e-01,2.791615538e-01,8.791228008e-01,-3.862745337e-01,2.716534445e-01,3.135443720e-01,9.098952422e-01,1.093848131e-02,2.144822117e-01,-2.338106522e-01,1.131335248e+01,1.135912714e+01,-2.518789225e-01,8.165893810e-03,1.044582717e+00,4.999996933e+00,4.999998508e+00,-3.103684139e-02,-3.152385998e-03
1.810672462e+01,4.359984361e+01,1.584212597e+01,1.518717027e+01,-5.680535973e+00,-1.693611933e+00,9.179590149e-01,-3.655615515e-01,-1.538760578e-01,2.844560149e-01,8.771446938e-01,-3.869117703e-01,2.763974885e-01,3.113841488e-01,9.091770005e-01,1.037593750e-02,2.162556854e-01,-2.339444297e-01,1.143481551e+01,1.148059021e+01,-2.526328888e-01,8.089314091e-03,1.068875339e+00,4.999996933e+00,4.999998508e+00,-3.103684139e-02,-3.152385998e-03
1.847526478e+01,4.346015629e+01,1.580007943e+01,1.515766256e+01,-5.797804191e+00,-1.742226333e+00,9.148279538e-01,-3.721763981e-01,-1.564855163e-01,2.897333993e-01,8.751231847e-01,-3.875760456e-01,2.811687390e-01,3.091875403e-01,9.084346506e-01,9.817806606e-03,2.181573035e-01,-2.340779097e-01,1.155627854e+01,1.160205328e+01,-2.533868550e-01,8.012734372e-03,1.093167960e+00,4.999996933e+00,4.999998508e+00,-3.103684139e-02,-3.152385998e-03
1.884308912e+01,4.331763421e+01,1.575686828e+01,1.512799874e+01,-5.915604846e+00,-1.791467848e+00,9.116301113e-01,-3.787860016e-01,-1.591281523e-01,2.949932313e-01,8.730583644e-01,-3.882673024e-01,2.859693539e-01,3.069538096e-01,9.076679164e-01,9.264258161e-03,2.201890228e-01,-2.342110821e-01,1.167774158e+01,1.172351635e+01,-2.541408212e-01,7.936154652e-03,1.117460581e+00,4.999996933e+00,4.999998508e+00,-3.103684139e-02,-3.152385998e-03
1.921019512e+01,4.317227363e+01,1.571248805e+01,1.509817519e+01,-6.033963553e+00,-1.841366487e+00,9.083649887e-01,-3.853907777e-01,-1.618059519e-01,3.002350353e-01,8.709503241e-01,-3.889854833e-01,2.908014913e-01,3.046822198e-01,9.068765217e-01,8.715461707e-03,2.223527998e-01,-2.343439363e-01,1.179920461e+01,1.184497942e+01,-2.548947875e-01,7.859574933e-03,1.141753203e+00,4.999996933e+00,4.999998508e+00,-3.103684139e-02,-3.152385998e-03
1.957658030e+01,4.302407081e+01,1.566693427e+01,1.506818832e+01,-6.152905930e+00,-1.891952263e+00,9.050320874e-01,-3.919911424e-01,-1.645209014e-01,3.054583356e-01,8.687991547e-01,-3.897305308e-01,2.956673095e-01,3.023720339e-01,9.060601902e-01,8.171586786e-03,2.246505916e-01,-2.344764620e-01,1.192066764e+01,1.196644249e+01,-2.556487537e-01,7.782995213e-03,1.166045824e+00,4.999996933e+00,4.999998508e+00,-3.103684139e-02,-3.152385998e-03
1.994224217e+01,4.287302198e+01,1.562020245e+01,1.503803449e+01,-6.272457591e+00,-1.943255185e+00,9.016309089e-01,-3.985875115e-01,-1.672749872e-01,3.106626564e-01,8.666049473e-01,-3.905023875e-01,3.005689665e-01,3.000225150e-01,9.052186456e-01,7.632802938e-03,2.270843546e-01,-2.346086489e-01,1.204213067e+01,1.208790556e+01,-2.564027199e-01,7.706415494e-03,1.190338445e+00,4.999996933e+00,4.999998508e+00,-3.103684139e-02,-3.152385998e-03
2.030717821e+01,4.271912340e+01,1.557228813e+01,1.500771012e+01,-6.392644155e+00,-1.995305264e+00,8.981609545e-01,-4.051803007e-01,-1.700701953e-01,3.158475222e-01,8.643677930e-01,-3.913009961e-01,3.055086204e-01,2.976329261e-01,9.043516118e-01,7.099279704e-03,2.296560458e-01,-2.347404866e-01,1.216359370e+01,1.220936863e+01,-2.571566862e-01,7.629835775e-03,1.214631067e+00,4.999996933e+00,4.999998508e+00,-3.103684139e-02,-3.152385998e-03
2.067234543e+01,4.256263804e+01,1.552390521e+01,1.497697644e+01,-6.514668561e+00,-2.049904602e+00,8.945819030e-01,-4.118310760e-01,-1.730632217e-01,3.209982767e-01,8.620733097e-01,-3.921569560e-01,3.106667448e-01,2.951855490e-01,9.034257104e-01,6.986535935e-03,2.321305706e-01,-2.348862723e-01,1.222017540e+01,1.226613163e+01,-2.570461107e-01,7.636930958e-03,1.238923688e+00,5.486219196e-01,5.610600553e-01,2.827758539e-02,2.588376540e-03
2.103715873e+01,4.240330507e+01,1.547449772e+01,1.494428102e+01,-6.637255980e+00,-2.105951541e+00,8.909077045e-01,-4.185001396e-01,-1.761610589e-01,3.261268149e-01,8.597332691e-01,-3.930430865e-01,3.159290836e-01,2.926684944e-01,9.024588236e-01,7.184309359e-03,2.343083407e-01,-2.350504029e-01,1.223350286e+01,1.227976125e+01,-2.563591740e-01,7.699809409e-03,1.263216309e+00,5.486219196e-01,5.610600553e-01,2.827758539e-02,2.588376540e-03
2.140088612e+01,4.224091961e+01,1.542352104e+01,1.490940166e+01,-6.759389399e+00,-2.162111417e+00,8.871658635e-01,-4.251415718e-01,-1.792490771e-01,3.312443891e-01,8.573588786e-01,-3.939346121e-01,3.211619148e-01,2.900898356e-01,9.014753317e-01,7.421623763e-03,2.362823032e-01,-2.352256099e-01,1.224683033e+01,1.229339087e+01,-2.556722373e-01,7.762687860e-03,1.287508931e+00,5.486219196e-01,5.610600553e-01,2.827758539e-02,2.588376540e-03
2.176349729e+01,4.207549958e+01,1.537099014e+01,1.487237100e+01,-6.881058958e+00,-2.218358815e+00,8.833572210e-01,-4.317550547e-01,-1.823262391e-01,3.363509430e-01,8.549499446e-01,-3.948314133e-01,3.263642124e-01,2.874507886e-01,9.004758897e-01,7.697205572e-03,2.380579882e-01,-2.354118667e-01,1.226015779e+01,1.230702049e+01,-2.549853006e-01,7.825566311e-03,1.311801552e+00,5.486219196e-01,5.610600553e-01,2.827758539e-02,2.588376540e-03
2.212496189e+01,4.190706284e+01,1.531691993e+01,1.483322173e+01,-7.002254799e+00,-2.274668317e+00,8.794826182e-01,-4.383402701e-01,-1.853915078e-01,3.414464202e-01,8.525062740e-01,-3.957333705e-01,3.315349504e-01,2.847525692e-01,8.994611529e-01,8.009781210e-03,2.396409256e-01,-2.356091469e-01,1.227348525e+01,1.232065011e+01,-2.542983640e-01,7.888444762e-03,1.336094173e+00,5.486219196e-01,5.610600553e-01,2.827758539e-02,2.588376540e-03
2.248524962e+01,4.173562730e+01,1.526132537e+01,1.479198650e+01,-7.122967061e+00,-2.331014508e+00,8.755428960e-01,-4.448968998e-01,-1.884438461e-01,3.465307643e-01,8.500276732e-01,-3.966403641e-01,3.366731029e-01,2.819963930e-01,8.984317764e-01,8.358077100e-03,2.410366452e-01,-2.358174239e-01,1.228681272e+01,1.233427973e+01,-2.536114273e-01,7.951323213e-03,1.360386795e+00,5.486219196e-01,5.610600553e-01,2.827758539e-02,2.588376540e-03
2.284433014e+01,4.156121084e+01,1.520422139e+01,1.474869798e+01,-7.243185885e+00,-2.387371971e+00,8.715388957e-01,-4.514246259e-01,-1.914822169e-01,3.516039189e-01,8.475139488e-01,-3.975522747e-01,3.417776441e-01,2.791834761e-01,8.973884154e-01,8.740819666e-03,2.422506772e-01,-2.360366713e-01,1.230014018e+01,1.234790935e+01,-2.529244906e-01,8.014201665e-03,1.384679416e+00,5.486219196e-01,5.610600553e-01,2.827758539e-02,2.588376540e-03
2.320217312e+01,4.138383135e+01,1.514562294e+01,1.470338885e+01,-7.362901412e+00,-2.443715289e+00,8.674714583e-01,-4.579231301e-01,-1.945055831e-01,3.566658277e-01,8.449649076e-01,-3.984689826e-01,3.468475479e-01,2.763150342e-01,8.963317251e-01,9.156735332e-03,2.432885513e-01,-2.362668627e-01,1.231346765e+01,1.236153897e+01,-2.522375540e-01,8.077080116e-03,1.408972037e+00,5.486219196e-01,5.610600553e-01,2.827758539e-02,2.588376540e-03
2.355874825e+01,4.120350671e+01,1.508554495e+01,1.465609176e+01,-7.482103781e+00,-2.500019045e+00,8.633414248e-01,-4.643920944e-01,-1.975129074e-01,3.617164343e-01,8.423803561e-01,-3.993903682e-01,3.518817884e-01,2.733922831e-01,8.952623606e-01,9.604550522e-03,2.441557976e-01,-2.365079714e-01,1.232679511e+01,1.237516859e+01,-2.515506173e-01,8.139958567e-03,1.433264659e+00,5.486219196e-01,5.610600553e-01,2.827758539e-02,2.588376540e-03
2.391402519e+01,4.102025482e+01,1.502400236e+01,1.460683938e+01,-7.600783134e+00,-2.556257823e+00,8.591496365e-01,-4.708312006e-01,-2.005031529e-01,3.667556823e-01,8.397601009e-01,-4.003163120e-01,3.568793397e-01,2.704164387e-01,8.941809771e-01,1.008299166e-02,2.448579459e-01,-2.367599710e-01,1.234012258e+01,1.238879821e+01,-2.508636806e-01,8.202837018e-03,1.457557280e+00,5.486219196e-01,5.610600553e-01,2.827758539e-02,2.588376540e-03
2.426797361e+01,4.083409357e+01,1.496101011e+01,1.455566439e+01,-7.718929611e+00,-2.612406206e+00,8.548969343e-01,-4.772401307e-01,-2.034752825e-01,3.717835153e-01,8.371039486e-01,-4.012466945e-01,3.618391758e-01,2.673887167e-01,8.930882298e-01,1.059078517e-02,2.454005263e-01,-2.370228351e-01,1.235345004e+01,1.240242783e+01,-2.501767439e-01,8.265715469e-03,1.481849901e+00,5.486219196e-01,5.610600553e-01,2.827758539e-02,2.588376540e-03
2.462056319e+01,4.064504084e+01,1.489658315e+01,1.450259944e+01,-7.836533351e+00,-2.668438779e+00,8.505841594e-01,-4.836185665e-01,-2.064282588e-01,3.767998770e-01,8.344117060e-01,-4.021813960e-01,3.667602708e-01,2.643103331e-01,8.919847737e-01,1.112665747e-02,2.457890687e-01,-2.372965371e-01,1.236677751e+01,1.241605745e+01,-2.494898073e-01,8.328593920e-03,1.506142523e+00,5.486219196e-01,5.610600553e-01,2.827758539e-02,2.588376540e-03
2.497176361e+01,4.045311452e+01,1.483073640e+01,1.444767721e+01,-7.953584497e+00,-2.724330123e+00,8.462121528e-01,-4.899661899e-01,-2.093610450e-01,3.818047110e-01,8.316831795e-01,-4.031202971e-01,3.716415988e-01,2.611825036e-01,8.908712642e-01,1.168933500e-02,2.460291030e-01,-2.375810505e-01,1.238010497e+01,1.242968707e+01,-2.488028706e-01,8.391472372e-03,1.530435144e+00,5.486219196e-01,5.610600553e-01,2.827758539e-02,2.588376540e-03
2.532154453e+01,4.025833249e+01,1.476348482e+01,1.439093035e+01,-8.070073188e+00,-2.780054824e+00,8.417817557e-01,-4.962826828e-01,-2.122726038e-01,3.867979609e-01,8.289181757e-01,-4.040632780e-01,3.764821339e-01,2.580064440e-01,8.897483563e-01,1.227754417e-02,2.461261592e-01,-2.378763490e-01,1.239343244e+01,1.244331669e+01,-2.481159339e-01,8.454350823e-03,1.554727765e+00,5.486219196e-01,5.610600553e-01,2.827758539e-02,2.588376540e-03
2.566987564e+01,4.006071266e+01,1.469484335e+01,1.433239155e+01,-8.185989564e+00,-2.835587463e+00,8.372938091e-01,-5.025677272e-01,-2.151618982e-01,3.917795703e-01,8.261165014e-01,-4.050102193e-01,3.812808500e-01,2.547833703e-01,8.886167052e-01,1.289001140e-02,2.460857672e-01,-2.381824058e-01,1.240675990e+01,1.245694631e+01,-2.474289972e-01,8.517229274e-03,1.579020387e+00,5.486219196e-01,5.610600553e-01,2.827758539e-02,2.588376540e-03
2.601672660e+01,3.986027291e+01,1.462482691e+01,1.427209346e+01,-8.301323766e+00,-2.890902625e+00,8.327491542e-01,-5.088210048e-01,-2.180278909e-01,3.967494829e-01,8.232779632e-01,-4.059610015e-01,3.860367213e-01,2.515144981e-01,8.874769661e-01,1.352546312e-02,2.459134569e-01,-2.384991947e-01,1.242008736e+01,1.247057592e+01,-2.467420606e-01,8.580107725e-03,1.603313008e+00,5.486219196e-01,5.610600553e-01,2.827758539e-02,2.588376540e-03
2.636206709e+01,3.965703112e+01,1.455345045e+01,1.421006875e+01,-8.416065935e+00,-2.945974892e+00,8.281486320e-01,-5.150421976e-01,-2.208695450e-01,4.017076423e-01,8.204023675e-01,-4.069155048e-01,3.907487218e-01,2.482010434e-01,8.863297942e-01,1.418262576e-02,2.456147584e-01,-2.388266891e-01,1.243341483e+01,1.248420554e+01,-2.460551239e-01,8.642986176e-03,1.627605629e+00,5.486219196e-01,5.610600553e-01,2.827758539e-02,2.588376540e-03
2.670586678e+01,3.945100518e+01,1.448072892e+01,1.414635008e+01,-8.530206210e+00,-3.000778849e+00,8.234930835e-01,-5.212309875e-01,-2.236858232e-01,4.066539921e-01,8.174895211e-01,-4.078736099e-01,3.954158256e-01,2.448442219e-01,8.851758446e-01,1.486022574e-02,2.451952015e-01,-2.391648624e-01,1.244674229e+01,1.249783516e+01,-2.453681872e-01,8.705864627e-03,1.651898251e+00,5.486219196e-01,5.610600553e-01,2.827758539e-02,2.588376540e-03
2.704809534e+01,3.924221299e+01,1.440667725e+01,1.408097013e+01,-8.643734734e+00,-3.055289079e+00,8.187833500e-01,-5.273870563e-01,-2.264756885e-01,4.115884759e-01,8.145392306e-01,-4.088351970e-01,4.000370067e-01,2.414452495e-01,8.840157725e-01,1.555698948e-02,2.446603161e-01,-2.395136883e-01,1.246006976e+01,1.251146478e+01,-2.446812505e-01,8.768743078e-03,1.676190872e+00,5.486219196e-01,5.610600553e-01,2.827758539e-02,2.588376540e-03
2.738872246e+01,3.903067243e+01,1.433131037e+01,1.401396157e+01,-8.756641645e+00,-3.109480165e+00,8.140202724e-01,-5.335100860e-01,-2.292381037e-01,4.165110374e-01,8.115513026e-01,-4.098001467e-01,4.046112393e-01,2.380053420e-01,8.828502330e-01,1.627164341e-02,2.440156323e-01,-2.398731402e-01,1.247339722e+01,1.252509440e+01,-2.439943139e-01,8.831621530e-03,1.700483493e+00,5.486219196e-01,5.610600553e-01,2.827758539e-02,2.588376540e-03
2.772771780e+01,3.881640139e+01,1.425464324e+01,1.394535705e+01,-8.868917084e+00,-3.163326690e+00,8.092046920e-01,-5.395997585e-01,-2.319720318e-01,4.214216202e-01,8.085255437e-01,-4.107683394e-01,4.091374973e-01,2.345257153e-01,8.816798813e-01,1.700291394e-02,2.432666800e-01,-2.402431916e-01,1.248672469e+01,1.253872402e+01,-2.433073772e-01,8.894499981e-03,1.724776115e+00,5.486219196e-01,5.610600553e-01,2.827758539e-02,2.588376540e-03
2.806505103e+01,3.859941776e+01,1.417669079e+01,1.387518924e+01,-8.980551192e+00,-3.216803239e+00,8.043374497e-01,-5.456557555e-01,-2.346764355e-01,4.263201678e-01,8.054617605e-01,-4.117396554e-01,4.136147549e-01,2.310075851e-01,8.805053726e-01,1.774952751e-02,2.424189891e-01,-2.406238161e-01,1.250005215e+01,1.255235364e+01,-2.426204405e-01,8.957378432e-03,1.749068736e+00,5.486219196e-01,5.610600553e-01,2.827758539e-02,2.588376540e-03
2.840069184e+01,3.837973942e+01,1.409746796e+01,1.380349082e+01,-9.091534109e+00,-3.269884394e+00,7.994193866e-01,-5.516777591e-01,-2.373502779e-01,4.312066241e-01,8.023597596e-01,-4.127139754e-01,4.180419860e-01,2.274521673e-01,8.793273621e-01,1.851021054e-02,2.414780895e-01,-2.410149872e-01,1.251337962e+01,1.256598326e+01,-2.419335038e-01,9.020256883e-03,1.773361357e+00,5.486219196e-01,5.610600553e-01,2.827758539e-02,2.588376540e-03
2.873460988e+01,3.815738427e+01,1.401698968e+01,1.373029445e+01,-9.201855976e+00,-3.322544739e+00,7.944513439e-01,-5.576654511e-01,-2.399925217e-01,4.360809324e-01,7.992193477e-01,-4.136911796e-01,4.224181649e-01,2.238606776e-01,8.781465049e-01,1.928368945e-02,2.404495112e-01,-2.414166783e-01,1.252670708e+01,1.257961288e+01,-2.412465672e-01,9.083135334e-03,1.797653979e+00,5.486219196e-01,5.610600553e-01,2.827758539e-02,2.588376540e-03
2.906677485e+01,3.793237019e+01,1.393527091e+01,1.365563279e+01,-9.311506934e+00,-3.374758857e+00,7.894341627e-01,-5.636185134e-01,-2.426021299e-01,4.409430366e-01,7.960403313e-01,-4.146711485e-01,4.267422654e-01,2.202343321e-01,8.769634561e-01,2.006869066e-02,2.393387842e-01,-2.418288630e-01,1.254003455e+01,1.259324250e+01,-2.405596305e-01,9.146013785e-03,1.821946600e+00,5.486219196e-01,5.610600553e-01,2.827758539e-02,2.588376540e-03
2.939715641e+01,3.770471508e+01,1.385232658e+01,1.357953851e+01,-9.420477121e+00,-3.426501332e+00,7.843686840e-01,-5.695366279e-01,-2.451780653e-01,4.457928801e-01,7.928225171e-01,-4.156537626e-01,4.310132618e-01,2.165743463e-01,8.757788710e-01,2.086394061e-02,2.381514384e-01,-2.422515148e-01,1.255336201e+01,1.260687212e+01,-2.398726938e-01,9.208892237e-03,1.846239221e+00,5.486219196e-01,5.610600553e-01,2.827758539e-02,2.588376540e-03
2.972572423e+01,3.747443681e+01,1.376817162e+01,1.350204428e+01,-9.528756680e+00,-3.477746747e+00,7.792557489e-01,-5.754194765e-01,-2.477192908e-01,4.506304067e-01,7.895657117e-01,-4.166389022e-01,4.352301280e-01,2.128819363e-01,8.745934047e-01,2.166816570e-02,2.368930037e-01,-2.426846072e-01,1.256668947e+01,1.262050174e+01,-2.391857571e-01,9.271770688e-03,1.870531843e+00,5.486219196e-01,5.610600553e-01,2.827758539e-02,2.588376540e-03
3.005244799e+01,3.724155329e+01,1.368282099e+01,1.342318277e+01,-9.636335751e+00,-3.528469685e+00,7.740961985e-01,-5.812667411e-01,-2.502247693e-01,4.554555600e-01,7.862697218e-01,-4.176264479e-01,4.393918382e-01,2.091583177e-01,8.734077124e-01,2.248009237e-02,2.355690101e-01,-2.431281137e-01,1.258001694e+01,1.263413136e+01,-2.384988205e-01,9.334649139e-03,1.894824464e+00,5.486219196e-01,5.610600553e-01,2.827758539e-02,2.588376540e-03
3.037729736e+01,3.700608240e+01,1.359628961e+01,1.334298664e+01,-9.743204473e+00,-3.578644731e+00,7.688908739e-01,-5.870781035e-01,-2.526934636e-01,4.602682835e-01,7.829343538e-01,-4.186162800e-01,4.434973663e-01,2.054047065e-01,8.722224492e-01,2.329844705e-02,2.341849876e-01,-2.435820079e-01,1.259334440e+01,1.264776098e+01,-2.378118838e-01,9.397527590e-03,1.919117085e+00,5.486219196e-01,5.610600553e-01,2.827758539e-02,2.588376540e-03
3.070024202e+01,3.676804202e+01,1.350859243e+01,1.326148855e+01,-9.849352988e+00,-3.628246467e+00,7.636406162e-01,-5.928532456e-01,-2.551243368e-01,4.650685209e-01,7.795594145e-01,-4.196082791e-01,4.475456865e-01,2.016223184e-01,8.710382704e-01,2.412195614e-02,2.327464659e-01,-2.440462631e-01,1.260667187e+01,1.266139060e+01,-2.371249471e-01,9.460406041e-03,1.943409707e+00,5.486219196e-01,5.610600553e-01,2.827758539e-02,2.588376540e-03
3.102125163e+01,3.652745004e+01,1.341974439e+01,1.317872119e+01,-9.954771435e+00,-3.677249476e+00,7.583462665e-01,-5.985918495e-01,-2.575163516e-01,4.698562159e-01,7.761447105e-01,-4.206023254e-01,4.515357728e-01,1.978123693e-01,8.698558310e-01,2.494934609e-02,2.312589752e-01,-2.445208531e-01,1.261999933e+01,1.267502022e+01,-2.364380104e-01,9.523284492e-03,1.967702328e+00,5.486219196e-01,5.610600553e-01,2.827758539e-02,2.588376540e-03
3.134029588e+01,3.628432436e+01,1.332976043e+01,1.309471720e+01,-1.005944996e+01,-3.725628343e+00,7.530086659e-01,-6.042935968e-01,-2.598684709e-01,4.746313120e-01,7.726900483e-01,-4.215982995e-01,4.554665993e-01,1.939760750e-01,8.686757862e-01,2.577934331e-02,2.297280454e-01,-2.450057512e-01,1.263332680e+01,1.268864984e+01,-2.357510738e-01,9.586162943e-03,1.991994949e+00,5.486219196e-01,5.610600553e-01,2.827758539e-02,2.588376540e-03
3.165734444e+01,3.603868286e+01,1.323865549e+01,1.300950927e+01,-1.016337869e+01,-3.773357651e+00,7.476286554e-01,-6.099581696e-01,-2.621796576e-01,4.793937529e-01,7.691952347e-01,-4.225960818e-01,4.593371400e-01,1.901146513e-01,8.674987913e-01,2.661067422e-02,2.281592064e-01,-2.455009310e-01,1.264665426e+01,1.270227946e+01,-2.350641371e-01,9.649041395e-03,2.016287571e+00,5.486219196e-01,5.610600553e-01,2.827758539e-02,2.588376540e-03
3.197236698e+01,3.579054343e+01,1.314644450e+01,1.292313005e+01,-1.026654778e+01,-3.820411983e+00,7.422070762e-01,-6.155852496e-01,-2.644488746e-01,4.841434822e-01,7.656600761e-01,-4.235955527e-01,4.631463690e-01,1.862293141e-01,8.663255013e-01,2.744206526e-02,2.265579880e-01,-2.460063659e-01,1.265998173e+01,1.271590908e+01,-2.343772004e-01,9.711919846e-03,2.040580192e+00,5.486219196e-01,5.610600553e-01,2.827758539e-02,2.588376540e-03
3.228533317e+01,3.553992397e+01,1.305314241e+01,1.283561222e+01,-1.036894736e+01,-3.866765922e+00,7.367447693e-01,-6.211745189e-01,-2.666750847e-01,4.888804435e-01,7.620843793e-01,-4.245965927e-01,4.668932604e-01,1.823212792e-01,8.651565714e-01,2.827224283e-02,2.249299204e-01,-2.465220296e-01,1.267330919e+01,1.272953869e+01,-2.336902637e-01,9.774798297e-03,2.064872813e+00,5.486219196e-01,5.610600553e-01,2.827758539e-02,2.588376540e-03
3.259621268e+01,3.528684235e+01,1.295876416e+01,1.274698843e+01,-1.047056758e+01,-3.912394052e+00,7.312425759e-01,-6.267256593e-01,-2.688572510e-01,4.936045805e-01,7.584679508e-01,-4.255990822e-01,4.705767882e-01,1.783917623e-01,8.639926569e-01,2.909993338e-02,2.232805334e-01,-2.470478954e-01,1.268663666e+01,1.274316831e+01,-2.330033271e-01,9.837676748e-03,2.089165435e+00,5.486219196e-01,5.610600553e-01,2.827758539e-02,2.588376540e-03
3.290497520e+01,3.503131646e+01,1.286332469e+01,1.265729136e+01,-1.057139858e+01,-3.957270956e+00,7.257013370e-01,-6.322383526e-01,-2.709943361e-01,4.983158368e-01,7.548105972e-01,-4.266029016e-01,4.741959265e-01,1.744419794e-01,8.628344128e-01,2.992386331e-02,2.216153570e-01,-2.475839370e-01,1.269996412e+01,1.275679793e+01,-2.323163904e-01,9.900555199e-03,2.113458056e+00,5.486219196e-01,5.610600553e-01,2.827758539e-02,2.588376540e-03
3.321159040e+01,3.477336420e+01,1.276683893e+01,1.256655368e+01,-1.067143049e+01,-4.001371219e+00,7.201218937e-01,-6.377122809e-01,-2.730853031e-01,5.030141559e-01,7.511121253e-01,-4.276079314e-01,4.777496493e-01,1.704731462e-01,8.616824944e-01,3.074275906e-02,2.199399211e-01,-2.481301278e-01,1.271329158e+01,1.277042755e+01,-2.316294537e-01,9.963433650e-03,2.137750677e+00,5.486219196e-01,5.610600553e-01,2.827758539e-02,2.588376540e-03
3.351602794e+01,3.451300346e+01,1.266932183e+01,1.247480804e+01,-1.077065345e+01,-4.044669422e+00,7.145050871e-01,-6.431471258e-01,-2.751291147e-01,5.076994816e-01,7.473723415e-01,-4.286140520e-01,4.812369308e-01,1.664864786e-01,8.605375568e-01,3.155534705e-02,2.182597557e-01,-2.486864413e-01,1.272661905e+01,1.278405717e+01,-2.309425171e-01,1.002631210e-02,2.162043299e+00,5.486219196e-01,5.610600553e-01,2.827758539e-02,2.588376540e-03
3.381825750e+01,3.425025211e+01,1.257078832e+01,1.238208712e+01,-1.086905762e+01,-4.087140150e+00,7.088517583e-01,-6.485425695e-01,-2.771247339e-01,5.123717575e-01,7.435910525e-01,-4.296211438e-01,4.846567450e-01,1.624831924e-01,8.594002551e-01,3.236035371e-02,2.165803906e-01,-2.492528511e-01,1.273994651e+01,1.279768679e+01,-2.302555804e-01,1.008919055e-02,2.186335920e+00,5.486219196e-01,5.610600553e-01,2.827758539e-02,2.588376540e-03
3.411824876e+01,3.398512806e+01,1.247125335e+01,1.228842359e+01,-1.096663312e+01,-4.128757986e+00,7.031627484e-01,-6.538982937e-01,-2.790711236e-01,5.170309271e-01,7.397680649e-01,-4.306290874e-01,4.880080659e-01,1.584645035e-01,8.582712446e-01,3.315650545e-02,2.149073559e-01,-2.498293307e-01,1.275327398e+01,1.281131641e+01,-2.295686437e-01,1.015206900e-02,2.210628541e+00,5.486219196e-01,5.610600553e-01,2.827758539e-02,2.588376540e-03
3.441597139e+01,3.371764918e+01,1.237073186e+01,1.219385010e+01,-1.106337010e+01,-4.169497514e+00,6.974388985e-01,-6.592139803e-01,-2.809672467e-01,5.216769341e-01,7.359031854e-01,-4.316377630e-01,4.912898676e-01,1.544316276e-01,8.571511804e-01,3.394252869e-02,2.132461816e-01,-2.504158535e-01,1.276660144e+01,1.282494603e+01,-2.288817070e-01,1.021494745e-02,2.234921163e+00,5.486219196e-01,5.610600553e-01,2.827758539e-02,2.588376540e-03
3.471139506e+01,3.344783338e+01,1.226923878e+01,1.209839934e+01,-1.115925870e+01,-4.209333317e+00,6.916810496e-01,-6.644893112e-01,-2.828120659e-01,5.263097222e-01,7.319962205e-01,-4.326470511e-01,4.945011242e-01,1.503857805e-01,8.560407176e-01,3.471714988e-02,2.116023974e-01,-2.510123931e-01,1.277992891e+01,1.283857565e+01,-2.281947704e-01,1.027782591e-02,2.259213784e+00,5.486219196e-01,5.610600553e-01,2.827758539e-02,2.588376540e-03
3.500448945e+01,3.317569852e+01,1.216678906e+01,1.200210395e+01,-1.125428905e+01,-4.248239977e+00,6.858900430e-01,-6.697239684e-01,-2.846045443e-01,5.309292348e-01,7.280469769e-01,-4.336568322e-01,4.976408098e-01,1.463281781e-01,8.549405114e-01,3.547909542e-02,2.099815334e-01,-2.516189230e-01,1.279325637e+01,1.285220527e+01,-2.275078337e-01,1.034070436e-02,2.283506405e+00,5.486219196e-01,5.610600553e-01,2.827758539e-02,2.588376540e-03
3.529522423e+01,3.290126252e+01,1.206339764e+01,1.190499662e+01,-1.134845131e+01,-4.286192080e+00,6.800667195e-01,-6.749176336e-01,-2.863436446e-01,5.355354158e-01,7.240552612e-01,-4.346669868e-01,5.007078983e-01,1.422600363e-01,8.538512171e-01,3.622709174e-02,2.083891196e-01,-2.522354168e-01,1.280658384e+01,1.286583489e+01,-2.268208970e-01,1.040358281e-02,2.307799027e+00,5.486219196e-01,5.610600553e-01,2.827758539e-02,2.588376540e-03
3.558356907e+01,3.262454324e+01,1.195907945e+01,1.180711000e+01,-1.144173560e+01,-4.323164208e+00,6.742119204e-01,-6.800699888e-01,-2.880283299e-01,5.401282087e-01,7.200208799e-01,-4.356773952e-01,5.037013639e-01,1.381825708e-01,8.527734897e-01,3.695986527e-02,2.068306858e-01,-2.528618478e-01,1.281991130e+01,1.287946451e+01,-2.261339603e-01,1.046646126e-02,2.332091648e+00,5.486219196e-01,5.610600553e-01,2.827758539e-02,2.588376540e-03
3.586949365e+01,3.234555859e+01,1.185384943e+01,1.170847677e+01,-1.153413208e+01,-4.359130944e+00,6.683264868e-01,-6.851807160e-01,-2.896575628e-01,5.447075571e-01,7.159436398e-01,-4.366879378e-01,5.066201807e-01,1.340969975e-01,8.517079845e-01,3.767614243e-02,2.053117620e-01,-2.534981897e-01,1.283323877e+01,1.289309413e+01,-2.254470237e-01,1.052933971e-02,2.356384269e+00,5.486219196e-01,5.610600553e-01,2.827758539e-02,2.588376540e-03
3.615296764e+01,3.206432645e+01,1.174772253e+01,1.160912959e+01,-1.162563087e+01,-4.394066872e+00,6.624112596e-01,-6.902494969e-01,-2.912303064e-01,5.492734046e-01,7.118233474e-01,-4.376984952e-01,5.094633226e-01,1.300045322e-01,8.506553565e-01,3.837464965e-02,2.038378782e-01,-2.541444159e-01,1.284656623e+01,1.290672375e+01,-2.247600870e-01,1.059221816e-02,2.380676891e+00,5.486219196e-01,5.610600553e-01,2.827758539e-02,2.588376540e-03
3.643396072e+01,3.178086471e+01,1.164071368e+01,1.150910113e+01,-1.171622213e+01,-4.427946576e+00,6.564670801e-01,-6.952760134e-01,-2.927455235e-01,5.538256949e-01,7.076598093e-01,-4.387089477e-01,5.122297638e-01,1.259063907e-01,8.496162610e-01,3.905411334e-02,2.024145642e-01,-2.548004999e-01,1.285989369e+01,1.292035337e+01,-2.240731503e-01,1.065509661e-02,2.404969512e+00,5.486219196e-01,5.610600553e-01,2.827758539e-02,2.588376540e-03
3.671244255e+01,3.149519125e+01,1.153283783e+01,1.140842405e+01,-1.180589599e+01,-4.460744638e+00,6.504947893e-01,-7.002599475e-01,-2.942021770e-01,5.583643716e-01,7.034528322e-01,-4.397191758e-01,5.149184783e-01,1.218037889e-01,8.485913532e-01,3.971325993e-02,2.010473501e-01,-2.554664154e-01,1.287322116e+01,1.293398299e+01,-2.233862136e-01,1.071797506e-02,2.429262133e+00,5.486219196e-01,5.610600553e-01,2.827758539e-02,2.588376540e-03
3.698851346e+01,3.120737532e+01,1.142408176e+01,1.130733582e+01,-1.189467441e+01,-4.492120083e+00,6.444914951e-01,-7.052109650e-01,-2.955972880e-01,5.628916921e-01,6.991958967e-01,-4.407356363e-01,5.175375188e-01,1.177041582e-01,8.475790437e-01,4.040052041e-02,2.000787099e-01,-2.561238952e-01,1.288621812e+01,1.294710222e+01,-2.228145146e-01,1.078618225e-02,2.453554755e+00,4.805965491e-01,4.560096985e-01,4.558928701e-03,3.685157355e-03
3.726254547e+01,3.091757874e+01,1.131446164e+01,1.120623488e+01,-1.198272246e+01,-4.521541915e+00,6.384316654e-01,-7.101576399e-01,-2.969563569e-01,5.674123374e-01,6.948739968e-01,-4.417722272e-01,5.201327320e-01,1.135994922e-01,8.465653409e-01,4.128665582e-02,2.004714002e-01,-2.566964960e-01,1.289789307e+01,1.295817989e+01,-2.227037663e-01,1.087570438e-02,2.477847376e+00,4.805965491e-01,4.560096985e-01,4.558928701e-03,3.685157355e-03
3.753400395e+01,3.062561119e+01,1.120415683e+01,1.110415429e+01,-1.206995956e+01,-4.550561868e+00,6.323208487e-01,-7.150589939e-01,-2.983082357e-01,5.719153193e-01,6.905151627e-01,-4.427987673e-01,5.226802724e-01,1.094474357e-01,8.455543128e-01,4.218743109e-02,2.008433966e-01,-2.572433795e-01,1.290956802e+01,1.296925756e+01,-2.225930180e-01,1.096522652e-02,2.502139997e+00,4.805965491e-01,4.560096985e-01,4.558928701e-03,3.685157355e-03
3.780287398e+01,3.033149591e+01,1.109317499e+01,1.100110662e+01,-1.215638071e+01,-4.579182939e+00,6.261597373e-01,-7.199146838e-01,-2.996526318e-01,5.764002972e-01,6.861193959e-01,-4.438152070e-01,5.251796636e-01,1.052490284e-01,8.445462201e-01,4.310235828e-02,2.011947190e-01,-2.577654600e-01,1.292124297e+01,1.298033523e+01,-2.224822696e-01,1.105474865e-02,2.526432619e+00,4.805965491e-01,4.560096985e-01,4.558928701e-03,3.685157355e-03
3.806914063e+01,3.003525611e+01,1.098152375e+01,1.089710445e+01,-1.224198093e+01,-4.607408123e+00,6.199490234e-01,-7.247243663e-01,-3.009892528e-01,5.808669307e-01,6.816866981e-01,-4.448214969e-01,5.276304293e-01,1.010053106e-01,8.435413239e-01,4.403094947e-02,2.015253874e-01,-2.582636516e-01,1.293291792e+01,1.299141290e+01,-2.223715213e-01,1.114427078e-02,2.550725240e+00,4.805965491e-01,4.560096985e-01,4.558928701e-03,3.685157355e-03
3.833278899e+01,2.973691501e+01,1.086921077e+01,1.079216037e+01,-1.232675522e+01,-4.635240419e+00,6.136893991e-01,-7.294876984e-01,-3.023178062e-01,5.853148794e-01,6.772170708e-01,-4.458175874e-01,5.300320934e-01,9.671732208e-02,8.425398851e-01,4.497271675e-02,2.018354214e-01,-2.587388686e-01,1.294459287e+01,1.300249057e+01,-2.222607730e-01,1.123379291e-02,2.575017861e+00,4.805965491e-01,4.560096985e-01,4.558928701e-03,3.685157355e-03
3.859380411e+01,2.943649583e+01,1.075624370e+01,1.068628695e+01,-1.241069859e+01,-4.662682825e+00,6.073815567e-01,-7.342043368e-01,-3.036379994e-01,5.897438028e-01,6.727105155e-01,-4.468034289e-01,5.323841796e-01,9.238610295e-02,8.415421646e-01,4.592717218e-02,2.021248410e-01,-2.591920250e-01,1.295626782e+01,1.301356824e+01,-2.221500247e-01,1.132331504e-02,2.599310483e+00,4.805965491e-01,4.560096985e-01,4.558928701e-03,3.685157355e-03
3.885217109e+01,2.913402180e+01,1.064263018e+01,1.057949677e+01,-1.249380607e+01,-4.689738336e+00,6.010261883e-01,-7.388739383e-01,-3.049495400e-01,5.941533604e-01,6.681670339e-01,-4.477789720e-01,5.346862117e-01,8.801269318e-02,8.405484234e-01,4.689382784e-02,2.023936661e-01,-2.596240351e-01,1.296794277e+01,1.302464591e+01,-2.220392763e-01,1.141283718e-02,2.623603104e+00,4.805965491e-01,4.560096985e-01,4.558928701e-03,3.685157355e-03
3.910787499e+01,2.882951612e+01,1.052837787e+01,1.047180241e+01,-1.257607265e+01,-4.716409951e+00,5.946239862e-01,-7.434961598e-01,-3.062521354e-01,5.985432118e-01,6.635866274e-01,-4.487441670e-01,5.369377134e-01,8.359813279e-02,8.395589224e-01,4.787219581e-02,2.026419163e-01,-2.600358132e-01,1.297961772e+01,1.303572358e+01,-2.219285280e-01,1.150235931e-02,2.647895725e+00,4.805965491e-01,4.560096985e-01,4.558928701e-03,3.685157355e-03
3.936090090e+01,2.852300202e+01,1.041349441e+01,1.036321646e+01,-1.265749334e+01,-4.742700666e+00,5.881756426e-01,-7.480706582e-01,-3.075454931e-01,6.029130165e-01,6.589692977e-01,-4.496989644e-01,5.391382086e-01,7.914346176e-02,8.385739225e-01,4.886178816e-02,2.028696117e-01,-2.604282733e-01,1.299129267e+01,1.304680125e+01,-2.218177797e-01,1.159188144e-02,2.672188347e+00,4.805965491e-01,4.560096985e-01,4.558928701e-03,3.685157355e-03
3.961123389e+01,2.821450273e+01,1.029798744e+01,1.025375149e+01,-1.273806317e+01,-4.768613479e+00,5.816818496e-01,-7.525970901e-01,-3.088293207e-01,6.072624341e-01,6.543150463e-01,-4.506433147e-01,5.412872209e-01,7.464972011e-02,8.375936846e-01,4.986211697e-02,2.030767721e-01,-2.608023296e-01,1.300296762e+01,1.305787893e+01,-2.217070313e-01,1.168140357e-02,2.696480968e+00,4.805965491e-01,4.560096985e-01,4.558928701e-03,3.685157355e-03
3.985885904e+01,2.790404145e+01,1.018186463e+01,1.014342009e+01,-1.281777713e+01,-4.794151387e+00,5.751432995e-01,-7.570751125e-01,-3.101033257e-01,6.115911241e-01,6.496238748e-01,-4.515771683e-01,5.433842741e-01,7.011794783e-02,8.366184698e-01,5.087269432e-02,2.032634172e-01,-2.611588964e-01,1.301464257e+01,1.306895660e+01,-2.215962830e-01,1.177092571e-02,2.720773589e+00,4.805965491e-01,4.560096985e-01,4.558928701e-03,3.685157355e-03
4.010376142e+01,2.759164142e+01,1.006513360e+01,1.003223483e+01,-1.289663025e+01,-4.819317388e+00,5.685606844e-01,-7.615043822e-01,-3.113672154e-01,6.158987460e-01,6.448957847e-01,-4.525004757e-01,5.454288920e-01,6.554918493e-02,8.356485390e-01,5.189303228e-02,2.034295669e-01,-2.614988879e-01,1.302631752e+01,1.308003427e+01,-2.214855347e-01,1.186044784e-02,2.745066211e+00,4.805965491e-01,4.560096985e-01,4.558928701e-03,3.685157355e-03
4.034592611e+01,2.727732585e+01,9.947802028e+00,9.920208291e+00,-1.297461752e+01,-4.844114478e+00,5.619346966e-01,-7.658845560e-01,-3.126206975e-01,6.201849594e-01,6.401307776e-01,-4.534131874e-01,5.474205984e-01,6.094447141e-02,8.346841530e-01,5.292264293e-02,2.035752411e-01,-2.618232181e-01,1.303799247e+01,1.309111194e+01,-2.213747864e-01,1.194996997e-02,2.769358832e+00,4.805965491e-01,4.560096985e-01,4.558928701e-03,3.685157355e-03
4.058533819e+01,2.696111796e+01,9.829877544e+00,9.807353058e+00,-1.305173396e+01,-4.868545655e+00,5.552660282e-01,-7.702152906e-01,-3.138634794e-01,6.244494239e-01,6.353288550e-01,-4.543152537e-01,5.493589170e-01,5.630484728e-02,8.337255728e-01,5.396103834e-02,2.037004596e-01,-2.621328014e-01,1.304966742e+01,1.310218961e+01,-2.212640380e-01,1.203949210e-02,2.793651453e+00,4.805965491e-01,4.560096985e-01,4.558928701e-03,3.685157355e-03
4.082198273e+01,2.664304097e+01,9.711367801e+00,9.693681710e+00,-1.312797459e+01,-4.892613915e+00,5.485553714e-01,-7.744962430e-01,-3.150952686e-01,6.286917989e-01,6.304900186e-01,-4.552066252e-01,5.512433715e-01,5.163135253e-02,8.327730593e-01,5.500773059e-02,2.038052423e-01,-2.624285519e-01,1.306134237e+01,1.311326728e+01,-2.211532897e-01,1.212901423e-02,2.817944075e+00,4.805965491e-01,4.560096985e-01,4.558928701e-03,3.685157355e-03
4.105584480e+01,2.632311811e+01,9.592280447e+00,9.579206827e+00,-1.320333441e+01,-4.916322257e+00,5.418034186e-01,-7.787270700e-01,-3.163157726e-01,6.329117440e-01,6.256142698e-01,-4.560872523e-01,5.530734859e-01,4.692502716e-02,8.318268736e-01,5.606223175e-02,2.038896090e-01,-2.627113838e-01,1.307301732e+01,1.312434495e+01,-2.210425414e-01,1.221853637e-02,2.842236696e+00,4.805965491e-01,4.560096985e-01,4.558928701e-03,3.685157355e-03
4.128690949e+01,2.600137258e+01,9.472623131e+00,9.463940987e+00,-1.327780842e+01,-4.939673678e+00,5.350108617e-01,-7.829074283e-01,-3.175246989e-01,6.371089188e-01,6.207016103e-01,-4.569570855e-01,5.548487837e-01,4.218691118e-02,8.308872765e-01,5.712405391e-02,2.039535795e-01,-2.629822113e-01,1.308469227e+01,1.313542262e+01,-2.209317930e-01,1.230805850e-02,2.866529317e+00,4.805965491e-01,4.560096985e-01,4.558928701e-03,3.685157355e-03
4.151516188e+01,2.567782762e+01,9.352403500e+00,9.347896773e+00,-1.335139165e+01,-4.962671174e+00,5.281783931e-01,-7.870369749e-01,-3.187217551e-01,6.412829828e-01,6.157520416e-01,-4.578160752e-01,5.565687888e-01,3.741804460e-02,8.299545289e-01,5.819270913e-02,2.039971738e-01,-2.632419485e-01,1.309636722e+01,1.314650029e+01,-2.208210447e-01,1.239758063e-02,2.890821939e+00,4.805965491e-01,4.560096985e-01,4.558928701e-03,3.685157355e-03
4.174058703e+01,2.535250644e+01,9.231629203e+00,9.231086763e+00,-1.342407911e+01,-4.985317743e+00,5.213067050e-01,-7.911153664e-01,-3.199066485e-01,6.454335955e-01,6.107655652e-01,-4.586641719e-01,5.582330249e-01,3.261946741e-02,8.290288918e-01,5.926770950e-02,2.040204115e-01,-2.634915097e-01,1.310804217e+01,1.315757796e+01,-2.207102964e-01,1.248710276e-02,2.915114560e+00,4.805965491e-01,4.560096985e-01,4.558928701e-03,3.685157355e-03
4.196317002e+01,2.502543226e+01,9.110307888e+00,9.113523539e+00,-1.349586579e+01,-5.007616382e+00,5.143964895e-01,-7.951422598e-01,-3.210790867e-01,6.495604165e-01,6.057421827e-01,-4.595013260e-01,5.598410159e-01,2.779221961e-02,8.281106261e-01,6.034856708e-02,2.040233127e-01,-2.637318090e-01,1.311971712e+01,1.316865563e+01,-2.205995481e-01,1.257662490e-02,2.939407181e+00,4.805965491e-01,4.560096985e-01,4.558928701e-03,3.685157355e-03
4.218289593e+01,2.469662830e+01,8.988447204e+00,8.995219680e+00,-1.356674673e+01,-5.029570088e+00,5.074484388e-01,-7.991173119e-01,-3.222387772e-01,6.536631054e-01,6.006818958e-01,-4.603274880e-01,5.613922854e-01,2.293734121e-02,8.271999929e-01,6.143479396e-02,2.040058970e-01,-2.639637607e-01,1.313139207e+01,1.317973331e+01,-2.204887997e-01,1.266614703e-02,2.963699803e+00,4.805965491e-01,4.560096985e-01,4.558928701e-03,3.685157355e-03
4.239974984e+01,2.436611779e+01,8.866054799e+00,8.876187765e+00,-1.363671691e+01,-5.051181859e+00,5.004632452e-01,-8.030401794e-01,-3.233854275e-01,6.577413216e-01,5.955847058e-01,-4.611426084e-01,5.628863572e-01,1.805587222e-02,8.262972529e-01,6.252590222e-02,2.039681844e-01,-2.641882788e-01,1.314306702e+01,1.319081098e+01,-2.203780514e-01,1.275566916e-02,2.987992424e+00,4.805965491e-01,4.560096985e-01,4.558928701e-03,3.685157355e-03
4.261371683e+01,2.403392394e+01,8.743138321e+00,8.756440377e+00,-1.370577136e+01,-5.072454692e+00,4.934416008e-01,-8.069105192e-01,-3.245187451e-01,6.617947247e-01,5.904506145e-01,-4.619466376e-01,5.643227551e-01,1.314885262e-02,8.254026671e-01,6.362140392e-02,2.039101948e-01,-2.644062777e-01,1.315474197e+01,1.320188865e+01,-2.202673031e-01,1.284519129e-02,3.012285045e+00,4.805965491e-01,4.560096985e-01,4.558928701e-03,3.685157355e-03
4.282478196e+01,2.370006997e+01,8.619705418e+00,8.635990094e+00,-1.377390509e+01,-5.093391584e+00,4.863841979e-01,-8.107279882e-01,-3.256384374e-01,6.658229743e-01,5.852796234e-01,-4.627395260e-01,5.657010028e-01,8.217322429e-03,8.245164965e-01,6.472081114e-02,2.038319479e-01,-2.646186715e-01,1.316641692e+01,1.321296632e+01,-2.201565547e-01,1.293471342e-02,3.036577667e+00,4.805965491e-01,4.560096985e-01,4.558928701e-03,3.685157355e-03
4.303293031e+01,2.336457910e+01,8.495763740e+00,8.514849496e+00,-1.384111310e+01,-5.113995533e+00,4.792917285e-01,-8.144922431e-01,-3.267442120e-01,6.698257299e-01,5.800717339e-01,-4.635212242e-01,5.670206242e-01,3.262321644e-03,8.236390021e-01,6.582363596e-02,2.037334636e-01,-2.648263744e-01,1.317809187e+01,1.322404399e+01,-2.200458064e-01,1.302423556e-02,3.060870288e+00,4.805965491e-01,4.560096985e-01,4.558928701e-03,3.685157355e-03
4.323814697e+01,2.302747456e+01,8.371320933e+00,8.393031165e+00,-1.390739042e+01,-5.134269534e+00,4.721648851e-01,-8.182029408e-01,-3.278357764e-01,6.738026510e-01,5.748269478e-01,-4.642916825e-01,5.682811430e-01,-1.715109731e-03,8.227704446e-01,6.692939046e-02,2.036147617e-01,-2.650303006e-01,1.318976682e+01,1.323512166e+01,-2.199350581e-01,1.311375769e-02,3.085162909e+00,4.805965491e-01,4.560096985e-01,4.558928701e-03,3.685157355e-03
4.344041701e+01,2.268877956e+01,8.246384647e+00,8.270547679e+00,-1.397273203e+01,-5.154216587e+00,4.650043596e-01,-8.218597381e-01,-3.289128380e-01,6.777533972e-01,5.695452665e-01,-4.650508515e-01,5.694820829e-01,-6.713931696e-03,8.219110852e-01,6.803758671e-02,2.034758621e-01,-2.652313642e-01,1.320144177e+01,1.324619933e+01,-2.198243098e-01,1.320327982e-02,3.109455531e+00,4.805965491e-01,4.560096985e-01,4.558928701e-03,3.685157355e-03
4.363972550e+01,2.234851732e+01,8.120962529e+00,8.147411620e+00,-1.403713297e+01,-5.173839687e+00,4.578108444e-01,-8.254622919e-01,-3.299751044e-01,6.816776280e-01,5.642266916e-01,-4.657986815e-01,5.706229677e-01,-1.173310425e-02,8.210611847e-01,6.914773679e-02,2.033167846e-01,-2.654304795e-01,1.321311672e+01,1.325727700e+01,-2.197135614e-01,1.329280195e-02,3.133748152e+00,4.805965491e-01,4.560096985e-01,4.558928701e-03,3.685157355e-03
4.383605752e+01,2.200671106e+01,7.995062229e+00,8.023635566e+00,-1.410058823e+01,-5.193141833e+00,4.505850316e-01,-8.290102588e-01,-3.310222831e-01,6.855750030e-01,5.588712247e-01,-4.665351231e-01,5.717033212e-01,-1.677158738e-02,8.202210040e-01,7.025935277e-02,2.031375491e-01,-2.656285606e-01,1.322479167e+01,1.326835467e+01,-2.196028131e-01,1.338232408e-02,3.158040773e+00,4.805965491e-01,4.560096985e-01,4.558928701e-03,3.685157355e-03
4.402939815e+01,2.166338401e+01,7.868691394e+00,7.899232100e+00,-1.416309284e+01,-5.212126021e+00,4.433276135e-01,-8.325032958e-01,-3.320540815e-01,6.894451817e-01,5.534788674e-01,-4.672601267e-01,5.727226671e-01,-2.182834110e-02,8.193908041e-01,7.137194673e-02,2.029381754e-01,-2.658265217e-01,1.323646662e+01,1.327943234e+01,-2.194920648e-01,1.347184622e-02,3.182333395e+00,4.805965491e-01,4.560096985e-01,4.558928701e-03,3.685157355e-03
4.421973246e+01,2.131855938e+01,7.741857672e+00,7.774213800e+00,-1.422464179e+01,-5.230795249e+00,4.360392821e-01,-8.359410597e-01,-3.330702071e-01,6.932878236e-01,5.480496211e-01,-4.679736428e-01,5.736805292e-01,-2.690232540e-02,8.185708459e-01,7.248503074e-02,2.027186834e-01,-2.660252771e-01,1.324814157e+01,1.329051002e+01,-2.193813164e-01,1.356136835e-02,3.206626016e+00,4.805965491e-01,4.560096985e-01,4.558928701e-03,3.685157355e-03
4.440704553e+01,2.097226040e+01,7.614568712e+00,7.648593246e+00,-1.428523011e+01,-5.249152514e+00,4.287207298e-01,-8.393232073e-01,-3.340703675e-01,6.971025884e-01,5.425834875e-01,-4.686756217e-01,5.745764312e-01,-3.199250027e-02,8.177613904e-01,7.359811689e-02,2.024790929e-01,-2.662257409e-01,1.325981652e+01,1.330158769e+01,-2.192705681e-01,1.365089048e-02,3.230918637e+00,4.805965491e-01,4.560096985e-01,4.558928701e-03,3.685157355e-03
4.459132243e+01,2.062451028e+01,7.486832163e+00,7.522383020e+00,-1.434485279e+01,-5.267200812e+00,4.213726487e-01,-8.426493954e-01,-3.350542701e-01,7.008891354e-01,5.370804681e-01,-4.693660140e-01,5.754098970e-01,-3.709782573e-02,8.169626985e-01,7.471071724e-02,2.022194237e-01,-2.664288272e-01,1.327149147e+01,1.331266536e+01,-2.191598198e-01,1.374041261e-02,3.255211259e+00,4.805965491e-01,4.560096985e-01,4.558928701e-03,3.685157355e-03
4.477254825e+01,2.027533224e+01,7.358655672e+00,7.395595700e+00,-1.440350486e+01,-5.284943143e+00,4.139957311e-01,-8.459192809e-01,-3.360216225e-01,7.046471244e-01,5.315405645e-01,-4.700447702e-01,5.761804503e-01,-4.221726175e-02,8.161750311e-01,7.582234388e-02,2.019396957e-01,-2.666354504e-01,1.328316642e+01,1.332374303e+01,-2.190490715e-01,1.382993475e-02,3.279503880e+00,4.805965491e-01,4.560096985e-01,4.558928701e-03,3.685157355e-03
4.495070806e+01,1.992474950e+01,7.230046887e+00,7.268243867e+00,-1.446118132e+01,-5.302382501e+00,4.065906691e-01,-8.491325205e-01,-3.369721320e-01,7.083762148e-01,5.259637782e-01,-4.707118407e-01,5.768876148e-01,-4.734976835e-02,8.153986492e-01,7.693250888e-02,2.016399288e-01,-2.668465245e-01,1.329484137e+01,1.333482070e+01,-2.189383231e-01,1.391945688e-02,3.303796501e+00,4.805965491e-01,4.560096985e-01,4.558928701e-03,3.685157355e-03
4.512578693e+01,1.957278529e+01,7.101013458e+00,7.140340102e+00,-1.451787718e+01,-5.319521886e+00,3.991581548e-01,-8.522887712e-01,-3.379055063e-01,7.120760661e-01,5.203501108e-01,-4.713671758e-01,5.775309143e-01,-5.249430551e-02,8.146338137e-01,7.804072431e-02,2.013201427e-01,-2.670629638e-01,1.330651632e+01,1.334589837e+01,-2.188275748e-01,1.400897901e-02,3.328089123e+00,4.805965491e-01,4.560096985e-01,4.558928701e-03,3.685157355e-03
4.529776994e+01,1.921946282e+01,6.971563032e+00,7.011896985e+00,-1.457358745e+01,-5.336364294e+00,3.916988807e-01,-8.553876896e-01,-3.388214529e-01,7.157463380e-01,5.146995639e-01,-4.720107262e-01,5.781098726e-01,-5.764983324e-02,8.138807855e-01,7.914650225e-02,2.009803574e-01,-2.672856824e-01,1.331819127e+01,1.335697604e+01,-2.187168265e-01,1.409850114e-02,3.352381744e+00,4.805965491e-01,4.560096985e-01,4.558928701e-03,3.685157355e-03
4.546664217e+01,1.886480532e+01,6.841703258e+00,6.882927094e+00,-1.462830715e+01,-5.352912721e+00,3.842135387e-01,-8.584289327e-01,-3.397196791e-01,7.193866898e-01,5.090121390e-01,-4.726424422e-01,5.786240134e-01,-6.281531154e-02,8.131398256e-01,8.024935478e-02,2.006205926e-01,-2.675155946e-01,1.332986622e+01,1.336805371e+01,-2.186060781e-01,1.418802327e-02,3.376674365e+00,4.805965491e-01,4.560096985e-01,4.558928701e-03,3.685157355e-03
4.563238869e+01,1.850883600e+01,6.711441784e+00,6.753443012e+00,-1.468203128e+01,-5.369170167e+00,3.767028211e-01,-8.614121572e-01,-3.405998925e-01,7.229967813e-01,5.032878378e-01,-4.732622744e-01,5.790728606e-01,-6.798970040e-02,8.124111949e-01,8.134879398e-02,2.002408682e-01,-2.677536145e-01,1.334154117e+01,1.337913138e+01,-2.184953298e-01,1.427754541e-02,3.400966987e+00,4.805965491e-01,4.560096985e-01,4.558928701e-03,3.685157355e-03
4.579499458e+01,1.815157808e+01,6.580786258e+00,6.623457317e+00,-1.473475486e+01,-5.385139627e+00,3.691674202e-01,-8.643370200e-01,-3.414618007e-01,7.265762719e-01,4.975266616e-01,-4.738701731e-01,5.794559378e-01,-7.317195982e-02,8.116951544e-01,8.244433191e-02,1.998412040e-01,-2.680006563e-01,1.335321612e+01,1.339020905e+01,-2.183845815e-01,1.436706754e-02,3.425259608e+00,4.805965491e-01,4.560096985e-01,4.558928701e-03,3.685157355e-03
4.595444492e+01,1.779305479e+01,6.449744329e+00,6.492982591e+00,-1.478647289e+01,-5.400824099e+00,3.616080281e-01,-8.672031779e-01,-3.423051110e-01,7.301248212e-01,4.917286122e-01,-4.744660888e-01,5.797727688e-01,-7.836104979e-02,8.109919649e-01,8.353548066e-02,1.994216200e-01,-2.682576342e-01,1.336489107e+01,1.340128672e+01,-2.182738332e-01,1.445658967e-02,3.449552229e+00,4.805965491e-01,4.560096985e-01,4.558928701e-03,3.685157355e-03
4.611072478e+01,1.743328934e+01,6.318323645e+00,6.362031412e+00,-1.483718039e+01,-5.416226580e+00,3.540253369e-01,-8.700102878e-01,-3.431295310e-01,7.336420887e-01,4.858936910e-01,-4.750499720e-01,5.800228774e-01,-8.355593032e-02,8.103018875e-01,8.462175230e-02,1.989821359e-01,-2.685254624e-01,1.337656602e+01,1.341236440e+01,-2.181630848e-01,1.454611180e-02,3.473844850e+00,4.805965491e-01,4.560096985e-01,4.558928701e-03,3.685157355e-03
4.626381924e+01,1.707230496e+01,6.186531853e+00,6.230616362e+00,-1.488687236e+01,-5.431350068e+00,3.464200390e-01,-8.727580063e-01,-3.439347683e-01,7.371277340e-01,4.800218997e-01,-4.756217731e-01,5.802057874e-01,-8.875556141e-02,8.096251830e-01,8.570265890e-02,1.985227716e-01,-2.688050550e-01,1.338824097e+01,1.342344207e+01,-2.180523365e-01,1.463563394e-02,3.498137472e+00,4.805965491e-01,4.560096985e-01,4.558928701e-03,3.685157355e-03
4.641371338e+01,1.671012486e+01,6.054376604e+00,6.098750020e+00,-1.493554382e+01,-5.446197559e+00,3.387928265e-01,-8.754459905e-01,-3.447205302e-01,7.405814166e-01,4.741132398e-01,-4.761814426e-01,5.803210225e-01,-9.395890305e-02,8.089621124e-01,8.677771255e-02,1.980435469e-01,-2.690973264e-01,1.339991592e+01,1.343451974e+01,-2.179415882e-01,1.472515607e-02,3.522430093e+00,4.805965491e-01,4.560096985e-01,4.558928701e-03,3.685157355e-03
4.656039226e+01,1.634677227e+01,5.921865544e+00,5.966444967e+00,-1.498318978e+01,-5.460772052e+00,3.311443917e-01,-8.780738970e-01,-3.454865243e-01,7.440027960e-01,4.681677128e-01,-4.767289310e-01,5.803681065e-01,-9.916491523e-02,8.083129366e-01,8.784642532e-02,1.975444817e-01,-2.694031906e-01,1.341159087e+01,1.344559741e+01,-2.178308398e-01,1.481467820e-02,3.546722714e+00,4.805965491e-01,4.560096985e-01,4.558928701e-03,3.685157355e-03
4.670384098e+01,1.598227040e+01,5.789006322e+00,5.833713782e+00,-1.502980524e+01,-5.475076542e+00,3.234754266e-01,-8.806413828e-01,-3.462324580e-01,7.473915318e-01,4.621853203e-01,-4.772641887e-01,5.803465631e-01,-1.043725580e-01,8.076779166e-01,8.890830929e-02,1.970255958e-01,-2.697235618e-01,1.342326582e+01,1.345667508e+01,-2.177200915e-01,1.490420033e-02,3.571015336e+00,4.805965491e-01,4.560096985e-01,4.558928701e-03,3.685157355e-03
4.684404460e+01,1.561664247e+01,5.655806587e+00,5.700569047e+00,-1.507538523e+01,-5.489114028e+00,3.157866235e-01,-8.831481045e-01,-3.469580390e-01,7.507472835e-01,4.561660639e-01,-4.777871661e-01,5.802559162e-01,-1.095807912e-01,8.070573133e-01,8.996287652e-02,1.964869090e-01,-2.700593543e-01,1.343494077e+01,1.346775275e+01,-2.176093432e-01,1.499372246e-02,3.595307957e+00,4.805965491e-01,4.560096985e-01,4.558928701e-03,3.685157355e-03
4.698098819e+01,1.524991171e+01,5.522273986e+00,5.567023340e+00,-1.511992474e+01,-5.502887506e+00,3.080786747e-01,-8.855937191e-01,-3.476629746e-01,7.540697107e-01,4.501099452e-01,-4.782978137e-01,5.800956894e-01,-1.147885751e-01,8.064513876e-01,9.100963910e-02,1.959284413e-01,-2.704114822e-01,1.344661572e+01,1.347883042e+01,-2.174985949e-01,1.508324460e-02,3.619600578e+00,4.805965491e-01,4.560096985e-01,4.558928701e-03,3.685157355e-03
4.711465685e+01,1.488210134e+01,5.388416168e+00,5.433089243e+00,-1.516341880e+01,-5.516399974e+00,3.003522722e-01,-8.879778834e-01,-3.483469724e-01,7.573584729e-01,4.440169657e-01,-4.787960820e-01,5.798654065e-01,-1.199948694e-01,8.058604005e-01,9.204810911e-02,1.953502124e-01,-2.707808597e-01,1.345829067e+01,1.348990809e+01,-2.173878465e-01,1.517276673e-02,3.643893200e+00,4.805965491e-01,4.560096985e-01,4.558928701e-03,3.685157355e-03
4.724503564e+01,1.451323457e+01,5.254240782e+00,5.298779334e+00,-1.520586240e+01,-5.529654429e+00,2.926081083e-01,-8.903002542e-01,-3.490097398e-01,7.606132297e-01,4.378871269e-01,-4.792819215e-01,5.795645914e-01,-1.251986343e-01,8.052846129e-01,9.307779862e-02,1.947522421e-01,-2.711684010e-01,1.346996562e+01,1.350098576e+01,-2.172770982e-01,1.526228886e-02,3.668185821e+00,4.805965491e-01,4.560096985e-01,4.558928701e-03,3.685157355e-03
4.737242709e+01,1.414321847e+01,5.119656107e+00,5.163946338e+00,-1.524718347e+01,-5.542671965e+00,2.848252359e-01,-8.925712271e-01,-3.496610484e-01,7.638606424e-01,4.317087254e-01,-4.797379574e-01,5.791833485e-01,-1.304325481e-01,8.047289011e-01,9.369917902e-02,1.943284842e-01,-2.716535739e-01,1.347502842e+01,1.350567226e+01,-2.171021088e-01,1.529091481e-02,3.692478442e+00,1.403620716e-01,1.271456643e-01,7.864513841e-03,5.516860324e-04
4.749655265e+01,1.377220653e+01,4.984755037e+00,5.028776828e+00,-1.528734304e+01,-5.555319971e+00,2.770181837e-01,-8.947830878e-01,-3.502939006e-01,7.670675066e-01,4.254903218e-01,-4.801924733e-01,5.787445272e-01,-1.356614561e-01,8.041809584e-01,9.419629526e-02,1.939403337e-01,-2.721481179e-01,1.347843818e+01,1.350876096e+01,-2.169110592e-01,1.530431671e-02,3.716771064e+00,1.403620716e-01,1.271456643e-01,7.864513841e-03,5.516860324e-04
4.761732785e+01,1.340025820e+01,4.849571240e+00,4.893325025e+00,-1.532635111e+01,-5.567582886e+00,2.691926776e-01,-8.969331629e-01,-3.509059336e-01,7.702253799e-01,4.192353269e-01,-4.806513825e-01,5.782525929e-01,-1.408755117e-01,8.036386897e-01,9.466799648e-02,1.935404702e-01,-2.726294112e-01,1.348184794e+01,1.351184966e+01,-2.167200095e-01,1.531771861e-02,3.741063685e+00,1.403620716e-01,1.271456643e-01,7.864513841e-03,5.516860324e-04
4.773475130e+01,1.302739926e+01,4.714112352e+00,4.757598869e+00,-1.536421086e+01,-5.579463199e+00,2.613492915e-01,-8.990214079e-01,-3.514972319e-01,7.733339758e-01,4.129442863e-01,-4.811145572e-01,5.777079057e-01,-1.460743212e-01,8.031021517e-01,9.511509710e-02,1.931293257e-01,-2.730977944e-01,1.348525771e+01,1.351493836e+01,-2.165289598e-01,1.533112051e-02,3.765356306e+00,1.403620716e-01,1.271456643e-01,7.864513841e-03,5.516860324e-04
4.784882164e+01,1.265365551e+01,4.578386009e+00,4.621606295e+00,-1.540092544e+01,-5.590963397e+00,2.534885994e-01,-9.010477780e-01,-3.520678801e-01,7.763930075e-01,4.066177454e-01,-4.815818701e-01,5.771108251e-01,-1.512574913e-01,8.025714012e-01,9.553841155e-02,1.927073321e-01,-2.735536081e-01,1.348866747e+01,1.351802706e+01,-2.163379102e-01,1.534452241e-02,3.789648928e+00,1.403620716e-01,1.271456643e-01,7.864513841e-03,5.516860324e-04
4.795953749e+01,1.227905273e+01,4.442399847e+00,4.485355241e+00,-1.543649801e+01,-5.602085968e+00,2.456111752e-01,-9.030122288e-01,-3.526179630e-01,7.794021882e-01,4.002562496e-01,-4.820531935e-01,5.764617111e-01,-1.564246285e-01,8.020464952e-01,9.593875427e-02,1.922749214e-01,-2.739971927e-01,1.349207723e+01,1.352111577e+01,-2.161468605e-01,1.535792431e-02,3.813941549e+00,1.403620716e-01,1.271456643e-01,7.864513841e-03,5.516860324e-04
4.806689748e+01,1.190361672e+01,4.306161502e+00,4.348853644e+00,-1.547093173e+01,-5.612833402e+00,2.377175929e-01,-9.049147154e-01,-3.531475651e-01,7.823612314e-01,3.938603444e-01,-4.825283998e-01,5.757609235e-01,-1.615753393e-01,8.015274902e-01,9.631693969e-02,1.918325256e-01,-2.744288890e-01,1.349548700e+01,1.352420447e+01,-2.159558109e-01,1.537132621e-02,3.838234170e+00,1.403620716e-01,1.271456643e-01,7.864513841e-03,5.516860324e-04
4.817090023e+01,1.152737327e+01,4.169678609e+00,4.212109443e+00,-1.550422976e+01,-5.623208186e+00,2.298084265e-01,-9.067551934e-01,-3.536567711e-01,7.852698502e-01,3.874305752e-01,-4.830073616e-01,5.750088220e-01,-1.667092302e-01,8.010144432e-01,9.667378224e-02,1.913805766e-01,-2.748490374e-01,1.349889676e+01,1.352729317e+01,-2.157647612e-01,1.538472811e-02,3.862526792e+00,1.403620716e-01,1.271456643e-01,7.864513841e-03,5.516860324e-04
4.827154436e+01,1.115034816e+01,4.032958804e+00,4.075130573e+00,-1.553639526e+01,-5.633212808e+00,2.218842499e-01,-9.085336180e-01,-3.541456655e-01,7.881277580e-01,3.809674875e-01,-4.834899512e-01,5.742057665e-01,-1.718259078e-01,8.005074110e-01,9.701009634e-02,1.909195065e-01,-2.752579785e-01,1.350230652e+01,1.353038187e+01,-2.155737116e-01,1.539813001e-02,3.886819413e+00,1.403620716e-01,1.271456643e-01,7.864513841e-03,5.516860324e-04
4.836882852e+01,1.077256719e+01,3.896009723e+00,3.937924972e+00,-1.556743138e+01,-5.642849758e+00,2.139456371e-01,-9.102499448e-01,-3.546143330e-01,7.909346680e-01,3.744716268e-01,-4.839760411e-01,5.733521168e-01,-1.769249785e-01,8.000064503e-01,9.732669644e-02,1.904497472e-01,-2.756560529e-01,1.350571628e+01,1.353347057e+01,-2.153826619e-01,1.541153191e-02,3.911112034e+00,1.403620716e-01,1.271456643e-01,7.864513841e-03,5.516860324e-04
4.846275131e+01,1.039405615e+01,3.758839002e+00,3.800500578e+00,-1.559734128e+01,-5.652121522e+00,2.059931621e-01,-9.119041289e-01,-3.550628582e-01,7.936902936e-01,3.679435384e-01,-4.844655037e-01,5.724482326e-01,-1.820060490e-01,7.995116180e-01,9.762439695e-02,1.899717307e-01,-2.760436012e-01,1.350912605e+01,1.353655927e+01,-2.151916122e-01,1.542493381e-02,3.935404656e+00,1.403620716e-01,1.271456643e-01,7.864513841e-03,5.516860324e-04
4.855331137e+01,1.001484082e+01,3.621454276e+00,3.662865328e+00,-1.562612814e+01,-5.661030589e+00,1.980273987e-01,-9.134961258e-01,-3.554913258e-01,7.963943481e-01,3.613837679e-01,-4.849582116e-01,5.714944739e-01,-1.870687256e-01,7.990229708e-01,9.790401231e-02,1.894858889e-01,-2.764209638e-01,1.351253581e+01,1.353964797e+01,-2.150005626e-01,1.543833571e-02,3.959697277e+00,1.403620716e-01,1.271456643e-01,7.864513841e-03,5.516860324e-04
4.864050733e+01,9.634946997e+00,3.483863181e+00,3.525027159e+00,-1.565379509e+01,-5.669579448e+00,1.900489210e-01,-9.150258909e-01,-3.558998202e-01,7.990465448e-01,3.547928606e-01,-4.854540370e-01,5.704912003e-01,-1.921126150e-01,7.985405656e-01,9.816635695e-02,1.889926539e-01,-2.767884815e-01,1.351594557e+01,1.354273668e+01,-2.148095129e-01,1.545173761e-02,3.983989898e+00,1.403620716e-01,1.271456643e-01,7.864513841e-03,5.516860324e-04
4.872433780e+01,9.254400473e+00,3.346073353e+00,3.386994008e+00,-1.568034531e+01,-5.677770587e+00,1.820583029e-01,-9.164933795e-01,-3.562884263e-01,8.016465968e-01,3.481713621e-01,-4.859528525e-01,5.694387718e-01,-1.971373237e-01,7.980644591e-01,9.841224530e-02,1.884924576e-01,-2.771464947e-01,1.351935533e+01,1.354582538e+01,-2.146184633e-01,1.546513951e-02,4.008282520e+00,1.403620716e-01,1.271456643e-01,7.864513841e-03,5.516860324e-04
4.880480142e+01,8.873227036e+00,3.208092429e+00,3.248773813e+00,-1.570578195e+01,-5.685606494e+00,1.740561184e-01,-9.178985471e-01,-3.566572285e-01,8.041942176e-01,3.415198177e-01,-4.864545304e-01,5.683375481e-01,-2.021424582e-01,7.975947082e-01,9.864249178e-02,1.879857320e-01,-2.774953440e-01,1.352276510e+01,1.354891408e+01,-2.144274136e-01,1.547854141e-02,4.032575141e+00,1.403620716e-01,1.271456643e-01,7.864513841e-03,5.516860324e-04
4.888189682e+01,8.491452476e+00,3.069928042e+00,3.110374510e+00,-1.573010818e+01,-5.693089657e+00,1.660429415e-01,-9.192413489e-01,-3.570063115e-01,8.066891205e-01,3.348387730e-01,-4.869589433e-01,5.671878891e-01,-2.071276250e-01,7.971313696e-01,9.885791084e-02,1.874729091e-01,-2.778353700e-01,1.352617486e+01,1.355200278e+01,-2.142363640e-01,1.549194331e-02,4.056867762e+00,1.403620716e-01,1.271456643e-01,7.864513841e-03,5.516860324e-04
4.895562261e+01,8.109102582e+00,2.931587831e+00,2.971804038e+00,-1.575332714e+01,-5.700222564e+00,1.580193460e-01,-9.205217404e-01,-3.573357599e-01,8.091310186e-01,3.281287733e-01,-4.874659636e-01,5.659901544e-01,-2.120924306e-01,7.966745002e-01,9.905931690e-02,1.869544208e-01,-2.781669133e-01,1.352958462e+01,1.355509148e+01,-2.140453143e-01,1.550534521e-02,4.081160384e+00,1.403620716e-01,1.271456643e-01,7.864513841e-03,5.516860324e-04
4.902597742e+01,7.726203146e+00,2.793079429e+00,2.833070334e+00,-1.577544200e+01,-5.707007705e+00,1.499859060e-01,-9.217396769e-01,-3.576456584e-01,8.115196254e-01,3.213903642e-01,-4.879754637e-01,5.647447040e-01,-2.170364817e-01,7.962241567e-01,9.924752440e-02,1.864306992e-01,-2.784903144e-01,1.353299438e+01,1.355818018e+01,-2.138542646e-01,1.551874710e-02,4.105453005e+00,1.403620716e-01,1.271456643e-01,7.864513841e-03,5.516860324e-04
4.909295989e+01,7.342779957e+00,2.654410473e+00,2.694181334e+00,-1.579645592e+01,-5.713447566e+00,1.419431955e-01,-9.228951138e-01,-3.579360915e-01,8.138546541e-01,3.146240910e-01,-4.884873160e-01,5.634518977e-01,-2.219593846e-01,7.957803959e-01,9.942334775e-02,1.859021762e-01,-2.788059138e-01,1.353640415e+01,1.356126888e+01,-2.136632150e-01,1.553214900e-02,4.129745626e+00,1.403620716e-01,1.271456643e-01,7.864513841e-03,5.516860324e-04
4.915656863e+01,6.958858805e+00,2.515588599e+00,2.555144977e+00,-1.581637206e+01,-5.719544637e+00,1.338917883e-01,-9.239880065e-01,-3.582071439e-01,8.161358180e-01,3.078304992e-01,-4.890013931e-01,5.621120952e-01,-2.268607459e-01,7.953432748e-01,9.958760139e-02,1.853692837e-01,-2.791140523e-01,1.353981391e+01,1.356435759e+01,-2.134721653e-01,1.554555090e-02,4.154038248e+00,1.403620716e-01,1.271456643e-01,7.864513841e-03,5.516860324e-04
4.921680227e+01,6.574465480e+00,2.376621443e+00,2.415969199e+00,-1.583519358e+01,-5.725301405e+00,1.258322584e-01,-9.250183103e-01,-3.584589002e-01,8.183628305e-01,3.010101343e-01,-4.895175672e-01,5.607256564e-01,-2.317401722e-01,7.949128499e-01,9.974109976e-02,1.848324539e-01,-2.794150702e-01,1.354322367e+01,1.356744629e+01,-2.132811157e-01,1.555895280e-02,4.178330869e+00,1.403620716e-01,1.271456643e-01,7.864513841e-03,5.516860324e-04
4.927365945e+01,6.189625773e+00,2.237516639e+00,2.276661937e+00,-1.585292363e+01,-5.730720359e+00,1.177651798e-01,-9.259859806e-01,-3.586914451e-01,8.205354047e-01,2.941635417e-01,-4.900357110e-01,5.592929411e-01,-2.365972699e-01,7.944891782e-01,9.988465728e-02,1.842921185e-01,-2.797093082e-01,1.354663344e+01,1.357053499e+01,-2.130900660e-01,1.557235470e-02,4.202623490e+00,1.403620716e-01,1.271456643e-01,7.864513841e-03,5.516860324e-04
4.932713878e+01,5.804365473e+00,2.098281825e+00,2.137231129e+00,-1.586956538e+01,-5.735803987e+00,1.096911265e-01,-9.268909729e-01,-3.589048630e-01,8.226532540e-01,2.872912668e-01,-4.905556967e-01,5.578143090e-01,-2.414316457e-01,7.940723165e-01,1.000190884e-01,1.837487097e-01,-2.799971069e-01,1.355004320e+01,1.357362369e+01,-2.128990164e-01,1.558575660e-02,4.226916112e+00,1.403620716e-01,1.271456643e-01,7.864513841e-03,5.516860324e-04
4.937723888e+01,5.418710371e+00,1.958924636e+00,1.997684713e+00,-1.588512198e+01,-5.740554778e+00,1.016106724e-01,-9.277332423e-01,-3.590992388e-01,8.247160917e-01,2.803938552e-01,-4.910773969e-01,5.562901201e-01,-2.462429059e-01,7.936623215e-01,1.001452075e-01,1.832026593e-01,-2.802788068e-01,1.355345296e+01,1.357671239e+01,-2.127079667e-01,1.559915850e-02,4.251208733e+00,1.403620716e-01,1.271456643e-01,7.864513841e-03,5.516860324e-04
4.942395840e+01,5.032686256e+00,1.819452707e+00,1.858030625e+00,-1.589959659e+01,-5.744975218e+00,9.352439152e-02,-9.285127444e-01,-3.592746569e-01,8.267236310e-01,2.734718522e-01,-4.916006841e-01,5.547207340e-01,-2.510306572e-01,7.932592501e-01,1.002638291e-01,1.826543994e-01,-2.805547485e-01,1.355686272e+01,1.357980109e+01,-2.125169170e-01,1.561256040e-02,4.275501354e+00,1.403620716e-01,1.271456643e-01,7.864513841e-03,5.516860324e-04
4.946729595e+01,4.646318919e+00,1.679873675e+00,1.718276803e+00,-1.591299238e+01,-5.749067798e+00,8.543285775e-02,-9.292294345e-01,-3.594312020e-01,8.286755854e-01,2.665258033e-01,-4.921254305e-01,5.531065106e-01,-2.557945061e-01,7.928631590e-01,1.003757675e-01,1.821043620e-01,-2.808252725e-01,1.356027249e+01,1.358288979e+01,-2.123258674e-01,1.562596230e-02,4.299793976e+00,1.403620716e-01,1.271456643e-01,7.864513841e-03,5.516860324e-04
4.950725016e+01,4.259634149e+00,1.540195175e+00,1.578431184e+00,-1.592531249e+01,-5.752835005e+00,7.733664507e-02,-9.298832680e-01,-3.595689587e-01,8.305716680e-01,2.595562540e-01,-4.926515087e-01,5.514478098e-01,-2.605340591e-01,7.924741050e-01,1.004818372e-01,1.815529789e-01,-2.810907195e-01,1.356368225e+01,1.358597850e+01,-2.121348177e-01,1.563936420e-02,4.324086597e+00,1.403620716e-01,1.271456643e-01,7.864513841e-03,5.516860324e-04
4.954381965e+01,3.872657738e+00,1.400424843e+00,1.438501705e+00,-1.593656010e+01,-5.756279327e+00,6.923632744e-02,-9.304742001e-01,-3.596880116e-01,8.324115921e-01,2.525637497e-01,-4.931787911e-01,5.497449913e-01,-2.652489227e-01,7.920921450e-01,1.005828527e-01,1.810006823e-01,-2.813514299e-01,1.356709201e+01,1.358906720e+01,-2.119437681e-01,1.565276610e-02,4.348379218e+00,1.403620716e-01,1.271456643e-01,7.864513841e-03,5.516860324e-04
4.957700305e+01,3.485415474e+00,1.260570314e+00,1.298496304e+00,-1.594673836e+01,-5.759403252e+00,6.113247884e-02,-9.310021865e-01,-3.597884454e-01,8.341950711e-01,2.455488358e-01,-4.937071502e-01,5.479984149e-01,-2.699387034e-01,7.917173358e-01,1.006796284e-01,1.804479041e-01,-2.816077445e-01,1.357050177e+01,1.359215590e+01,-2.117527184e-01,1.566616800e-02,4.372671840e+00,1.403620716e-01,1.271456643e-01,7.864513841e-03,5.516860324e-04
4.960679900e+01,3.097933148e+00,1.120639226e+00,1.158422918e+00,-1.595585042e+01,-5.762209269e+00,5.302567320e-02,-9.314671822e-01,-3.598703447e-01,8.359218183e-01,2.385120578e-01,-4.942364584e-01,5.462084405e-01,-2.746030078e-01,7.913497341e-01,1.007729786e-01,1.798950762e-01,-2.818600036e-01,1.357391154e+01,1.359524460e+01,-2.115616688e-01,1.567956990e-02,4.396964461e+00,1.403620716e-01,1.271456643e-01,7.864513841e-03,5.516860324e-04
4.963320610e+01,2.710236550e+00,9.806392120e-01,1.018289485e+00,-1.596389946e+01,-5.764699867e+00,4.491648451e-02,-9.318691429e-01,-3.599337941e-01,8.375915469e-01,2.314539612e-01,-4.947665882e-01,5.443754278e-01,-2.792414424e-01,7.909893967e-01,1.008637179e-01,1.793426306e-01,-2.821085479e-01,1.357732130e+01,1.359833330e+01,-2.113706191e-01,1.569297180e-02,4.421257082e+00,1.403620716e-01,1.271456643e-01,7.864513841e-03,5.516860324e-04
4.965622300e+01,2.322351470e+00,8.405779095e-01,8.781039404e-01,-1.597088862e+01,-5.766877532e+00,3.680548670e-02,-9.322080238e-01,-3.599788782e-01,8.392039703e-01,2.243750913e-01,-4.952974119e-01,5.424997366e-01,-2.838536137e-01,7.906363805e-01,1.009526606e-01,1.787909993e-01,-2.823537180e-01,1.358073106e+01,1.360142200e+01,-2.111795695e-01,1.570637370e-02,4.445549704e+00,1.403620716e-01,1.271456643e-01,7.864513841e-03,5.516860324e-04
4.967584831e+01,1.934303698e+00,7.004629539e-01,7.378742229e-01,-1.597682107e+01,-5.768744754e+00,2.869325376e-02,-9.324837802e-01,-3.600056816e-01,8.407588017e-01,2.172759937e-01,-4.958288020e-01,5.405817269e-01,-2.884391283e-01,7.902907423e-01,1.010406212e-01,1.782406143e-01,-2.825958544e-01,1.358414082e+01,1.360451071e+01,-2.109885198e-01,1.571977560e-02,4.469842325e+00,1.403620716e-01,1.271456643e-01,7.864513841e-03,5.516860324e-04
4.969208066e+01,1.546119024e+00,5.603019810e-01,5.976082694e-01,-1.598169996e+01,-5.770304021e+00,2.058035962e-02,-9.326963677e-01,-3.600142890e-01,8.422557544e-01,2.101572138e-01,-4.963606310e-01,5.386217582e-01,-2.929975926e-01,7.899525387e-01,1.011284141e-01,1.776919076e-01,-2.828352976e-01,1.358755059e+01,1.360759941e+01,-2.107974701e-01,1.573317750e-02,4.494134946e+00,1.403620716e-01,1.271456643e-01,7.864513841e-03,5.516860324e-04
4.970491869e+01,1.157823239e+00,4.201026266e-01,4.573140174e-01,-1.598552845e+01,-5.771557821e+00,1.246737826e-02,-9.328457414e-01,-3.600047850e-01,8.436945417e-01,2.030192970e-01,-4.968927712e-01,5.366201906e-01,-2.975286132e-01,7.896218268e-01,1.012168538e-01,1.771453111e-01,-2.830723884e-01,1.359096035e+01,1.361068811e+01,-2.106064205e-01,1.574657940e-02,4.518427568e+00,1.403620716e-01,1.271456643e-01,7.864513841e-03,5.516860324e-04
4.971436100e+01,7.694421318e-01,2.798725263e-01,3.169994040e-01,-1.598830971e+01,-5.772508643e+00,4.354883634e-03,-9.329318569e-01,-3.599772541e-01,8.450748769e-01,1.958627888e-01,-4.974250952e-01,5.345773838e-01,-3.020317967e-01,7.892986632e-01,1.013067546e-01,1.766012568e-01,-2.833074671e-01,1.359437011e+01,1.361377681e+01,-2.104153708e-01,1.575998130e-02,4.542720189e+00,1.403620716e-01,1.271456643e-01,7.864513841e-03,5.516860324e-04
4.972040624e+01,3.810014931e-01,1.396193160e-01,1.766723665e-01,-1.599004690e+01,-5.773158973e+00,-3.756550300e-03,-9.329546695e-01,-3.599317811e-01,8.463964734e-01,1.886882346e-01,-4.979574754e-01,5.324936975e-01,-3.065067494e-01,7.889831047e-01,1.013989311e-01,1.760601767e-01,-2.835408745e-01,1.359777988e+01,1.361686551e+01,-2.102243212e-01,1.577338320e-02,4.567012810e+00,1.403620716e-01,1.271456643e-01,7.864513841e-03,5.516860324e-04
4.972305302e+01,-7.472886994e-03,-6.493684266e-04,3.634084229e-02,-1.599074316e+01,-5.773511302e+00,-1.186634958e-02,-9.329141345e-01,-3.598684505e-01,8.476590443e-01,1.814961800e-01,-4.984897842e-01,5.303694917e-01,-3.109530781e-01,7.886752082e-01,1.014941976e-01,1.755225027e-01,-2.837729510e-01,1.360118964e+01,1.361995421e+01,-2.100332715e-01,1.578678510e-02,4.591305432e+00,1.403620716e-01,1.271456643e-01,7.864513841e-03,5.516860324e-04
4.972229998e+01,-3.959552186e-01,-1.409258913e-01,-1.039872314e-01,-1.599040166e+01,-5.773568117e+00,-1.997394025e-02,-9.328102074e-01,-3.597873469e-01,8.488623031e-01,1.742871702e-01,-4.990218941e-01,5.282051260e-01,-3.153703891e-01,7.883750304e-01,1.015933686e-01,1.749886669e-01,-2.840040372e-01,1.360459940e+01,1.362304291e+01,-2.098422219e-01,1.580018700e-02,4.615598053e+00,1.403620716e-01,1.271456643e-01,7.864513841e-03,5.516860324e-04
4.971814573e+01,-7.844197116e-01,-2.812026169e-01,-2.443039174e-01,-1.598902557e+01,-5.773331906e+00,-2.807874835e-02,-9.326428434e-01,-3.596885551e-01,8.500059629e-01,1.670617508e-01,-4.995536775e-01,5.260009604e-01,-3.197582891e-01,7.880826281e-01,1.016972584e-01,1.744591013e-01,-2.842344738e-01,1.360800916e+01,1.362613162e+01,-2.096511722e-01,1.581358890e-02,4.639890674e+00,1.403620716e-01,1.271456643e-01,7.864513841e-03,5.516860324e-04
4.971058891e+01,-1.172840576e+00,-4.214719093e-01,-3.846012783e-01,-1.598661803e+01,-5.772805157e+00,-3.618019991e-02,-9.324119981e-01,-3.595721595e-01,8.510897371e-01,1.598204673e-01,-5.000850068e-01,5.237573546e-01,-3.241163845e-01,7.877980583e-01,1.018066816e-01,1.739342377e-01,-2.844646011e-01,1.361141893e+01,1.362922032e+01,-2.094601225e-01,1.582699080e-02,4.664183296e+00,1.403620716e-01,1.271456643e-01,7.864513841e-03,5.516860324e-04
4.969962815e+01,-1.561192021e+00,-5.617261329e-01,-5.248713768e-01,-1.598318221e+01,-5.771990360e+00,-4.427772099e-02,-9.321176266e-01,-3.594382448e-01,8.521133390e-01,1.525638650e-01,-5.006157545e-01,5.214746685e-01,-3.284442818e-01,7.875213775e-01,1.019224526e-01,1.734145082e-01,-2.846947599e-01,1.361482869e+01,1.363230902e+01,-2.092690729e-01,1.584039270e-02,4.688475917e+00,1.403620716e-01,1.271456643e-01,7.864513841e-03,5.516860324e-04
4.968526205e+01,-1.949448258e+00,-7.019576517e-01,-6.651062756e-01,-1.597872127e+01,-5.770890001e+00,-5.237073761e-02,-9.317596845e-01,-3.592868957e-01,8.530764819e-01,1.452924894e-01,-5.011457930e-01,5.191532618e-01,-3.327415877e-01,7.872526427e-01,1.020453857e-01,1.729003447e-01,-2.849252907e-01,1.361823845e+01,1.363539772e+01,-2.090780232e-01,1.585379460e-02,4.712768538e+00,1.403620716e-01,1.271456643e-01,7.864513841e-03,5.516860324e-04
4.966748927e+01,-2.337583496e+00,-8.421588301e-01,-8.052980375e-01,-1.597323837e+01,-5.769506570e+00,-6.045867582e-02,-9.313381270e-01,-3.591181967e-01,8.539788790e-01,1.380068860e-01,-5.016749948e-01,5.167934943e-01,-3.370079085e-01,7.869919107e-01,1.021762955e-01,1.723921793e-01,-2.851565341e-01,1.362164821e+01,1.363848642e+01,-2.088869736e-01,1.586719650e-02,4.737061160e+00,1.403620716e-01,1.271456643e-01,7.864513841e-03,5.516860324e-04
4.964630841e+01,-2.725571945e+00,-9.823220322e-01,-9.454387252e-01,-1.596673666e+01,-5.767842554e+00,-6.854096167e-02,-9.308529097e-01,-3.589322325e-01,8.548202437e-01,1.307076003e-01,-5.022032322e-01,5.143957259e-01,-3.412428509e-01,7.867392382e-01,1.023159963e-01,1.718904438e-01,-2.853888306e-01,1.362505798e+01,1.364157512e+01,-2.086959239e-01,1.588059840e-02,4.761353781e+00,1.403620716e-01,1.271456643e-01,7.864513841e-03,5.516860324e-04
4.962171810e+01,-3.113387814e+00,-1.122439622e+00,-1.085520401e+00,-1.595921930e+01,-5.765900442e+00,-7.661702118e-02,-9.303039877e-01,-3.587290876e-01,8.556002893e-01,1.233951776e-01,-5.027303778e-01,5.119603163e-01,-3.454460214e-01,7.864946820e-01,1.024653026e-01,1.713955704e-01,-2.856225207e-01,1.362846774e+01,1.364466382e+01,-2.085048743e-01,1.589400030e-02,4.785646402e+00,1.403620716e-01,1.271456643e-01,7.864513841e-03,5.516860324e-04
4.959371698e+01,-3.501005315e+00,-1.262503965e+00,-1.225535129e+00,-1.595068946e+01,-5.763682722e+00,-8.468628040e-02,-9.296913165e-01,-3.585088468e-01,8.563187289e-01,1.160701634e-01,-5.032563040e-01,5.094876255e-01,-3.496170265e-01,7.862582990e-01,1.026250288e-01,1.709079909e-01,-2.858579452e-01,1.363187750e+01,1.364775253e+01,-2.083138246e-01,1.590740220e-02,4.809939024e+00,1.403620716e-01,1.271456643e-01,7.864513841e-03,5.516860324e-04
4.956230367e+01,-3.888398656e+00,-1.402507423e+00,-1.365474970e+00,-1.594115029e+01,-5.761191882e+00,-9.274816538e-02,-9.290148515e-01,-3.582715946e-01,8.569752761e-01,1.087331031e-01,-5.037808833e-01,5.069780131e-01,-3.537554726e-01,7.860301459e-01,1.027959894e-01,1.704281373e-01,-2.860954444e-01,1.363528726e+01,1.365084123e+01,-2.081227749e-01,1.592080410e-02,4.834231645e+00,1.403620716e-01,1.271456643e-01,7.864513841e-03,5.516860324e-04
4.952747679e+01,-4.275542049e+00,-1.542442363e+00,-1.505331988e+00,-1.593060495e+01,-5.758430411e+00,-1.008021021e-01,-9.282745481e-01,-3.580174157e-01,8.575696440e-01,1.013845423e-01,-5.043039879e-01,5.044318390e-01,-3.578609665e-01,7.858102796e-01,1.029789987e-01,1.699564416e-01,-2.863353591e-01,1.363869703e+01,1.365392993e+01,-2.079317253e-01,1.593420600e-02,4.858524266e+00,1.403620716e-01,1.271456643e-01,7.864513841e-03,5.516860324e-04
4.948923497e+01,-4.662409701e+00,-1.682301147e+00,-1.645098246e+00,-1.591905660e+01,-5.755400797e+00,-1.088475167e-01,-9.274703615e-01,-3.577463946e-01,8.581015459e-01,9.402502637e-02,-5.048254905e-01,5.018494630e-01,-3.619331144e-01,7.855987568e-01,1.031748713e-01,1.694933359e-01,-2.865780297e-01,1.364210679e+01,1.365701863e+01,-2.077406756e-01,1.594760790e-02,4.882816888e+00,1.403620716e-01,1.271456643e-01,7.864513841e-03,5.516860324e-04
4.944768102e+01,-5.049095015e+00,-1.822041301e+00,-1.784830356e+00,-1.590643520e+01,-5.752117502e+00,-1.168850183e-01,-9.265984592e-01,-3.574732215e-01,8.585841724e-01,8.665476294e-02,-5.053267979e-01,4.992126366e-01,-3.659900895e-01,7.853992395e-01,1.031931606e-01,1.691593578e-01,-2.868902300e-01,1.363947805e+01,1.365443674e+01,-2.075176503e-01,1.593725463e-02,4.907109509e+00,-4.810712622e-01,-4.564256076e-01,1.115518946e-02,-1.893004121e-03
4.940285044e+01,-5.435597809e+00,-1.961654665e+00,-1.924517739e+00,-1.589253154e+01,-5.748539260e+00,-1.249205043e-01,-9.256566125e-01,-3.572040215e-01,8.590166620e-01,7.927345132e-02,-5.058110807e-01,4.965233781e-01,-3.700403258e-01,7.852066011e-01,1.029062836e-01,1.689932352e-01,-2.873107573e-01,1.362779157e+01,1.364334897e+01,-2.072466615e-01,1.589126860e-02,4.931402130e+00,-4.810712622e-01,-4.564256076e-01,1.115518946e-02,-1.893004121e-03
4.935458613e+01,-5.821698755e+00,-2.101191699e+00,-2.064042918e+00,-1.587738550e+01,-5.744625866e+00,-1.329541747e-01,-9.246504217e-01,-3.569162210e-01,8.593755539e-01,7.188198589e-02,-5.063112895e-01,4.938147065e-01,-3.740557569e-01,7.850124792e-01,1.025880176e-01,1.688061015e-01,-2.877420430e-01,1.361610509e+01,1.363226119e+01,-2.069756727e-01,1.584528256e-02,4.955694752e+00,-4.810712622e-01,-4.564256076e-01,1.115518946e-02,-1.893004121e-03
4.930289565e+01,-6.207371831e+00,-2.240643017e+00,-2.203400768e+00,-1.586100301e+01,-5.740375544e+00,-1.409854915e-01,-9.235799511e-01,-3.566096432e-01,8.596607821e-01,6.448107775e-02,-5.068273080e-01,4.910870426e-01,-3.780364537e-01,7.848169087e-01,1.022393199e-01,1.685986191e-01,-2.881837971e-01,1.360441861e+01,1.362117342e+01,-2.067046839e-01,1.579929653e-02,4.979987373e+00,-4.810712622e-01,-4.564256076e-01,1.115518946e-02,-1.893004121e-03
4.924778651e+01,-6.592591014e+00,-2.379999233e+00,-2.342586161e+00,-1.584339001e+01,-5.735786517e+00,-1.490139167e-01,-9.224452650e-01,-3.562841111e-01,8.598722808e-01,5.707143802e-02,-5.073590201e-01,4.883408069e-01,-3.819824874e-01,7.846199242e-01,1.018611483e-01,1.683714503e-01,-2.886357291e-01,1.359273213e+01,1.361008564e+01,-2.064336951e-01,1.575331050e-02,5.004279994e+00,-4.810712622e-01,-4.564256076e-01,1.115518946e-02,-1.893004121e-03
4.918926625e+01,-6.977330283e+00,-2.519250961e+00,-2.481593975e+00,-1.582455244e+01,-5.730857010e+00,-1.570389123e-01,-9.212464276e-01,-3.559394481e-01,8.600099838e-01,4.965377781e-02,-5.079063097e-01,4.855764200e-01,-3.858939289e-01,7.844215606e-01,1.014544601e-01,1.681252577e-01,-2.890975490e-01,1.358104564e+01,1.359899787e+01,-2.061627064e-01,1.570732447e-02,5.028572616e+00,-4.810712622e-01,-4.564256076e-01,1.115518946e-02,-1.893004121e-03
4.912734240e+01,-7.361563615e+00,-2.658388814e+00,-2.620419083e+00,-1.580449623e+01,-5.725585244e+00,-1.650599402e-01,-9.199835032e-01,-3.555754773e-01,8.600738252e-01,4.222880822e-02,-5.084690607e-01,4.827943027e-01,-3.897708494e-01,7.842218526e-01,1.010202130e-01,1.678607036e-01,-2.895689665e-01,1.356935916e+01,1.358791009e+01,-2.058917176e-01,1.566133843e-02,5.052865237e+00,-4.810712622e-01,-4.564256076e-01,1.115518946e-02,-1.893004121e-03
4.906202250e+01,-7.745264989e+00,-2.797403406e+00,-2.759056360e+00,-1.578322731e+01,-5.719969444e+00,-1.730764624e-01,-9.186565561e-01,-3.551920218e-01,8.600637390e-01,3.479724037e-02,-5.090471569e-01,4.799948756e-01,-3.936133198e-01,7.840208349e-01,1.005593645e-01,1.675784506e-01,-2.900496914e-01,1.355767268e+01,1.357682232e+01,-2.056207288e-01,1.561535240e-02,5.077157858e+00,-4.810712622e-01,-4.564256076e-01,1.115518946e-02,-1.893004121e-03
4.899331407e+01,-8.128408381e+00,-2.936285351e+00,-2.897500680e+00,-1.576075163e+01,-5.714007834e+00,-1.810879408e-01,-9.172656506e-01,-3.547889048e-01,8.599796593e-01,2.735978537e-02,-5.096404822e-01,4.771785592e-01,-3.974214113e-01,7.838185425e-01,1.000728721e-01,1.672791611e-01,-2.905394333e-01,1.354598620e+01,1.356573455e+01,-2.053497400e-01,1.556936637e-02,5.101450480e+00,-4.810712622e-01,-4.564256076e-01,1.115518946e-02,-1.893004121e-03
4.892122464e+01,-8.510967770e+00,-3.075025261e+00,-3.035746920e+00,-1.573707511e+01,-5.707698635e+00,-1.890938375e-01,-9.158108510e-01,-3.543659496e-01,8.598215200e-01,1.991715431e-02,-5.102489205e-01,4.743457743e-01,-4.011951947e-01,7.836150099e-01,9.956169331e-02,1.669634974e-01,-2.910379021e-01,1.353429972e+01,1.355464677e+01,-2.050787512e-01,1.552338034e-02,5.125743101e+00,-4.810712622e-01,-4.564256076e-01,1.115518946e-02,-1.893004121e-03
4.884576174e+01,-8.892917133e+00,-3.213613751e+00,-3.173789952e+00,-1.571220370e+01,-5.701040073e+00,-1.970936144e-01,-9.142922214e-01,-3.539229792e-01,8.595892552e-01,1.247005833e-02,-5.108723557e-01,4.714969415e-01,-4.049347413e-01,7.834102721e-01,9.902678574e-02,1.666321222e-01,-2.915448076e-01,1.352261323e+01,1.354355900e+01,-2.048077624e-01,1.547739431e-02,5.150035722e+00,-4.810712622e-01,-4.564256076e-01,1.115518946e-02,-1.893004121e-03
4.876693292e+01,-9.274230448e+00,-3.352041435e+00,-3.311624653e+00,-1.568614333e+01,-5.694030370e+00,-2.050867335e-01,-9.127098263e-01,-3.534598169e-01,8.592827989e-01,5.019208514e-03,-5.115106716e-01,4.686324815e-01,-4.086401220e-01,7.832043637e-01,9.846910690e-02,1.662856978e-01,-2.920598595e-01,1.351092675e+01,1.353247122e+01,-2.045367736e-01,1.543140827e-02,5.174328344e+00,-4.810712622e-01,-4.564256076e-01,1.115518946e-02,-1.893004121e-03
4.868474569e+01,-9.654881693e+00,-3.490298926e+00,-3.449245896e+00,-1.565889993e+01,-5.686667751e+00,-2.130726566e-01,-9.110637298e-01,-3.529762858e-01,8.589020851e-01,-2.434684014e-03,-5.121637520e-01,4.657528148e-01,-4.123114079e-01,7.829973195e-01,9.788961431e-02,1.659248866e-01,-2.925827675e-01,1.349924027e+01,1.352138345e+01,-2.042657848e-01,1.538542224e-02,5.198620965e+00,-4.810712622e-01,-4.564256076e-01,1.115518946e-02,-1.893004121e-03
4.859920758e+01,-1.003484485e+01,-3.628376837e+00,-3.586648557e+00,-1.563047944e+01,-5.678950437e+00,-2.210508459e-01,-9.093539962e-01,-3.524722092e-01,8.584470477e-01,-9.890908148e-03,-5.128314809e-01,4.628583621e-01,-4.159486701e-01,7.827891744e-01,9.728926552e-02,1.655503511e-01,-2.931132415e-01,1.348755379e+01,1.351029567e+01,-2.039947960e-01,1.533943621e-02,5.222913586e+00,-4.810712622e-01,-4.564256076e-01,1.115518946e-02,-1.893004121e-03
4.851032614e+01,-1.041409388e+01,-3.766265782e+00,-3.723827510e+00,-1.560088780e+01,-5.670876653e+00,-2.290207633e-01,-9.075806899e-01,-3.519474101e-01,8.579176209e-01,-1.734875278e-02,-5.135137422e-01,4.599495440e-01,-4.195519795e-01,7.825799630e-01,9.666901806e-02,1.651627538e-01,-2.936509911e-01,1.347586731e+01,1.349920790e+01,-2.037238072e-01,1.529345018e-02,5.247206208e+00,-4.810712622e-01,-4.564256076e-01,1.115518946e-02,-1.893004121e-03
4.841810889e+01,-1.079260278e+01,-3.903956375e+00,-3.860777630e+00,-1.557013093e+01,-5.662444622e+00,-2.369818706e-01,-9.057438751e-01,-3.514017118e-01,8.573137387e-01,-2.480750680e-02,-5.142104196e-01,4.570267813e-01,-4.231214073e-01,7.823697202e-01,9.602982948e-02,1.647627571e-01,-2.941957262e-01,1.346418082e+01,1.348812012e+01,-2.034528184e-01,1.524746414e-02,5.271498829e+00,-4.810712622e-01,-4.564256076e-01,1.115518946e-02,-1.893004121e-03
4.832256336e+01,-1.117034553e+01,-4.041439230e+00,-3.997493792e+00,-1.553821479e+01,-5.653652568e+00,-2.449336300e-01,-9.038436160e-01,-3.508349373e-01,8.566353350e-01,-3.226645909e-02,-5.149213971e-01,4.540904945e-01,-4.266570244e-01,7.821584807e-01,9.537265730e-02,1.643510235e-01,-2.947471566e-01,1.345249434e+01,1.347703235e+01,-2.031818296e-01,1.520147811e-02,5.295791450e+00,-4.810712622e-01,-4.564256076e-01,1.115518946e-02,-1.893004121e-03
4.822369708e+01,-1.154729609e+01,-4.178704960e+00,-4.133970870e+00,-1.550514529e+01,-5.644498714e+00,-2.528755034e-01,-9.018799770e-01,-3.502469101e-01,8.558823439e-01,-3.972489855e-02,-5.156465585e-01,4.511411042e-01,-4.301589019e-01,7.819462792e-01,9.469845906e-02,1.639282153e-01,-2.953049919e-01,1.344080786e+01,1.346594458e+01,-2.029108408e-01,1.515549208e-02,5.320084072e+00,-4.810712622e-01,-4.564256076e-01,1.115518946e-02,-1.893004121e-03
4.812151759e+01,-1.192342844e+01,-4.315744179e+00,-4.270203740e+00,-1.547092839e+01,-5.634981283e+00,-2.608069527e-01,-8.998530224e-01,-3.496374530e-01,8.550546993e-01,-4.718211407e-02,-5.163857877e-01,4.481790312e-01,-4.336271109e-01,7.817331507e-01,9.400819230e-02,1.634949951e-01,-2.958689420e-01,1.342912138e+01,1.345485680e+01,-2.026398520e-01,1.510950605e-02,5.344376693e+00,-4.810712622e-01,-4.564256076e-01,1.115518946e-02,-1.893004121e-03
4.801603241e+01,-1.229871658e+01,-4.452547500e+00,-4.406187276e+00,-1.543557001e+01,-5.625098499e+00,-2.687274399e-01,-8.977628163e-01,-3.490063895e-01,8.541523354e-01,-5.463739454e-02,-5.171389686e-01,4.452046961e-01,-4.370617224e-01,7.815191297e-01,9.330281455e-02,1.630520252e-01,-2.964387166e-01,1.341743490e+01,1.344376903e+01,-2.023688632e-01,1.506352001e-02,5.368669314e+00,-4.810712622e-01,-4.564256076e-01,1.115518946e-02,-1.893004121e-03
4.790724908e+01,-1.267313446e+01,-4.589105537e+00,-4.541916352e+00,-1.539907608e+01,-5.614848585e+00,-2.766364270e-01,-8.956094231e-01,-3.483535425e-01,8.531751861e-01,-6.209002885e-02,-5.179059851e-01,4.422185194e-01,-4.404628074e-01,7.813042512e-01,9.258328335e-02,1.625999682e-01,-2.970140255e-01,1.340574841e+01,1.343268125e+01,-2.020978745e-01,1.501753398e-02,5.392961936e+00,-4.810712622e-01,-4.564256076e-01,1.115518946e-02,-1.893004121e-03
4.779517513e+01,-1.304665607e+01,-4.725408903e+00,-4.677385844e+00,-1.536145255e+01,-5.604229765e+00,-2.845333760e-01,-8.933929070e-01,-3.476787354e-01,8.521231854e-01,-6.953930588e-02,-5.186867209e-01,4.392209219e-01,-4.438304370e-01,7.810885498e-01,9.185055624e-02,1.621394865e-01,-2.975945784e-01,1.339406193e+01,1.342159348e+01,-2.018268857e-01,1.497154795e-02,5.417254557e+00,-4.810712622e-01,-4.564256076e-01,1.115518946e-02,-1.893004121e-03
4.767981808e+01,-1.341925539e+01,-4.861448213e+00,-4.812590626e+00,-1.532270536e+01,-5.593240262e+00,-2.924177487e-01,-8.911133323e-01,-3.469817913e-01,8.509962674e-01,-7.698451454e-02,-5.194810601e-01,4.362123242e-01,-4.471646823e-01,7.808720603e-01,9.110559076e-02,1.616712424e-01,-2.981800852e-01,1.338237545e+01,1.341050570e+01,-2.015558969e-01,1.492556192e-02,5.441547178e+00,-4.810712622e-01,-4.564256076e-01,1.115518946e-02,-1.893004121e-03
4.756118548e+01,-1.379090640e+01,-4.997214080e+00,-4.947525573e+00,-1.528284042e+01,-5.581878299e+00,-3.002890073e-01,-8.887707634e-01,-3.462625333e-01,8.497943660e-01,-8.442494370e-02,-5.202888864e-01,4.331931468e-01,-4.504656143e-01,7.806548176e-01,9.034934443e-02,1.611958986e-01,-2.987702555e-01,1.337068897e+01,1.339941793e+01,-2.012849081e-01,1.487957589e-02,5.465839800e+00,-4.810712622e-01,-4.564256076e-01,1.115518946e-02,-1.893004121e-03
4.743928484e+01,-1.416158307e+01,-5.132697117e+00,-5.082185560e+00,-1.524186369e+01,-5.570142101e+00,-3.081466135e-01,-8.863652644e-01,-3.455207846e-01,8.485174153e-01,-9.185988226e-02,-5.211100837e-01,4.301638106e-01,-4.537333040e-01,7.804368563e-01,8.958277480e-02,1.607141174e-01,-2.993647992e-01,1.335900249e+01,1.338833015e+01,-2.010139193e-01,1.483358985e-02,5.490132421e+00,-4.810712622e-01,-4.564256076e-01,1.115518946e-02,-1.893004121e-03
4.731412371e+01,-1.453125938e+01,-5.267887939e+00,-5.216565462e+00,-1.519978110e+01,-5.558029890e+00,-3.159900295e-01,-8.838968997e-01,-3.447563684e-01,8.471653493e-01,-9.928861912e-02,-5.219445359e-01,4.271247361e-01,-4.569678225e-01,7.802182113e-01,8.880683940e-02,1.602265612e-01,-2.999634260e-01,1.334731600e+01,1.337724238e+01,-2.007429305e-01,1.478760382e-02,5.514425042e+00,-4.810712622e-01,-4.564256076e-01,1.115518946e-02,-1.893004121e-03
4.718570961e+01,-1.489990931e+01,-5.402777158e+00,-5.350660152e+00,-1.515659858e+01,-5.545539890e+00,-3.238187172e-01,-8.813657335e-01,-3.439691080e-01,8.457381020e-01,-1.067104431e-01,-5.227921269e-01,4.240763439e-01,-4.601692408e-01,7.799989172e-01,8.802249577e-02,1.597338925e-01,-3.005658456e-01,1.333562952e+01,1.336615461e+01,-2.004719417e-01,1.474161779e-02,5.538717664e+00,-4.810712622e-01,-4.564256076e-01,1.115518946e-02,-1.893004121e-03
4.705405007e+01,-1.526750683e+01,-5.537355389e+00,-5.484464507e+00,-1.511232206e+01,-5.532670324e+00,-3.316321386e-01,-8.787718301e-01,-3.431588263e-01,8.442356074e-01,-1.141246433e-01,-5.236527405e-01,4.210190547e-01,-4.633376299e-01,7.797790090e-01,8.723070144e-02,1.592367738e-01,-3.011717679e-01,1.332394304e+01,1.335506683e+01,-2.002009529e-01,1.469563176e-02,5.563010285e+00,-4.810712622e-01,-4.564256076e-01,1.115518946e-02,-1.893004121e-03
4.691915263e+01,-1.563402593e+01,-5.671613244e+00,-5.617973400e+00,-1.506695749e+01,-5.519419415e+00,-3.394297555e-01,-8.761152537e-01,-3.423253467e-01,8.426577996e-01,-1.215305083e-01,-5.245262606e-01,4.179532891e-01,-4.664730610e-01,7.795585213e-01,8.643241395e-02,1.587358675e-01,-3.017809025e-01,1.331225656e+01,1.334397906e+01,-1.999299641e-01,1.464964572e-02,5.587302906e+00,-4.810712622e-01,-4.564256076e-01,1.115518946e-02,-1.893004121e-03
4.678102482e+01,-1.599944058e+01,-5.805541339e+00,-5.751181707e+00,-1.502051080e+01,-5.505785388e+00,-3.472110301e-01,-8.733960687e-01,-3.414684923e-01,8.410046126e-01,-1.289273272e-01,-5.254125711e-01,4.148794678e-01,-4.695756050e-01,7.793374889e-01,8.562859084e-02,1.582318360e-01,-3.023929594e-01,1.330057008e+01,1.333289128e+01,-1.996589753e-01,1.460365969e-02,5.611595528e+00,-4.810712622e-01,-4.564256076e-01,1.115518946e-02,-1.893004121e-03
4.663967417e+01,-1.636372476e+01,-5.939130285e+00,-5.884084302e+00,-1.497298793e+01,-5.491766466e+00,-3.549754242e-01,-8.706143394e-01,-3.405880863e-01,8.392759803e-01,-1.363143889e-01,-5.263115559e-01,4.117980114e-01,-4.726453331e-01,7.791159467e-01,8.482018964e-02,1.577253418e-01,-3.030076481e-01,1.328888359e+01,1.332180351e+01,-1.993879865e-01,1.455767366e-02,5.635888149e+00,-4.810712622e-01,-4.564256076e-01,1.115518946e-02,-1.893004121e-03
4.649510820e+01,-1.672685245e+01,-6.072370698e+00,-6.016676060e+00,-1.492439480e+01,-5.477360871e+00,-3.627223999e-01,-8.677701299e-01,-3.396839519e-01,8.374718367e-01,-1.436909822e-01,-5.272230987e-01,4.087093405e-01,-4.756823162e-01,7.788939292e-01,8.400816789e-02,1.572170474e-01,-3.036246786e-01,1.327719711e+01,1.331071573e+01,-1.991169977e-01,1.451168763e-02,5.660180770e+00,-4.810712622e-01,-4.564256076e-01,1.115518946e-02,-1.893004121e-03
4.634733445e+01,-1.708879762e+01,-6.205253190e+00,-6.148951855e+00,-1.487473736e+01,-5.462566828e+00,-3.704514190e-01,-8.648635046e-01,-3.387559121e-01,8.355921160e-01,-1.510563960e-01,-5.281470835e-01,4.056138759e-01,-4.786866254e-01,7.786714715e-01,8.319348313e-02,1.567076151e-01,-3.042437605e-01,1.326551063e+01,1.329962796e+01,-1.988460089e-01,1.446570159e-02,5.684473392e+00,-4.810712622e-01,-4.564256076e-01,1.115518946e-02,-1.893004121e-03
4.619636045e+01,-1.744953425e+01,-6.337768375e+00,-6.280906563e+00,-1.482402155e+01,-5.447382559e+00,-3.781619436e-01,-8.618945278e-01,-3.378037903e-01,8.336367521e-01,-1.584099192e-01,-5.290833942e-01,4.025120381e-01,-4.816583317e-01,7.784486081e-01,8.237709288e-02,1.561977075e-01,-3.048646036e-01,1.325382415e+01,1.328854018e+01,-1.985750201e-01,1.441971556e-02,5.708766013e+00,-4.810712622e-01,-4.564256076e-01,1.115518946e-02,-1.893004121e-03
4.604219374e+01,-1.780903633e+01,-6.469906867e+00,-6.412535059e+00,-1.477225328e+01,-5.431806289e+00,-3.858534356e-01,-8.588632637e-01,-3.368274096e-01,8.316056791e-01,-1.657508407e-01,-5.300319146e-01,3.994042478e-01,-4.845975062e-01,7.782253739e-01,8.155995470e-02,1.556879869e-01,-3.054869177e-01,1.324213767e+01,1.327745241e+01,-1.983040313e-01,1.437372953e-02,5.733058634e+00,-4.810712622e-01,-4.564256076e-01,1.115518946e-02,-1.893004121e-03
4.588484184e+01,-1.816727782e+01,-6.601659280e+00,-6.543832216e+00,-1.471943852e+01,-5.415836241e+00,-3.935253571e-01,-8.557697765e-01,-3.358265931e-01,8.294988308e-01,-1.730784494e-01,-5.309925286e-01,3.962909255e-01,-4.875042199e-01,7.780018036e-01,8.074302611e-02,1.551791159e-01,-3.061104126e-01,1.323045118e+01,1.326636464e+01,-1.980330425e-01,1.432774350e-02,5.757351256e+00,-4.810712622e-01,-4.564256076e-01,1.115518946e-02,-1.893004121e-03
4.572431228e+01,-1.852423271e+01,-6.733016226e+00,-6.674792910e+00,-1.466558318e+01,-5.399470638e+00,-4.011771699e-01,-8.526141307e-01,-3.348011640e-01,8.273161415e-01,-1.803920342e-01,-5.319651201e-01,3.931724921e-01,-4.903785439e-01,7.777779320e-01,7.992726464e-02,1.546717568e-01,-3.067347979e-01,1.321876470e+01,1.325527686e+01,-1.977620538e-01,1.428175747e-02,5.781643877e+00,-4.810712622e-01,-4.564256076e-01,1.115518946e-02,-1.893004121e-03
4.556061260e+01,-1.887987498e+01,-6.863968320e+00,-6.805412015e+00,-1.461069320e+01,-5.382707703e+00,-4.088083360e-01,-8.493963904e-01,-3.337509455e-01,8.250575450e-01,-1.876908840e-01,-5.329495729e-01,3.900493680e-01,-4.932205493e-01,7.775537940e-01,7.911362785e-02,1.541665722e-01,-3.073597836e-01,1.320707822e+01,1.324418909e+01,-1.974910650e-01,1.423577143e-02,5.805936498e+00,-4.810712622e-01,-4.564256076e-01,1.115518946e-02,-1.893004121e-03
4.539375033e+01,-1.923417860e+01,-6.994506176e+00,-6.935684406e+00,-1.455477453e+01,-5.365545660e+00,-4.164183174e-01,-8.461166200e-01,-3.326757608e-01,8.227229754e-01,-1.949742877e-01,-5.339457709e-01,3.869219740e-01,-4.960303070e-01,7.773294241e-01,7.830307326e-02,1.536642244e-01,-3.079850793e-01,1.319539174e+01,1.323310131e+01,-1.972200762e-01,1.418978540e-02,5.830229120e+00,-4.810712622e-01,-4.564256076e-01,1.115518946e-02,-1.893004121e-03
4.522373299e+01,-1.958711754e+01,-7.124620406e+00,-7.065604959e+00,-1.449783309e+01,-5.347982733e+00,-4.240065761e-01,-8.427748836e-01,-3.315754331e-01,8.203123667e-01,-2.022415340e-01,-5.349535979e-01,3.837907307e-01,-4.988078881e-01,7.771048573e-01,7.749655840e-02,1.531653759e-01,-3.086103948e-01,1.318370526e+01,1.322201354e+01,-1.969490874e-01,1.414379937e-02,5.854521741e+00,-4.810712622e-01,-4.564256076e-01,1.115518946e-02,-1.893004121e-03
4.505056812e+01,-1.993866579e+01,-7.254301625e+00,-7.195168547e+00,-1.443987482e+01,-5.330017144e+00,-4.315725741e-01,-8.393712456e-01,-3.304497855e-01,8.178256530e-01,-2.094919121e-01,-5.359729379e-01,3.806560587e-01,-5.015533637e-01,7.768801283e-01,7.669504082e-02,1.526706891e-01,-3.092354398e-01,1.317201877e+01,1.321092576e+01,-1.966780986e-01,1.409781334e-02,5.878814362e+00,-4.810712622e-01,-4.564256076e-01,1.115518946e-02,-1.893004121e-03
4.487426325e+01,-2.028879733e+01,-7.383540447e+00,-7.324370045e+00,-1.438090566e+01,-5.311647118e+00,-4.391157732e-01,-8.359057703e-01,-3.292986412e-01,8.152627681e-01,-2.167247107e-01,-5.370036747e-01,3.775183786e-01,-5.042668048e-01,7.766552719e-01,7.589947806e-02,1.521808266e-01,-3.098599242e-01,1.316033229e+01,1.319983799e+01,-1.964071098e-01,1.405182730e-02,5.903106984e+00,-4.810712622e-01,-4.564256076e-01,1.115518946e-02,-1.893004121e-03
4.469482591e+01,-2.063748613e+01,-7.512327484e+00,-7.453204329e+00,-1.432093154e+01,-5.292870877e+00,-4.466356356e-01,-8.323785219e-01,-3.281218234e-01,8.126236463e-01,-2.239392186e-01,-5.380456922e-01,3.743781112e-01,-5.069482824e-01,7.764303227e-01,7.511082764e-02,1.516964507e-01,-3.104835577e-01,1.314864581e+01,1.318875021e+01,-1.961361210e-01,1.400584127e-02,5.927399605e+00,-4.810712622e-01,-4.564256076e-01,1.115518946e-02,-1.893004121e-03
4.451226364e+01,-2.098470617e+01,-7.640653350e+00,-7.581666272e+00,-1.425995839e+01,-5.273686645e+00,-4.541316230e-01,-8.287895647e-01,-3.269191552e-01,8.099082214e-01,-2.311347250e-01,-5.390988743e-01,3.712356770e-01,-5.095978676e-01,7.762053157e-01,7.433004710e-02,1.512182239e-01,-3.111060501e-01,1.313695933e+01,1.317766244e+01,-1.958651322e-01,1.395985524e-02,5.951692226e+00,-4.810712622e-01,-4.564256076e-01,1.115518946e-02,-1.893004121e-03
4.432658396e+01,-2.133043143e+01,-7.768508660e+00,-7.709750750e+00,-1.419799216e+01,-5.254092647e+00,-4.616031976e-01,-8.251389629e-01,-3.256904598e-01,8.071164274e-01,-2.383105185e-01,-5.401631047e-01,3.680914967e-01,-5.122156315e-01,7.759802855e-01,7.355809398e-02,1.507468086e-01,-3.117271111e-01,1.312527285e+01,1.316657467e+01,-1.955941434e-01,1.391386921e-02,5.975984848e+00,-4.810712622e-01,-4.564256076e-01,1.115518946e-02,-1.893004121e-03
4.413779440e+01,-2.167463589e+01,-7.895884026e+00,-7.837452638e+00,-1.413503878e+01,-5.234087104e+00,-4.690498213e-01,-8.214267810e-01,-3.244355605e-01,8.042481985e-01,-2.454658881e-01,-5.412382675e-01,3.649459909e-01,-5.148016450e-01,7.757552670e-01,7.279592582e-02,1.502828673e-01,-3.123464505e-01,1.311358636e+01,1.315548689e+01,-1.953231546e-01,1.386788317e-02,6.000277469e+00,-4.810712622e-01,-4.564256076e-01,1.115518946e-02,-1.893004121e-03
4.394590250e+01,-2.201729352e+01,-8.022770062e+00,-7.964766810e+00,-1.407110418e+01,-5.213668240e+00,-4.764709560e-01,-8.176530830e-01,-3.231542803e-01,8.013034686e-01,-2.526001227e-01,-5.423242464e-01,3.617995803e-01,-5.173559793e-01,7.755302949e-01,7.204450016e-02,1.498270625e-01,-3.129637780e-01,1.310189988e+01,1.314439912e+01,-1.950521658e-01,1.382189714e-02,6.024570090e+00,-4.810712622e-01,-4.564256076e-01,1.115518946e-02,-1.893004121e-03
4.375091578e+01,-2.235837830e+01,-8.149157383e+00,-8.091688140e+00,-1.400619431e+01,-5.192834279e+00,-4.838660637e-01,-8.138179334e-01,-3.218464425e-01,7.982821717e-01,-2.597125112e-01,-5.434209254e-01,3.586526855e-01,-5.198787053e-01,7.753054040e-01,7.130477452e-02,1.493800565e-01,-3.135788034e-01,1.309021340e+01,1.313331134e+01,-1.947811770e-01,1.377591111e-02,6.048862712e+00,-4.810712622e-01,-4.564256076e-01,1.115518946e-02,-1.893004121e-03
4.355284179e+01,-2.269786421e+01,-8.275036601e+00,-8.218211504e+00,-1.394031508e+01,-5.171583445e+00,-4.912346064e-01,-8.099213963e-01,-3.205118702e-01,7.951842419e-01,-2.668023424e-01,-5.445281882e-01,3.555057271e-01,-5.223698942e-01,7.750806290e-01,7.057770644e-02,1.489425118e-01,-3.141912366e-01,1.307852692e+01,1.312222357e+01,-1.945101882e-01,1.372992508e-02,6.073155333e+00,-4.810712622e-01,-4.564256076e-01,1.115518946e-02,-1.893004121e-03
4.335168804e+01,-2.303572523e+01,-8.400398331e+00,-8.344331777e+00,-1.387347245e+01,-5.149913960e+00,-4.985760461e-01,-8.059635361e-01,-3.191503866e-01,7.920096131e-01,-2.738689053e-01,-5.456459188e-01,3.523591259e-01,-5.248296169e-01,7.748560047e-01,6.986425347e-02,1.485150909e-01,-3.148007872e-01,1.306684044e+01,1.311113579e+01,-1.942391994e-01,1.368393905e-02,6.097447954e+00,-4.810712622e-01,-4.564256076e-01,1.115518946e-02,-1.893004121e-03
4.314746207e+01,-2.337193533e+01,-8.525233185e+00,-8.470043833e+00,-1.380567235e+01,-5.127824048e+00,-5.058898447e-01,-8.019444170e-01,-3.177618149e-01,7.887582194e-01,-2.809114887e-01,-5.467740011e-01,3.492133024e-01,-5.272579446e-01,7.746315659e-01,6.916537313e-02,1.480984562e-01,-3.154071650e-01,1.305515395e+01,1.310004802e+01,-1.939682106e-01,1.363795301e-02,6.121740576e+00,-4.810712622e-01,-4.564256076e-01,1.115518946e-02,-1.893004121e-03
4.294028765e+01,-2.370644287e+01,-8.650056876e+00,-8.595437290e+00,-1.373581223e+01,-5.106505053e+00,-5.131632242e-01,-7.978525294e-01,-3.163857579e-01,7.854449111e-01,-2.879121981e-01,-5.479211120e-01,3.460339301e-01,-5.296671150e-01,7.743931818e-01,6.870103774e-02,1.466851904e-01,-3.158616440e-01,1.304536410e+01,1.309014467e+01,-1.933694758e-01,1.362436066e-02,6.146033197e+00,-4.029971295e-01,-4.076689386e-01,2.464677736e-02,-5.595261598e-04
4.273005321e+01,-2.403924927e+01,-8.774261049e+00,-8.720351720e+00,-1.366530279e+01,-5.084435761e+00,-5.203977817e-01,-7.937169683e-01,-3.149589368e-01,7.820590753e-01,-2.948914668e-01,-5.490670593e-01,3.428675816e-01,-5.320222380e-01,7.741703227e-01,6.825208521e-02,1.452789020e-01,-3.163207245e-01,1.303557424e+01,1.308024132e+01,-1.927707410e-01,1.361076830e-02,6.170325818e+00,-4.029971295e-01,-4.076689386e-01,2.464677736e-02,-5.595261598e-04
4.251677204e+01,-2.437033842e+01,-8.897835174e+00,-8.844784815e+00,-1.359414358e+01,-5.061627010e+00,-5.275931826e-01,-7.895376454e-01,-3.134821729e-01,7.786011385e-01,-3.018487441e-01,-5.502114023e-01,3.397140189e-01,-5.343239743e-01,7.739628206e-01,6.781817716e-02,1.438804914e-01,-3.167840641e-01,1.302578438e+01,1.307033798e+01,-1.921720062e-01,1.359717594e-02,6.194618440e+00,-4.029971295e-01,-4.076689386e-01,2.464677736e-02,-5.595261598e-04
4.230045740e+01,-2.469969425e+01,-9.020768721e+00,-8.968734267e+00,-1.352233415e+01,-5.038089634e+00,-5.347490925e-01,-7.853144722e-01,-3.119562870e-01,7.750715268e-01,-3.087834794e-01,-5.513537004e-01,3.365730044e-01,-5.365729846e-01,7.737705074e-01,6.739897516e-02,1.424908592e-01,-3.172513207e-01,1.301599453e+01,1.306043463e+01,-1.915732713e-01,1.358358358e-02,6.218911061e+00,-4.029971295e-01,-4.076689386e-01,2.464677736e-02,-5.595261598e-04
4.208112258e+01,-2.502730065e+01,-9.143051160e+00,-9.092197771e+00,-1.344987405e+01,-5.013834468e+00,-5.418651768e-01,-7.810473603e-01,-3.103821002e-01,7.714706666e-01,-3.156951219e-01,-5.524935129e-01,3.334443003e-01,-5.387699295e-01,7.735932149e-01,6.699414080e-02,1.411109059e-01,-3.177221520e-01,1.300620467e+01,1.305053128e+01,-1.909745365e-01,1.356999123e-02,6.243203682e+00,-4.029971295e-01,-4.076689386e-01,2.464677736e-02,-5.595261598e-04
4.185878085e+01,-2.535314153e+01,-9.264671960e+00,-9.215173019e+00,-1.337676284e+01,-4.988872350e+00,-5.489411011e-01,-7.767362214e-01,-3.087604337e-01,7.677989842e-01,-3.225831211e-01,-5.536303993e-01,3.303276687e-01,-5.409154698e-01,7.734307753e-01,6.660333569e-02,1.397415320e-01,-3.181962159e-01,1.299641481e+01,1.304062794e+01,-1.903758017e-01,1.355639887e-02,6.267496304e+00,-4.029971295e-01,-4.076689386e-01,2.464677736e-02,-5.595261598e-04
4.163344548e+01,-2.567720081e+01,-9.385620593e+00,-9.337657705e+00,-1.330300006e+01,-4.963214113e+00,-5.559765310e-01,-7.723809671e-01,-3.070921084e-01,7.640569058e-01,-3.294469263e-01,-5.547639188e-01,3.272228720e-01,-5.430102660e-01,7.732830203e-01,6.622622142e-02,1.383836380e-01,-3.186731701e-01,1.298662496e+01,1.303072459e+01,-1.897770668e-01,1.354280651e-02,6.291788925e+00,-4.029971295e-01,-4.076689386e-01,2.464677736e-02,-5.595261598e-04
4.140512975e+01,-2.599946238e+01,-9.505886527e+00,-9.459649521e+00,-1.322858527e+01,-4.936870595e+00,-5.629711318e-01,-7.679815089e-01,-3.053779454e-01,7.602448577e-01,-3.362859867e-01,-5.558936308e-01,3.241296722e-01,-5.450549790e-01,7.731497819e-01,6.586245956e-02,1.370381244e-01,-3.191526723e-01,1.297683510e+01,1.302082124e+01,-1.891783320e-01,1.352921416e-02,6.316081546e+00,-4.029971295e-01,-4.076689386e-01,2.464677736e-02,-5.595261598e-04
4.117384694e+01,-2.631991017e+01,-9.625459234e+00,-9.581146161e+00,-1.315351802e+01,-4.909852630e+00,-5.699245693e-01,-7.635377585e-01,-3.036187658e-01,7.563632662e-01,-3.430997517e-01,-5.570190948e-01,3.210478317e-01,-5.470502693e-01,7.730308920e-01,6.551171172e-02,1.357058917e-01,-3.196343805e-01,1.296704524e+01,1.301091789e+01,-1.885795972e-01,1.351562180e-02,6.340374168e+00,-4.029971295e-01,-4.076689386e-01,2.464677736e-02,-5.595261598e-04
4.093961032e+01,-2.663852807e+01,-9.744328182e+00,-9.702145317e+00,-1.307779786e+01,-4.882171053e+00,-5.768365089e-01,-7.590496275e-01,-3.018153906e-01,7.524125576e-01,-3.498876706e-01,-5.581398699e-01,3.179771126e-01,-5.489967976e-01,7.729261826e-01,6.517363948e-02,1.343878405e-01,-3.201179523e-01,1.295725539e+01,1.300101455e+01,-1.879808624e-01,1.350202944e-02,6.364666789e+00,-4.029971295e-01,-4.076689386e-01,2.464677736e-02,-5.595261598e-04
4.070243316e+01,-2.695529999e+01,-9.862482843e+00,-9.822644683e+00,-1.300142435e+01,-4.853836702e+00,-5.837066161e-01,-7.545170275e-01,-2.999686409e-01,7.483931581e-01,-3.566491929e-01,-5.592555157e-01,3.149172772e-01,-5.508952247e-01,7.728354856e-01,6.484790444e-02,1.330848712e-01,-3.206030456e-01,1.294746553e+01,1.299111120e+01,-1.873821275e-01,1.348843708e-02,6.388959410e+00,-4.029971295e-01,-4.076689386e-01,2.464677736e-02,-5.595261598e-04
4.046232875e+01,-2.727020985e+01,-9.979912686e+00,-9.942641952e+00,-1.292439704e+01,-4.824860410e+00,-5.905345564e-01,-7.499398701e-01,-2.980793378e-01,7.443054941e-01,-3.633837677e-01,-5.603655914e-01,3.118680877e-01,-5.527462111e-01,7.727586329e-01,6.453416819e-02,1.317978844e-01,-3.210893181e-01,1.293767567e+01,1.298120785e+01,-1.867833927e-01,1.347484473e-02,6.413252032e+00,-4.029971295e-01,-4.076689386e-01,2.464677736e-02,-5.595261598e-04
4.021931035e+01,-2.758324155e+01,-1.009660718e+01,-1.006213482e+01,-1.284671547e+01,-4.795253015e+00,-5.973199954e-01,-7.453180669e-01,-2.961483022e-01,7.401499917e-01,-3.700908444e-01,-5.614696565e-01,3.088293063e-01,-5.545504176e-01,7.726954565e-01,6.423209232e-02,1.305277806e-01,-3.215764277e-01,1.292788582e+01,1.297130451e+01,-1.861846579e-01,1.346125237e-02,6.437544653e+00,-4.029971295e-01,-4.076689386e-01,2.464677736e-02,-5.595261598e-04
3.997339125e+01,-2.789437899e+01,-1.021255580e+01,-1.018112097e+01,-1.276837920e+01,-4.765025351e+00,-6.040625986e-01,-7.406515296e-01,-2.941763552e-01,7.359270774e-01,-3.767698724e-01,-5.625672702e-01,3.058006952e-01,-5.563085048e-01,7.726457882e-01,6.394133841e-02,1.292754602e-01,-3.220640321e-01,1.291809596e+01,1.296140116e+01,-1.855859230e-01,1.344766001e-02,6.461837274e+00,-4.029971295e-01,-4.076689386e-01,2.464677736e-02,-5.595261598e-04
3.972458471e+01,-2.820360610e+01,-1.032774801e+01,-1.029959811e+01,-1.268938779e+01,-4.734188254e+00,-6.107620315e-01,-7.359401697e-01,-2.921643179e-01,7.316371774e-01,-3.834203010e-01,-5.636579920e-01,3.027820166e-01,-5.580211334e-01,7.726094601e-01,6.366156807e-02,1.280418238e-01,-3.225517890e-01,1.290830610e+01,1.295149781e+01,-1.849871882e-01,1.343406766e-02,6.486129896e+00,-4.029971295e-01,-4.076689386e-01,2.464677736e-02,-5.595261598e-04
3.947290402e+01,-2.851090677e+01,-1.044217328e+01,-1.041756392e+01,-1.260974079e+01,-4.702752559e+00,-6.174179596e-01,-7.311838989e-01,-2.901130114e-01,7.272807179e-01,-3.900415796e-01,-5.647413812e-01,2.997730328e-01,-5.596889640e-01,7.725863039e-01,6.339244289e-02,1.268277720e-01,-3.230393564e-01,1.289851625e+01,1.294159446e+01,-1.843884534e-01,1.342047530e-02,6.510422517e+00,-4.029971295e-01,-4.076689386e-01,2.464677736e-02,-5.595261598e-04
3.921836245e+01,-2.881626491e+01,-1.055582109e+01,-1.053501610e+01,-1.252943774e+01,-4.670729103e+00,-6.240300485e-01,-7.263826287e-01,-2.880232567e-01,7.228581253e-01,-3.966331573e-01,-5.658169971e-01,2.967735059e-01,-5.613126575e-01,7.725761517e-01,6.313362445e-02,1.256342052e-01,-3.235263919e-01,1.288872639e+01,1.293169112e+01,-1.837897185e-01,1.340688294e-02,6.534715138e+00,-4.029971295e-01,-4.076689386e-01,2.464677736e-02,-5.595261598e-04
3.896097327e+01,-2.911966443e+01,-1.066868090e+01,-1.065195234e+01,-1.244847820e+01,-4.638128721e+00,-6.305979637e-01,-7.215362708e-01,-2.858958748e-01,7.183698258e-01,-4.031944837e-01,-5.668843992e-01,2.937831983e-01,-5.628928743e-01,7.725788355e-01,6.288477434e-02,1.244620239e-01,-3.240125533e-01,1.287893653e+01,1.292178777e+01,-1.831909837e-01,1.339329058e-02,6.559007760e+00,-4.029971295e-01,-4.076689386e-01,2.464677736e-02,-5.595261598e-04
3.870074976e+01,-2.942108924e+01,-1.078074218e+01,-1.076837034e+01,-1.236686172e+01,-4.604962248e+00,-6.371213707e-01,-7.166447367e-01,-2.837316869e-01,7.138162457e-01,-4.097250080e-01,-5.679431467e-01,2.908018720e-01,-5.644302753e-01,7.725941870e-01,6.264555416e-02,1.233121286e-01,-3.244974985e-01,1.286914668e+01,1.291188442e+01,-1.825922489e-01,1.337969823e-02,6.583300381e+00,-4.029971295e-01,-4.076689386e-01,2.464677736e-02,-5.595261598e-04
3.843770520e+01,-2.972052324e+01,-1.089199440e+01,-1.088426778e+01,-1.228458786e+01,-4.571240520e+00,-6.435999351e-01,-7.117079382e-01,-2.815315138e-01,7.091978113e-01,-4.162241795e-01,-5.689927990e-01,2.878292894e-01,-5.659255210e-01,7.726220383e-01,6.241562550e-02,1.221854199e-01,-3.249808853e-01,1.285935682e+01,1.290198108e+01,-1.819935141e-01,1.336610587e-02,6.607593002e+00,-4.029971295e-01,-4.076689386e-01,2.464677736e-02,-5.595261598e-04
3.817185286e+01,-3.001795036e+01,-1.100242703e+01,-1.099964237e+01,-1.220165616e+01,-4.536974373e+00,-6.500333223e-01,-7.067257867e-01,-2.792961769e-01,7.045149489e-01,-4.226914475e-01,-5.700329156e-01,2.848652126e-01,-5.673792722e-01,7.726622212e-01,6.219464995e-02,1.210827983e-01,-3.254623713e-01,1.284956696e+01,1.289207773e+01,-1.813947792e-01,1.335251351e-02,6.631885624e+00,-4.029971295e-01,-4.076689386e-01,2.464677736e-02,-5.595261598e-04
3.790320602e+01,-3.031335448e+01,-1.111202955e+01,-1.111449178e+01,-1.211806618e+01,-4.502174642e+00,-6.564211979e-01,-7.016981940e-01,-2.770264969e-01,6.997680847e-01,-4.291262615e-01,-5.710630557e-01,2.819094039e-01,-5.687921895e-01,7.727145678e-01,6.198228910e-02,1.200051642e-01,-3.259416145e-01,1.283977711e+01,1.288217438e+01,-1.807960444e-01,1.333892116e-02,6.656178245e+00,-4.029971295e-01,-4.076689386e-01,2.464677736e-02,-5.595261598e-04
3.763177795e+01,-3.060671953e+01,-1.122079142e+01,-1.122881373e+01,-1.203381747e+01,-4.466852163e+00,-6.627632274e-01,-6.966250716e-01,-2.747232951e-01,6.949576450e-01,-4.355280707e-01,-5.720827787e-01,2.789616255e-01,-5.701649337e-01,7.727789098e-01,6.177820455e-02,1.189534182e-01,-3.264182725e-01,1.282998725e+01,1.287227103e+01,-1.801973096e-01,1.332532880e-02,6.680470866e+00,-4.029971295e-01,-4.076689386e-01,2.464677736e-02,-5.595261598e-04
3.735758192e+01,-3.089802940e+01,-1.132870212e+01,-1.134260590e+01,-1.194890958e+01,-4.431017771e+00,-6.690590763e-01,-6.915063311e-01,-2.723873925e-01,6.900840562e-01,-4.418963245e-01,-5.730916440e-01,2.760216395e-01,-5.714981653e-01,7.728550794e-01,6.158205788e-02,1.179284608e-01,-3.268920032e-01,1.282019739e+01,1.286236769e+01,-1.795985747e-01,1.331173644e-02,6.704763488e+00,-4.029971295e-01,-4.076689386e-01,2.464677736e-02,-5.595261598e-04
3.708063122e+01,-3.118726802e+01,-1.143575110e+01,-1.145586597e+01,-1.186334206e+01,-4.394682303e+00,-6.753084102e-01,-6.863418841e-01,-2.700196101e-01,6.851477444e-01,-4.482304721e-01,-5.740892109e-01,2.730892083e-01,-5.727925450e-01,7.729429083e-01,6.139351068e-02,1.169311926e-01,-3.273624643e-01,1.281040754e+01,1.285246434e+01,-1.789998399e-01,1.329814409e-02,6.729056109e+00,-4.029971295e-01,-4.076689386e-01,2.464677736e-02,-5.595261598e-04
3.680093912e+01,-3.147441928e+01,-1.154192785e+01,-1.156859166e+01,-1.177711447e+01,-4.357856593e+00,-6.815108946e-01,-6.811316423e-01,-2.676207690e-01,6.801491361e-01,-4.545299630e-01,-5.750750388e-01,2.701640940e-01,-5.740487336e-01,7.730422286e-01,6.121222455e-02,1.159625139e-01,-3.278293137e-01,1.280061768e+01,1.284256099e+01,-1.784011051e-01,1.328455173e-02,6.753348730e+00,-4.029971295e-01,-4.076689386e-01,2.464677736e-02,-5.595261598e-04
3.651851889e+01,-3.175946709e+01,-1.164722184e+01,-1.168078064e+01,-1.169022636e+01,-4.320551478e+00,-6.876661950e-01,-6.758755172e-01,-2.651916902e-01,6.750886573e-01,-4.607942464e-01,-5.760486871e-01,2.672460589e-01,-5.752673917e-01,7.731528721e-01,6.103786108e-02,1.150233254e-01,-3.282922091e-01,1.279082782e+01,1.283265765e+01,-1.778023703e-01,1.327095937e-02,6.777641352e+00,-4.029971295e-01,-4.076689386e-01,2.464677736e-02,-5.595261598e-04
3.623338381e+01,-3.204239536e+01,-1.175162252e+01,-1.179243062e+01,-1.160267729e+01,-4.282777792e+00,-6.937739769e-01,-6.705734205e-01,-2.627331948e-01,6.699667346e-01,-4.670227717e-01,-5.770097151e-01,2.643348651e-01,-5.764491799e-01,7.732746707e-01,6.087008186e-02,1.141145275e-01,-3.287508083e-01,1.278103797e+01,1.282275430e+01,-1.772036354e-01,1.325736701e-02,6.801933973e+00,-4.029971295e-01,-4.076689386e-01,2.464677736e-02,-5.595261598e-04
3.594554716e+01,-3.232318800e+01,-1.185511938e+01,-1.190353928e+01,-1.151446679e+01,-4.244546372e+00,-6.998339059e-01,-6.652252638e-01,-2.602461038e-01,6.647837940e-01,-4.732149882e-01,-5.779576821e-01,2.614302749e-01,-5.775947590e-01,7.734074565e-01,6.070854847e-02,1.132370208e-01,-3.292047691e-01,1.277124811e+01,1.281285095e+01,-1.766049006e-01,1.324377466e-02,6.826226594e+00,-4.029971295e-01,-4.076689386e-01,2.464677736e-02,-5.595261598e-04
3.565502221e+01,-3.260182892e+01,-1.195770189e+01,-1.201410432e+01,-1.142559443e+01,-4.205868053e+00,-7.058456475e-01,-6.598309587e-01,-2.577312384e-01,6.595402620e-01,-4.793703453e-01,-5.788921476e-01,2.585320505e-01,-5.787047897e-01,7.735510613e-01,6.055292252e-02,1.123917058e-01,-3.296537493e-01,1.276145825e+01,1.280294760e+01,-1.760061658e-01,1.323018230e-02,6.850519216e+00,-4.029971295e-01,-4.076689386e-01,2.464677736e-02,-5.595261598e-04
3.536182223e+01,-3.287830203e+01,-1.205935950e+01,-1.212412344e+01,-1.133605975e+01,-4.166753671e+00,-7.118088671e-01,-6.543904167e-01,-2.551894195e-01,6.542365647e-01,-4.854882922e-01,-5.798126708e-01,2.556399541e-01,-5.797799325e-01,7.737053170e-01,6.040286560e-02,1.115794829e-01,-3.300974067e-01,1.275166840e+01,1.279304426e+01,-1.754074309e-01,1.321658994e-02,6.874811837e+00,-4.029971295e-01,-4.076689386e-01,2.464677736e-02,-5.595261598e-04
3.506596050e+01,-3.315259123e+01,-1.216008170e+01,-1.223359432e+01,-1.124586231e+01,-4.127214061e+00,-7.177232304e-01,-6.489035496e-01,-2.526214682e-01,6.488731285e-01,-4.915682784e-01,-5.807188112e-01,2.527537479e-01,-5.808208482e-01,7.738700557e-01,6.025803929e-02,1.108012527e-01,-3.305353990e-01,1.274187854e+01,1.278314091e+01,-1.748086961e-01,1.320299759e-02,6.899104458e+00,-4.029971295e-01,-4.076689386e-01,2.464677736e-02,-5.595261598e-04
3.476745030e+01,-3.342468043e+01,-1.225985795e+01,-1.234251465e+01,-1.115500167e+01,-4.087260059e+00,-7.235884029e-01,-6.433702689e-01,-2.500282056e-01,6.434503796e-01,-4.976097530e-01,-5.816101281e-01,2.498731943e-01,-5.818281975e-01,7.740451091e-01,6.011810518e-02,1.100579158e-01,-3.309673840e-01,1.273208868e+01,1.277323756e+01,-1.742099613e-01,1.318940523e-02,6.923397080e+00,-4.029971295e-01,-4.076689386e-01,2.464677736e-02,-5.595261598e-04
3.446630491e+01,-3.369455354e+01,-1.235867773e+01,-1.245088214e+01,-1.106347737e+01,-4.046902500e+00,-7.294040500e-01,-6.377904862e-01,-2.474104526e-01,6.379687444e-01,-5.036121655e-01,-5.824861809e-01,2.469980552e-01,-5.828026410e-01,7.742303093e-01,5.998272487e-02,1.093503725e-01,-3.313930196e-01,1.272229883e+01,1.276333422e+01,-1.736112264e-01,1.317581287e-02,6.947689701e+00,-4.029971295e-01,-4.076689386e-01,2.464677736e-02,-5.595261598e-04
3.416253759e+01,-3.396219447e+01,-1.245653050e+01,-1.255869447e+01,-1.097128896e+01,-4.006152221e+00,-7.351698373e-01,-6.321641131e-01,-2.447690305e-01,6.324286490e-01,-5.095749653e-01,-5.833465288e-01,2.441280931e-01,-5.837448394e-01,7.744254882e-01,5.985155995e-02,1.086795235e-01,-3.318119634e-01,1.271250897e+01,1.275343087e+01,-1.730124916e-01,1.316222051e-02,6.971982322e+00,-4.029971295e-01,-4.076689386e-01,2.464677736e-02,-5.595261598e-04
3.385616162e+01,-3.422758713e+01,-1.255340573e+01,-1.266594934e+01,-1.087843600e+01,-3.965020056e+00,-7.408854303e-01,-6.264910613e-01,-2.421047602e-01,6.268305199e-01,-5.154976015e-01,-5.841907314e-01,2.412630701e-01,-5.846554534e-01,7.746304777e-01,5.972427201e-02,1.080462692e-01,-3.322238734e-01,1.270271911e+01,1.274352752e+01,-1.724137568e-01,1.314862816e-02,6.996274944e+00,-4.029971295e-01,-4.076689386e-01,2.464677736e-02,-5.595261598e-04
3.354719029e+01,-3.449071542e+01,-1.264929290e+01,-1.277264444e+01,-1.078491804e+01,-3.923516842e+00,-7.465504946e-01,-6.207712423e-01,-2.394184627e-01,6.211747832e-01,-5.213795236e-01,-5.850183479e-01,2.384027484e-01,-5.855351436e-01,7.748451097e-01,5.960052264e-02,1.074515101e-01,-3.326284072e-01,1.269292926e+01,1.273362417e+01,-1.718150220e-01,1.313503580e-02,7.020567565e+00,-4.029971295e-01,-4.076689386e-01,2.464677736e-02,-5.595261598e-04
3.323563685e+01,-3.475156325e+01,-1.274418147e+01,-1.287877746e+01,-1.069073463e+01,-3.881653414e+00,-7.521646957e-01,-6.150045677e-01,-2.367109592e-01,6.154618653e-01,-5.272201809e-01,-5.858289377e-01,2.355468903e-01,-5.863845707e-01,7.750692161e-01,5.947997343e-02,1.068961468e-01,-3.330252227e-01,1.268313940e+01,1.272372083e+01,-1.712162871e-01,1.312144344e-02,7.044860186e+00,-4.029971295e-01,-4.076689386e-01,2.464677736e-02,-5.595261598e-04
3.292151460e+01,-3.501011453e+01,-1.283806091e+01,-1.298434610e+01,-1.059588532e+01,-3.839440607e+00,-7.577276990e-01,-6.091909493e-01,-2.339830706e-01,6.096921924e-01,-5.330190226e-01,-5.866220602e-01,2.326952579e-01,-5.872043955e-01,7.753026290e-01,5.936228598e-02,1.063810798e-01,-3.334139777e-01,1.267334954e+01,1.271381748e+01,-1.706175523e-01,1.310785109e-02,7.069152808e+00,-4.029971295e-01,-4.076689386e-01,2.464677736e-02,-5.595261598e-04
3.260483680e+01,-3.526635317e+01,-1.293092070e+01,-1.308934805e+01,-1.050036967e+01,-3.796889258e+00,-7.632391702e-01,-6.033302985e-01,-2.312356181e-01,6.038661908e-01,-5.387754983e-01,-5.873972747e-01,2.298476135e-01,-5.879952785e-01,7.755451801e-01,5.924712187e-02,1.059072095e-01,-3.337943299e-01,1.266355969e+01,1.270391413e+01,-1.700188175e-01,1.309425873e-02,7.093445429e+00,-4.029971295e-01,-4.076689386e-01,2.464677736e-02,-5.595261598e-04
3.228561674e+01,-3.552026308e+01,-1.302275030e+01,-1.319378100e+01,-1.040418723e+01,-3.754010201e+00,-7.686987748e-01,-5.974225270e-01,-2.284694227e-01,5.979842869e-01,-5.444890570e-01,-5.881541405e-01,2.270037192e-01,-5.887578805e-01,7.757967016e-01,5.913414270e-02,1.054754366e-01,-3.341659371e-01,1.265376983e+01,1.269401079e+01,-1.694200826e-01,1.308066637e-02,7.117738050e+00,-4.029971295e-01,-4.076689386e-01,2.464677736e-02,-5.595261598e-04
3.196386768e+01,-3.577182816e+01,-1.311353919e+01,-1.329764265e+01,-1.030733755e+01,-3.710814272e+00,-7.741061781e-01,-5.914675465e-01,-2.256853054e-01,5.920469068e-01,-5.501591483e-01,-5.888922171e-01,2.241633374e-01,-5.894928621e-01,7.760570251e-01,5.902301006e-02,1.050866614e-01,-3.345284571e-01,1.264397997e+01,1.268410744e+01,-1.688213478e-01,1.306707401e-02,7.142030672e+00,-4.029971295e-01,-4.076689386e-01,2.464677736e-02,-5.595261598e-04
3.163960290e+01,-3.602103232e+01,-1.320327683e+01,-1.340093068e+01,-1.020982018e+01,-3.667312308e+00,-7.794610459e-01,-5.854652684e-01,-2.228840874e-01,5.860544768e-01,-5.557852215e-01,-5.896110638e-01,2.213262303e-01,-5.902008840e-01,7.763259828e-01,5.891338553e-02,1.047417846e-01,-3.348815477e-01,1.263419012e+01,1.267420409e+01,-1.682226130e-01,1.305348166e-02,7.166323293e+00,-4.029971295e-01,-4.076689386e-01,2.464677736e-02,-5.595261598e-04
3.131283568e+01,-3.626785947e+01,-1.329195269e+01,-1.350364280e+01,-1.011163467e+01,-3.623515143e+00,-7.847630436e-01,-5.794156044e-01,-2.200665896e-01,5.800074233e-01,-5.613667258e-01,-5.903102400e-01,2.184921600e-01,-5.908826069e-01,7.766034065e-01,5.880493072e-02,1.044417066e-01,-3.352248667e-01,1.262440026e+01,1.266430074e+01,-1.676238782e-01,1.303988930e-02,7.190615914e+00,-4.029971295e-01,-4.076689386e-01,2.464677736e-02,-5.595261598e-04
3.098357929e+01,-3.651229353e+01,-1.337955625e+01,-1.360577670e+01,-1.001278058e+01,-3.579433613e+00,-7.900118368e-01,-5.733184662e-01,-2.172336330e-01,5.739061725e-01,-5.669031106e-01,-5.909893049e-01,2.156608887e-01,-5.915386914e-01,7.768891282e-01,5.869730721e-02,1.041873279e-01,-3.355580718e-01,1.261461040e+01,1.265439740e+01,-1.670251433e-01,1.302629694e-02,7.214908536e+00,-4.029971295e-01,-4.076689386e-01,2.464677736e-02,-5.595261598e-04
3.065184701e+01,-3.675431838e+01,-1.346607697e+01,-1.370733006e+01,-9.913257459e+00,-3.535078555e+00,-7.952070909e-01,-5.671737653e-01,-2.143860389e-01,5.677511508e-01,-5.723938252e-01,-5.916478181e-01,2.128321787e-01,-5.921697983e-01,7.771829797e-01,5.859017659e-02,1.039795491e-01,-3.358808209e-01,1.260482055e+01,1.264449405e+01,-1.664264085e-01,1.301270459e-02,7.239201157e+00,-4.029971295e-01,-4.076689386e-01,2.464677736e-02,-5.595261598e-04
3.031765211e+01,-3.699391796e+01,-1.355150432e+01,-1.380830058e+01,-9.813064857e+00,-3.490460802e+00,-8.003484715e-01,-5.609814134e-01,-2.115246282e-01,5.615427843e-01,-5.778383189e-01,-5.922853387e-01,2.100057923e-01,-5.927765882e-01,7.774847931e-01,5.848320045e-02,1.038192706e-01,-3.361927717e-01,1.259503069e+01,1.263459070e+01,-1.658276737e-01,1.299911223e-02,7.263493778e+00,-4.029971295e-01,-4.076689386e-01,2.464677736e-02,-5.595261598e-04
2.998100787e+01,-3.723107615e+01,-1.363582778e+01,-1.390868596e+01,-9.712202328e+00,-3.445591192e+00,-8.054356441e-01,-5.547413220e-01,-2.086502219e-01,5.552814993e-01,-5.832360412e-01,-5.929014263e-01,2.071814915e-01,-5.933597217e-01,7.777944002e-01,5.837604039e-02,1.037073930e-01,-3.364935821e-01,1.258524083e+01,1.262468736e+01,-1.652289388e-01,1.298551987e-02,7.287786400e+00,-4.029971295e-01,-4.076689386e-01,2.464677736e-02,-5.595261598e-04
2.964192757e+01,-3.746577688e+01,-1.371903682e+01,-1.400848389e+01,-9.610669423e+00,-3.400480559e+00,-8.104682743e-01,-5.484534027e-01,-2.057636411e-01,5.489677222e-01,-5.885864412e-01,-5.934956401e-01,2.043590387e-01,-5.939198596e-01,7.781116330e-01,5.826835800e-02,1.036448168e-01,-3.367829097e-01,1.257545098e+01,1.261478401e+01,-1.646302040e-01,1.297192751e-02,7.312079021e+00,-4.029971295e-01,-4.076689386e-01,2.464677736e-02,-5.595261598e-04
2.930042447e+01,-3.769800405e+01,-1.380112089e+01,-1.410769205e+01,-9.508465695e+00,-3.355139739e+00,-8.154460275e-01,-5.421175673e-01,-2.028657070e-01,5.426018793e-01,-5.938889684e-01,-5.940675395e-01,2.015381961e-01,-5.944576625e-01,7.784363233e-01,5.815981487e-02,1.036324425e-01,-3.370604125e-01,1.256566112e+01,1.260488066e+01,-1.640314692e-01,1.295833516e-02,7.336371642e+00,-4.029971295e-01,-4.076689386e-01,2.464677736e-02,-5.595261598e-04
2.895609222e+01,-3.792921036e+01,-1.388174532e+01,-1.420723279e+01,-9.405150941e+00,-3.308961564e+00,-8.204431357e-01,-5.356383264e-01,-2.000246884e-01,5.361535682e-01,-5.991651141e-01,-5.946339131e-01,1.986468325e-01,-5.951011174e-01,7.787163642e-01,5.825879489e-02,1.051988666e-01,-3.374483914e-01,1.250188167e+01,1.254131921e+01,-1.633823952e-01,1.299145548e-02,7.360664264e+00,-4.107111772e+00,-4.089040978e+00,2.810044199e-02,2.645334717e-03
2.860917149e+01,-3.815851678e+01,-1.396109669e+01,-1.430555120e+01,-9.300007026e+00,-3.262347720e+00,-8.254257534e-01,-5.290356147e-01,-1.972424822e-01,5.296384197e-01,-6.044052504e-01,-5.951833686e-01,1.956750728e-01,-5.957978316e-01,7.789750543e-01,5.850941539e-02,1.076374419e-01,-3.378826047e-01,1.240210916e+01,1.244198568e+01,-1.626997618e-01,1.305571760e-02,7.384956885e+00,-4.107111772e+00,-4.089040978e+00,2.810044199e-02,2.645334717e-03
2.826000223e+01,-3.838484277e+01,-1.403940561e+01,-1.440173161e+01,-9.193154287e+00,-3.215748281e+00,-8.303417916e-01,-5.223717358e-01,-1.944789304e-01,5.230788672e-01,-6.095940059e-01,-5.957029636e-01,1.926646356e-01,-5.964601808e-01,7.792485520e-01,5.877545146e-02,1.098833948e-01,-3.382765686e-01,1.230233665e+01,1.234265216e+01,-1.620171284e-01,1.311997971e-02,7.409249506e+00,-4.107111772e+00,-4.089040978e+00,2.810044199e-02,2.645334717e-03
2.790862663e+01,-3.860818159e+01,-1.411666472e+01,-1.449578806e+01,-9.084642682e+00,-3.169152191e+00,-8.351910550e-01,-5.156486037e-01,-1.917326582e-01,5.164755943e-01,-6.147311838e-01,-5.961925878e-01,1.896180848e-01,-5.970879629e-01,7.795368758e-01,5.905628108e-02,1.119403594e-01,-3.386315278e-01,1.220256414e+01,1.224331864e+01,-1.613344950e-01,1.318424183e-02,7.433542128e+00,-4.107111772e+00,-4.089040978e+00,2.810044199e-02,2.645334717e-03
2.755508685e+01,-3.882852647e+01,-1.419286669e+01,-1.458773458e+01,-8.974522168e+00,-3.122548391e+00,-8.399733477e-01,-5.088681326e-01,-1.890022907e-01,5.098292843e-01,-6.198165871e-01,-5.966521314e-01,1.865379841e-01,-5.976809758e-01,7.798400442e-01,5.935128228e-02,1.138119699e-01,-3.389487272e-01,1.210279163e+01,1.214398511e+01,-1.606518616e-01,1.324850394e-02,7.457834749e+00,-4.107111772e+00,-4.089040978e+00,2.810044199e-02,2.645334717e-03
2.719942507e+01,-3.904587067e+01,-1.426800418e+01,-1.467758523e+01,-8.862842704e+00,-3.075925825e+00,-8.446884743e-01,-5.020322368e-01,-1.862864529e-01,5.031406207e-01,-6.248500189e-01,-5.970814841e-01,1.834268973e-01,-5.982390173e-01,7.801580759e-01,5.965983304e-02,1.155018604e-01,-3.392294114e-01,1.200301912e+01,1.204465159e+01,-1.599692282e-01,1.331276606e-02,7.482127370e+00,-4.107111772e+00,-4.089040978e+00,2.810044199e-02,2.645334717e-03
2.684168345e+01,-3.926020743e+01,-1.434206983e+01,-1.476535402e+01,-8.749654245e+00,-3.029273434e+00,-8.493362391e-01,-4.951428303e-01,-1.835837700e-01,4.964102870e-01,-6.298312823e-01,-5.974805360e-01,1.802873884e-01,-5.987618852e-01,7.804909895e-01,5.998131139e-02,1.170136649e-01,-3.394748252e-01,1.190324661e+01,1.194531806e+01,-1.592865948e-01,1.337702817e-02,7.506419992e+00,-4.107111772e+00,-4.089040978e+00,2.810044199e-02,2.645334717e-03
2.648190417e+01,-3.947152999e+01,-1.441505632e+01,-1.485105501e+01,-8.635006750e+00,-2.982580161e+00,-8.539164466e-01,-4.882018275e-01,-1.808928670e-01,4.896389667e-01,-6.347601804e-01,-5.978491768e-01,1.771220210e-01,-5.992493774e-01,7.808388034e-01,6.031509531e-02,1.183510176e-01,-3.396862135e-01,1.180347409e+01,1.184598454e+01,-1.586039614e-01,1.344129028e-02,7.530712613e+00,-4.107111772e+00,-4.089040978e+00,2.810044199e-02,2.645334717e-03
2.612012940e+01,-3.967983160e+01,-1.448695629e+01,-1.493470222e+01,-8.518950176e+00,-2.935834949e+00,-8.584289012e-01,-4.812111423e-01,-1.782123691e-01,4.828273433e-01,-6.396365161e-01,-5.981872967e-01,1.739333590e-01,-5.997012916e-01,7.812015363e-01,6.066056282e-02,1.195175525e-01,-3.398648208e-01,1.170370158e+01,1.174665102e+01,-1.579213280e-01,1.350555240e-02,7.555005234e+00,-4.107111772e+00,-4.089040978e+00,2.810044199e-02,2.645334717e-03
2.575640131e+01,-3.988510551e+01,-1.455776240e+01,-1.501630969e+01,-8.401534481e+00,-2.889026739e+00,-8.628734072e-01,-4.741726891e-01,-1.755409014e-01,4.759761002e-01,-6.444600927e-01,-5.984947854e-01,1.707239663e-01,-6.001174259e-01,7.815792068e-01,6.101709192e-02,1.205169038e-01,-3.400118921e-01,1.160392907e+01,1.164731749e+01,-1.572386946e-01,1.356981451e-02,7.579297856e+00,-4.107111772e+00,-4.089040978e+00,2.810044199e-02,2.645334717e-03
2.539076207e+01,-4.008734496e+01,-1.462746730e+01,-1.509589147e+01,-8.282809622e+00,-2.842144474e+00,-8.672497692e-01,-4.670883820e-01,-1.728770889e-01,4.690859208e-01,-6.492307132e-01,-5.987715329e-01,1.674964066e-01,-6.004975779e-01,7.819718333e-01,6.138406062e-02,1.213527056e-01,-3.401286720e-01,1.150415656e+01,1.154798397e+01,-1.565560612e-01,1.363407663e-02,7.603590477e+00,-4.107111772e+00,-4.089040978e+00,2.810044199e-02,2.645334717e-03
2.502325385e+01,-4.028654319e+01,-1.469606367e+01,-1.517346159e+01,-8.162825556e+00,-2.795177098e+00,-8.715577914e-01,-4.599601352e-01,-1.702195568e-01,4.621574887e-01,-6.539481807e-01,-5.990174291e-01,1.642532437e-01,-6.008415455e-01,7.823794346e-01,6.176084692e-02,1.220285919e-01,-3.402164054e-01,1.140438405e+01,1.144865044e+01,-1.558734278e-01,1.369833874e-02,7.627883098e+00,-4.107111772e+00,-4.089040978e+00,2.810044199e-02,2.645334717e-03
2.465391882e+01,-4.048269346e+01,-1.476354414e+01,-1.524903408e+01,-8.041632240e+00,-2.748113551e+00,-8.757972783e-01,-4.527898629e-01,-1.675669301e-01,4.551914873e-01,-6.586122982e-01,-5.992323640e-01,1.609970414e-01,-6.011491266e-01,7.828020292e-01,6.214682882e-02,1.225481969e-01,-3.402763369e-01,1.130461154e+01,1.134931692e+01,-1.551907945e-01,1.376260086e-02,7.652175720e+00,-4.107111772e+00,-4.089040978e+00,2.810044199e-02,2.645334717e-03
2.428279916e+01,-4.067578901e+01,-1.482990139e+01,-1.532262298e+01,-7.919279633e+00,-2.700942777e+00,-8.799680343e-01,-4.455794791e-01,-1.649178339e-01,4.481886000e-01,-6.632228688e-01,-5.994162274e-01,1.577303636e-01,-6.014201190e-01,7.832396355e-01,6.254138433e-02,1.229151547e-01,-3.403097114e-01,1.120483903e+01,1.124998339e+01,-1.545081611e-01,1.382686297e-02,7.676468341e+00,-4.107111772e+00,-4.089040978e+00,2.810044199e-02,2.645334717e-03
2.390993704e+01,-4.086582307e+01,-1.489512805e+01,-1.539424234e+01,-7.795817691e+00,-2.653653717e+00,-8.840698638e-01,-4.383308982e-01,-1.622708934e-01,4.411495105e-01,-6.677796956e-01,-5.995689093e-01,1.544557741e-01,-6.016543205e-01,7.836922724e-01,6.294389146e-02,1.231330994e-01,-3.403177736e-01,1.110506652e+01,1.115064987e+01,-1.538255277e-01,1.389112509e-02,7.700760962e+00,-4.107111772e+00,-4.089040978e+00,2.810044199e-02,2.645334717e-03
2.353537462e+01,-4.105278891e+01,-1.495921680e+01,-1.546390618e+01,-7.671296373e+00,-2.606235315e+00,-8.881025712e-01,-4.310460343e-01,-1.596247336e-01,4.340749020e-01,-6.722825816e-01,-5.996902996e-01,1.511758367e-01,-6.018515290e-01,7.841599581e-01,6.335372820e-02,1.232056650e-01,-3.403017682e-01,1.100529401e+01,1.105131635e+01,-1.531428943e-01,1.395538720e-02,7.725053584e+00,-4.107111772e+00,-4.089040978e+00,2.810044199e-02,2.645334717e-03
2.315915408e+01,-4.123667976e+01,-1.502216029e+01,-1.553162854e+01,-7.545765635e+00,-2.558676513e+00,-8.920659610e-01,-4.237268015e-01,-1.569779797e-01,4.269654581e-01,-6.767313300e-01,-5.997802883e-01,1.478931151e-01,-6.020115424e-01,7.846427115e-01,6.377027257e-02,1.231364856e-01,-3.402629401e-01,1.090552149e+01,1.095198282e+01,-1.524602609e-01,1.401964932e-02,7.749346205e+00,-4.107111772e+00,-4.089040978e+00,2.810044199e-02,2.645334717e-03
2.278131759e+01,-4.141748888e+01,-1.508395118e+01,-1.559742347e+01,-7.419275434e+00,-2.510966252e+00,-8.959598375e-01,-4.163751141e-01,-1.543292567e-01,4.198218622e-01,-6.811257439e-01,-5.998387652e-01,1.446101733e-01,-6.021341584e-01,7.851405510e-01,6.419290256e-02,1.229291955e-01,-3.402025339e-01,1.080574898e+01,1.085264930e+01,-1.517776275e-01,1.408391143e-02,7.773638826e+00,-4.107111772e+00,-4.089040978e+00,2.810044199e-02,2.645334717e-03
2.240190732e+01,-4.159520950e+01,-1.514458211e+01,-1.566130500e+01,-7.291875729e+00,-2.463093476e+00,-8.997840052e-01,-4.089928862e-01,-1.516771897e-01,4.126447978e-01,-6.854656262e-01,-5.998656202e-01,1.413295750e-01,-6.022191748e-01,7.856534952e-01,6.462099619e-02,1.225874286e-01,-3.401217945e-01,1.070597647e+01,1.075331577e+01,-1.510949941e-01,1.414817355e-02,7.797931448e+00,-4.107111772e+00,-4.089040978e+00,2.810044199e-02,2.645334717e-03
2.202096545e+01,-4.176983487e+01,-1.520404576e+01,-1.572328716e+01,-7.163616477e+00,-2.415047127e+00,-9.035382683e-01,-4.015820320e-01,-1.490204039e-01,4.054349485e-01,-6.897507801e-01,-5.998607434e-01,1.380538840e-01,-6.022663896e-01,7.861815627e-01,6.505393145e-02,1.221148191e-01,-3.400219666e-01,1.060620396e+01,1.065398225e+01,-1.504123607e-01,1.421243566e-02,7.822224069e+00,-4.107111772e+00,-4.089040978e+00,2.810044199e-02,2.645334717e-03
2.163853414e+01,-4.194135824e+01,-1.526233477e+01,-1.578338400e+01,-7.034547635e+00,-2.366816148e+00,-9.072224315e-01,-3.941444656e-01,-1.463575243e-01,3.981929975e-01,-6.939810086e-01,-5.998240245e-01,1.347856641e-01,-6.022756006e-01,7.867247721e-01,6.549108636e-02,1.215150011e-01,-3.399042949e-01,1.050643145e+01,1.055464873e+01,-1.497297273e-01,1.427669777e-02,7.846516690e+00,-4.107111772e+00,-4.089040978e+00,2.810044199e-02,2.645334717e-03
2.125465556e+01,-4.210977285e+01,-1.531944180e+01,-1.584160954e+01,-6.904719161e+00,-2.318389480e+00,-9.108362990e-01,-3.866821013e-01,-1.436871760e-01,3.909196285e-01,-6.981561149e-01,-5.997553536e-01,1.315274792e-01,-6.022466056e-01,7.872831419e-01,6.593183892e-02,1.207916087e-01,-3.397700242e-01,1.040665894e+01,1.045531520e+01,-1.490470939e-01,1.434095989e-02,7.870809312e+00,-4.107111772e+00,-4.089040978e+00,2.810044199e-02,2.645334717e-03
2.086937189e+01,-4.227507195e+01,-1.537535951e+01,-1.589797784e+01,-6.774181011e+00,-2.269756066e+00,-9.143796753e-01,-3.791968533e-01,-1.410079841e-01,3.836155249e-01,-7.022759020e-01,-5.996546205e-01,1.282818931e-01,-6.021792025e-01,7.878566907e-01,6.637556712e-02,1.199482760e-01,-3.396203993e-01,1.030688643e+01,1.035598168e+01,-1.483644605e-01,1.440522200e-02,7.895101933e+00,-4.107111772e+00,-4.089040978e+00,2.810044199e-02,2.645334717e-03
2.048272530e+01,-4.243724878e+01,-1.543008056e+01,-1.595250292e+01,-6.642983144e+00,-2.220904849e+00,-9.178523647e-01,-3.716906356e-01,-1.383185738e-01,3.762813701e-01,-7.063401729e-01,-5.995217152e-01,1.250514696e-01,-6.020731890e-01,7.884454370e-01,6.682164898e-02,1.189886370e-01,-3.394566650e-01,1.020711392e+01,1.025664815e+01,-1.476818271e-01,1.446948412e-02,7.919394554e+00,-4.107111772e+00,-4.089040978e+00,2.810044199e-02,2.645334717e-03
2.009475796e+01,-4.259629659e+01,-1.548359760e+01,-1.600519882e+01,-6.511175516e+00,-2.171824771e+00,-9.212541718e-01,-3.641653625e-01,-1.356175701e-01,3.689178476e-01,-7.103487308e-01,-5.993565276e-01,1.218387724e-01,-6.019283631e-01,7.890493996e-01,6.726946250e-02,1.179163259e-01,-3.392800659e-01,1.010734141e+01,1.015731463e+01,-1.469991937e-01,1.453374623e-02,7.943687176e+00,-4.107111772e+00,-4.089040978e+00,2.810044199e-02,2.645334717e-03
1.970551203e+01,-4.275220863e+01,-1.553590329e+01,-1.605607958e+01,-6.378808086e+00,-2.122504775e+00,-9.245849008e-01,-3.566229482e-01,-1.329035981e-01,3.615256409e-01,-7.143013788e-01,-5.991589477e-01,1.186463655e-01,-6.017445225e-01,7.896685968e-01,6.771838569e-02,1.167349768e-01,-3.390918469e-01,1.000756890e+01,1.005798111e+01,-1.463165603e-01,1.459800835e-02,7.967979797e+00,-4.107111772e+00,-4.089040978e+00,2.810044199e-02,2.645334717e-03
1.931502970e+01,-4.290497814e+01,-1.558699028e+01,-1.610515923e+01,-6.245930811e+00,-2.072933802e+00,-9.278443563e-01,-3.490653068e-01,-1.301752829e-01,3.541054334e-01,-7.181979198e-01,-5.989288652e-01,1.154768125e-01,-6.015214651e-01,7.903030474e-01,6.816779655e-02,1.154482238e-01,-3.388932527e-01,9.907796384e+00,9.958647582e+00,-1.456339269e-01,1.466227046e-02,7.992272418e+00,-4.107111772e+00,-4.089040978e+00,2.810044199e-02,2.645334717e-03
1.892335313e+01,-4.305459837e+01,-1.563685124e+01,-1.615245182e+01,-6.112593648e+00,-2.023100795e+00,-9.310323425e-01,-3.414943525e-01,-1.274312496e-01,3.466579087e-01,-7.220381570e-01,-5.986661702e-01,1.123326774e-01,-6.012589888e-01,7.909527699e-01,6.861707308e-02,1.140597010e-01,-3.386855281e-01,9.808023873e+00,9.859314057e+00,-1.449512935e-01,1.472653258e-02,8.016565040e+00,-4.107111772e+00,-4.089040978e+00,2.810044199e-02,2.645334717e-03
1.853052450e+01,-4.320106256e+01,-1.568547882e+01,-1.619797139e+01,-5.978846554e+00,-1.972994697e+00,-9.341486640e-01,-3.339119995e-01,-1.246701233e-01,3.391837501e-01,-7.258218935e-01,-5.983707526e-01,1.092165239e-01,-6.009568914e-01,7.916177828e-01,6.906559329e-02,1.125730425e-01,-3.384699178e-01,9.708251362e+00,9.759980533e+00,-1.442686601e-01,1.479079469e-02,8.040857661e+00,-4.107111772e+00,-4.089040978e+00,2.810044199e-02,2.645334717e-03
1.813658597e+01,-4.334436395e+01,-1.573286567e+01,-1.624173195e+01,-5.844739487e+00,-1.922604450e+00,-9.371931251e-01,-3.263201620e-01,-1.218905291e-01,3.316836412e-01,-7.295489323e-01,-5.980425023e-01,1.061309159e-01,-6.006149707e-01,7.922981047e-01,6.951273518e-02,1.109918823e-01,-3.382476666e-01,9.608478851e+00,9.660647009e+00,-1.435860267e-01,1.485505681e-02,8.065150282e+00,-4.107111772e+00,-4.089040978e+00,2.810044199e-02,2.645334717e-03
1.774157971e+01,-4.348449580e+01,-1.577900445e+01,-1.628374757e+01,-5.710322404e+00,-1.871918997e+00,-9.401655302e-01,-3.187207541e-01,-1.190910922e-01,3.241582654e-01,-7.332190766e-01,-5.976813093e-01,1.030784171e-01,-6.002330245e-01,7.929937542e-01,6.995787677e-02,1.093198547e-01,-3.380200192e-01,9.508706340e+00,9.561313485e+00,-1.429033933e-01,1.491931892e-02,8.089442904e+00,-4.107111772e+00,-4.089040978e+00,2.810044199e-02,2.645334717e-03
1.734554791e+01,-4.362145135e+01,-1.582388783e+01,-1.632403227e+01,-5.575645264e+00,-1.820927279e+00,-9.430656837e-01,-3.111156900e-01,-1.162704375e-01,3.166083061e-01,-7.368321293e-01,-5.972870633e-01,1.000615915e-01,-5.998108507e-01,7.937047499e-01,7.040039604e-02,1.075605936e-01,-3.377882205e-01,9.408933829e+00,9.461979961e+00,-1.422207599e-01,1.498358103e-02,8.113735525e+00,-4.107111772e+00,-4.089040978e+00,2.810044199e-02,2.645334717e-03
1.694853272e+01,-4.375522384e+01,-1.586750845e+01,-1.636260008e+01,-5.440758022e+00,-1.769618240e+00,-9.458933902e-01,-3.035068839e-01,-1.134271902e-01,3.090344470e-01,-7.403878936e-01,-5.968596545e-01,9.708300265e-02,-5.993482472e-01,7.944311103e-01,7.083967102e-02,1.057177333e-01,-3.375535151e-01,9.309161318e+00,9.362646437e+00,-1.415381265e-01,1.504784315e-02,8.138028146e+00,-4.107111772e+00,-4.089040978e+00,2.810044199e-02,2.645334717e-03
1.655057633e+01,-4.388580653e+01,-1.590985898e+01,-1.639946506e+01,-5.305710637e+00,-1.717980821e+00,-9.486484538e-01,-2.958962500e-01,-1.105599755e-01,3.014373713e-01,-7.438861725e-01,-5.963989726e-01,9.414521455e-02,-5.988450118e-01,7.951728541e-01,7.127507969e-02,1.037949078e-01,-3.373171478e-01,9.209388807e+00,9.263312913e+00,-1.408554931e-01,1.511210526e-02,8.162320768e+00,-4.107111772e+00,-4.089040978e+00,2.810044199e-02,2.645334717e-03
1.615172089e+01,-4.401319264e+01,-1.595093206e+01,-1.643464122e+01,-5.170553066e+00,-1.666003966e+00,-9.513306791e-01,-2.882857025e-01,-1.076674183e-01,2.938177626e-01,-7.473267691e-01,-5.959049076e-01,9.125079095e-02,-5.983009423e-01,7.959299997e-01,7.170600008e-02,1.017957511e-01,-3.370803635e-01,9.109616296e+00,9.163979389e+00,-1.401728597e-01,1.517636738e-02,8.186613389e+00,-4.107111772e+00,-4.089040978e+00,2.810044199e-02,2.645334717e-03
1.575200859e+01,-4.413737544e+01,-1.599072037e+01,-1.646814262e+01,-5.035335267e+00,-1.613676616e+00,-9.539398705e-01,-2.806771554e-01,-1.047481438e-01,2.861763044e-01,-7.507094866e-01,-5.953773495e-01,8.840229568e-02,-5.977158365e-01,7.967025659e-01,7.213181017e-02,9.972389746e-02,-3.368444067e-01,9.009843785e+00,9.064645865e+00,-1.394902263e-01,1.524062949e-02,8.210906010e+00,-4.107111772e+00,-4.089040978e+00,2.810044199e-02,2.645334717e-03
1.535148160e+01,-4.425834817e+01,-1.602921654e+01,-1.649998329e+01,-4.900107197e+00,-1.560987714e+00,-9.564758324e-01,-2.730725231e-01,-1.018007771e-01,2.785136800e-01,-7.540341279e-01,-5.948161881e-01,8.560229254e-02,-5.970894923e-01,7.974905710e-01,7.255188799e-02,9.758298091e-02,-3.366105224e-01,8.910071274e+00,8.965312341e+00,-1.388075929e-01,1.530489161e-02,8.235198632e+00,-4.107111772e+00,-4.089040978e+00,2.810044199e-02,2.645334717e-03
1.495018208e+01,-4.437610407e+01,-1.606641325e+01,-1.653017727e+01,-4.764918813e+00,-1.507926202e+00,-9.589383691e-01,-2.654737196e-01,-9.882394334e-02,2.708305731e-01,-7.573004961e-01,-5.942213134e-01,8.285334535e-02,-5.964217076e-01,7.982940338e-01,7.296561152e-02,9.537663557e-02,-3.363799552e-01,8.810298763e+00,8.865978817e+00,-1.381249595e-01,1.536915372e-02,8.259491253e+00,-4.107111772e+00,-4.089040978e+00,2.810044199e-02,2.645334717e-03
1.454815220e+01,-4.449063639e+01,-1.610230314e+01,-1.655873858e+01,-4.629820072e+00,-1.454481023e+00,-9.613272852e-01,-2.578826593e-01,-9.581626752e-02,2.631276670e-01,-7.605083944e-01,-5.935926153e-01,8.015801791e-02,-5.957122801e-01,7.991129728e-01,7.337235878e-02,9.310849554e-02,-3.361539500e-01,8.710526252e+00,8.766645292e+00,-1.374423261e-01,1.543341584e-02,8.283783874e+00,-4.107111772e+00,-4.089040978e+00,2.810044199e-02,2.645334717e-03
1.414543415e+01,-4.460193837e+01,-1.613687888e+01,-1.658568128e+01,-4.494860933e+00,-1.400641119e+00,-9.636423849e-01,-2.503012561e-01,-9.277637479e-02,2.554056452e-01,-7.636576257e-01,-5.929299837e-01,7.751887405e-02,-5.949610077e-01,7.999474065e-01,7.377150777e-02,9.078219491e-02,-3.359337514e-01,8.610753741e+00,8.667311768e+00,-1.367596927e-01,1.549767795e-02,8.308076496e+00,-4.107111772e+00,-4.089040978e+00,2.810044199e-02,2.645334717e-03
1.374207008e+01,-4.471000326e+01,-1.617013311e+01,-1.661101939e+01,-4.360091353e+00,-1.346395433e+00,-9.658834728e-01,-2.427314243e-01,-8.970289024e-02,2.476651913e-01,-7.667479933e-01,-5.922333085e-01,7.493847756e-02,-5.941676883e-01,8.007973536e-01,7.416243649e-02,8.840136779e-02,-3.357206043e-01,8.510981230e+00,8.567978244e+00,-1.360770594e-01,1.556194007e-02,8.332369117e+00,-4.107111772e+00,-4.089040978e+00,2.810044199e-02,2.645334717e-03
1.333810218e+01,-4.481482431e+01,-1.620205851e+01,-1.663476696e+01,-4.225561288e+00,-1.291732907e+00,-9.680503532e-01,-2.351750782e-01,-8.659443897e-02,2.399069885e-01,-7.697793001e-01,-5.915024797e-01,7.241939227e-02,-5.933321197e-01,8.016628325e-01,7.454452296e-02,8.596964828e-02,-3.355157534e-01,8.411208719e+00,8.468644720e+00,-1.353944260e-01,1.562620218e-02,8.356661738e+00,-4.107111772e+00,-4.089040978e+00,2.810044199e-02,2.645334717e-03
1.293357260e+01,-4.491639476e+01,-1.623264772e+01,-1.665693802e+01,-4.091320697e+00,-1.236642483e+00,-9.701428304e-01,-2.276341318e-01,-8.344964607e-02,2.321317205e-01,-7.727513492e-01,-5.907373871e-01,6.996418199e-02,-5.924540997e-01,8.025438620e-01,7.491714517e-02,8.349067048e-02,-3.353204434e-01,8.311436208e+00,8.369311196e+00,-1.347117926e-01,1.569046429e-02,8.380954360e+00,-4.107111772e+00,-4.089040978e+00,2.810044199e-02,2.645334717e-03
1.252852353e+01,-4.501470785e+01,-1.626189339e+01,-1.667754661e+01,-3.957419537e+00,-1.181113104e+00,-9.721607091e-01,-2.201104993e-01,-8.026713665e-02,2.243400706e-01,-7.756639437e-01,-5.899379208e-01,6.757541052e-02,-5.915334261e-01,8.034404605e-01,7.527968112e-02,8.096806850e-02,-3.351359192e-01,8.211663697e+00,8.269977672e+00,-1.340291592e-01,1.575472641e-02,8.405246981e+00,-4.107111772e+00,-4.089040978e+00,2.810044199e-02,2.645334717e-03
1.212299714e+01,-4.510975683e+01,-1.628978820e+01,-1.669660676e+01,-3.823907765e+00,-1.125133713e+00,-9.741037934e-01,-2.126060950e-01,-7.704553580e-02,2.165327225e-01,-7.785168867e-01,-5.891039706e-01,6.525564168e-02,-5.905698969e-01,8.043526467e-01,7.563150884e-02,7.840547643e-02,-3.349634254e-01,8.111891186e+00,8.170644148e+00,-1.333465258e-01,1.581898852e-02,8.429539602e+00,-4.107111772e+00,-4.089040978e+00,2.810044199e-02,2.645334717e-03
1.171703559e+01,-4.520153496e+01,-1.631632479e+01,-1.671413252e+01,-3.690835339e+00,-1.068693250e+00,-9.759718879e-01,-2.051228330e-01,-7.378346862e-02,2.087103594e-01,-7.813099813e-01,-5.882354264e-01,6.300743928e-02,-5.895633098e-01,8.052804390e-01,7.597200631e-02,7.580652838e-02,-3.348042069e-01,8.012118675e+00,8.071310624e+00,-1.326638924e-01,1.588325064e-02,8.453832224e+00,-4.107111772e+00,-4.089040978e+00,2.810044199e-02,2.645334717e-03
1.131068106e+01,-4.529003546e+01,-1.634149582e+01,-1.673013792e+01,-3.558252216e+00,-1.011780660e+00,-9.777647970e-01,-1.976626274e-01,-7.047956020e-02,2.008736649e-01,-7.840430304e-01,-5.873321782e-01,6.083336714e-02,-5.885134627e-01,8.062238562e-01,7.630055154e-02,7.317485845e-02,-3.346595083e-01,7.912346164e+00,7.971977100e+00,-1.319812590e-01,1.594751275e-02,8.478124845e+00,-4.107111772e+00,-4.089040978e+00,2.810044199e-02,2.645334717e-03
1.090397571e+01,-4.537525160e+01,-1.636529395e+01,-1.674463700e+01,-3.426208353e+00,-9.543848849e-01,-9.794823250e-01,-1.902273925e-01,-6.713243565e-02,1.930233225e-01,-7.867158373e-01,-5.863941159e-01,5.873598906e-02,-5.874201534e-01,8.071829167e-01,7.661652254e-02,7.051410073e-02,-3.345305745e-01,7.812573652e+00,7.872643576e+00,-1.312986256e-01,1.601177487e-02,8.502417466e+00,-4.107111772e+00,-4.089040978e+00,2.810044199e-02,2.645334717e-03
1.049696173e+01,-4.545717661e+01,-1.638771183e+01,-1.675764379e+01,-3.294753709e+00,-8.964948662e-01,-9.811242763e-01,-1.828190424e-01,-6.374072006e-02,1.851600155e-01,-7.893282050e-01,-5.854211294e-01,5.671786886e-02,-5.862831798e-01,8.081576391e-01,7.691929731e-02,6.782788934e-02,-3.344186503e-01,7.712801141e+00,7.773310052e+00,-1.306159922e-01,1.607603698e-02,8.526710088e+00,-4.107111772e+00,-4.089040978e+00,2.810044199e-02,2.645334717e-03
1.008968127e+01,-4.553580373e+01,-1.640874213e+01,-1.676917233e+01,-3.163938239e+00,-8.380995468e-01,-9.826904555e-01,-1.754394913e-01,-6.030303854e-02,1.772844276e-01,-7.918799366e-01,-5.844131086e-01,5.478157034e-02,-5.851023396e-01,8.091480420e-01,7.720825386e-02,6.511985837e-02,-3.343249803e-01,7.613028630e+00,7.673976527e+00,-1.299333588e-01,1.614029910e-02,8.551002709e+00,-4.107111772e+00,-4.089040978e+00,2.810044199e-02,2.645334717e-03
9.681971104e+00,-4.561121724e+01,-1.642833996e+01,-1.677921895e+01,-3.034129197e+00,-7.783460504e-01,-9.841876919e-01,-1.680753990e-01,-5.680222998e-02,1.693788249e-01,-7.943837285e-01,-5.833594700e-01,5.293182061e-02,-5.838752178e-01,8.101584353e-01,7.737329405e-02,6.320372028e-02,-3.342643512e-01,7.508918002e+00,7.570217088e+00,-1.294790474e-01,1.618507448e-02,8.575295330e+00,-4.999999732e+00,-4.999999794e+00,-1.889366093e-02,-1.365499693e-03
9.273338118e+00,-4.568375648e+01,-1.644632639e+01,-1.678772862e+01,-2.905911310e+00,-7.153782474e-01,-9.856387932e-01,-1.606483040e-01,-5.325026911e-02,1.613953089e-01,-7.968671134e-01,-5.822404779e-01,5.111257174e-02,-5.826196629e-01,8.111884051e-01,7.707263373e-02,6.450534771e-02,-3.342347049e-01,7.387454901e+00,7.448753986e+00,-1.299380239e-01,1.615190291e-02,8.599587952e+00,-4.999999732e+00,-4.999999794e+00,-1.889366093e-02,-1.365499693e-03
8.864684813e+00,-4.575310992e+01,-1.646281914e+01,-1.679478009e+01,-2.777756927e+00,-6.530115496e-01,-9.870171730e-01,-1.531975486e-01,-4.974974907e-02,1.534126173e-01,-7.992714206e-01,-5.811061435e-01,4.927311071e-02,-5.813610250e-01,8.122118972e-01,7.673637398e-02,6.577962005e-02,-3.341541349e-01,7.265991801e+00,7.327290884e+00,-1.303970005e-01,1.611873134e-02,8.623880573e+00,-4.999999732e+00,-4.999999794e+00,-1.889366093e-02,-1.365499693e-03
8.456032438e+00,-4.581928513e+01,-1.647783040e+01,-1.680039346e+01,-2.649674601e+00,-5.912425422e-01,-9.883232140e-01,-1.457243453e-01,-4.629977375e-02,1.454313507e-01,-8.015969997e-01,-5.799568541e-01,4.741433403e-02,-5.800994301e-01,8.132288810e-01,7.636567600e-02,6.702593019e-02,-3.340242985e-01,7.144528701e+00,7.205827783e+00,-1.308559770e-01,1.608555977e-02,8.648173194e+00,-4.999999732e+00,-4.999999794e+00,-1.889366093e-02,-1.365499693e-03
8.047402242e+00,-4.588228969e+01,-1.649137237e+01,-1.680458882e+01,-2.521672888e+00,-5.300678103e-01,-9.895572987e-01,-1.382299067e-01,-4.289944706e-02,1.374521098e-01,-8.038442002e-01,-5.787929969e-01,4.553713820e-02,-5.788350041e-01,8.142393257e-01,7.596170100e-02,6.824367101e-02,-3.338468528e-01,7.023065601e+00,7.084364681e+00,-1.313149536e-01,1.605238821e-02,8.672465816e+00,-4.999999732e+00,-4.999999794e+00,-1.889366093e-02,-1.365499693e-03
7.638815476e+00,-4.594213118e+01,-1.650345723e+01,-1.680738625e+01,-2.393760343e+00,-4.694839391e-01,-9.907198096e-01,-1.307154452e-01,-3.954787291e-02,1.294754949e-01,-8.060133715e-01,-5.776149589e-01,4.364241974e-02,-5.775678731e-01,8.152432006e-01,7.552561017e-02,6.943223542e-02,-3.336234550e-01,6.901602501e+00,6.962901580e+00,-1.317739301e-01,1.601921664e-02,8.696758437e+00,-4.999999732e+00,-4.999999794e+00,-1.889366093e-02,-1.365499693e-03
7.230293389e+00,-4.599881718e+01,-1.651409719e+01,-1.680880586e+01,-2.265945520e+00,-4.094875138e-01,-9.918111295e-01,-1.231821734e-01,-3.624415519e-02,1.215021068e-01,-8.081048630e-01,-5.764231275e-01,4.173107515e-02,-5.762981628e-01,8.162404752e-01,7.505856470e-02,7.059101631e-02,-3.333557623e-01,6.780139401e+00,6.841438478e+00,-1.322329067e-01,1.598604507e-02,8.721051058e+00,-4.999999732e+00,-4.999999794e+00,-1.889366093e-02,-1.365499693e-03
6.821857230e+00,-4.605235526e+01,-1.652330444e+01,-1.680886774e+01,-2.138236974e+00,-3.500751195e-01,-9.928316408e-01,-1.156313038e-01,-3.298739781e-02,1.135325460e-01,-8.101190244e-01,-5.752178896e-01,3.980400095e-02,-5.750259993e-01,8.172311186e-01,7.456172581e-02,7.171940656e-02,-3.330454320e-01,6.658676300e+00,6.719975376e+00,-1.326918832e-01,1.595287351e-02,8.745343680e+00,-4.999999732e+00,-4.999999794e+00,-1.889366093e-02,-1.365499693e-03
6.413528250e+00,-4.610275301e+01,-1.653109116e+01,-1.680759196e+01,-2.010643260e+00,-2.912433415e-01,-9.937817262e-01,-1.080640490e-01,-2.977670468e-02,1.055674131e-01,-8.120562049e-01,-5.739996325e-01,3.786209363e-02,-5.737515085e-01,8.182151003e-01,7.403625467e-02,7.281679907e-02,-3.326941211e-01,6.537213200e+00,6.598512275e+00,-1.331508598e-01,1.591970194e-02,8.769636301e+00,-4.999999732e+00,-4.999999794e+00,-1.889366093e-02,-1.365499693e-03
6.005327697e+00,-4.615001800e+01,-1.653746956e+01,-1.680499864e+01,-1.883172933e+00,-2.329887648e-01,-9.946617682e-01,-1.004816215e-01,-2.661117970e-02,9.760730859e-02,-8.139167542e-01,-5.727687434e-01,3.590624972e-02,-5.724748163e-01,8.191923894e-01,7.348331249e-02,7.388258672e-02,-3.323034869e-01,6.415750100e+00,6.477049173e+00,-1.336098363e-01,1.588653037e-02,8.793928922e+00,-4.999999732e+00,-4.999999794e+00,-1.889366093e-02,-1.365499693e-03
5.597276821e+00,-4.619415780e+01,-1.654245183e+01,-1.680110785e+01,-1.755834548e+00,-1.753079746e-01,-9.954721495e-01,-9.288523389e-02,-2.348992678e-02,8.965283313e-02,-8.157010217e-01,-5.715256094e-01,3.393736571e-02,-5.711960488e-01,8.201629554e-01,7.290406048e-02,7.491616242e-02,-3.318751866e-01,6.294287000e+00,6.355586071e+00,-1.340688129e-01,1.585335881e-02,8.818221544e+00,-4.999999732e+00,-4.999999794e+00,-1.889366093e-02,-1.365499693e-03
5.189396872e+00,-4.623518000e+01,-1.654605015e+01,-1.679593969e+01,-1.628636659e+00,-1.181975562e-01,-9.962132527e-01,-8.527609861e-02,-2.041204981e-02,8.170458726e-02,-8.174093569e-01,-5.702706177e-01,3.195633813e-02,-5.699153318e-01,8.211267674e-01,7.229965982e-02,7.591691904e-02,-3.314108774e-01,6.172823900e+00,6.234122970e+00,-1.345277894e-01,1.582018724e-02,8.842514165e+00,-4.999999732e+00,-4.999999794e+00,-1.889366093e-02,-1.365499693e-03
4.781709099e+00,-4.627309217e+01,-1.654827673e+01,-1.678951425e+01,-1.501587821e+00,-6.165409472e-02,-9.968854602e-01,-7.765542823e-02,-1.737665271e-02,7.376317155e-02,-8.190421092e-01,-5.690041555e-01,2.996406347e-02,-5.686327912e-01,8.220837949e-01,7.167127171e-02,7.688424949e-02,-3.309122164e-01,6.051360800e+00,6.112659868e+00,-1.349867660e-01,1.578701567e-02,8.866806786e+00,-4.999999732e+00,-4.999999794e+00,-1.889366093e-02,-1.365499693e-03
4.374234753e+00,-4.630790189e+01,-1.654914376e+01,-1.678185163e+01,-1.374696589e+00,-5.674175265e-03,-9.974891548e-01,-7.002443528e-02,-1.438283937e-02,6.582918658e-02,-8.205996281e-01,-5.677266098e-01,2.796143824e-02,-5.673485531e-01,8.230340072e-01,7.102005735e-02,7.781754665e-02,-3.303808609e-01,5.929897699e+00,5.991196766e+00,-1.354457425e-01,1.575384410e-02,8.891099408e+00,-4.999999732e+00,-4.999999794e+00,-1.889366093e-02,-1.365499693e-03
3.966995081e+00,-4.633961674e+01,-1.654866342e+01,-1.677297191e+01,-1.247971518e+00,4.974561695e-02,-9.980247190e-01,-6.238433230e-02,-1.142971371e-02,5.790323292e-02,-8.220822631e-01,-5.664383680e-01,2.594935896e-02,-5.660627434e-01,8.239773735e-01,7.034717793e-02,7.871620341e-02,-3.298184681e-01,5.808434599e+00,5.869733665e+00,-1.359047191e-01,1.572067254e-02,8.915392029e+00,-4.999999732e+00,-4.999999794e+00,-1.889366093e-02,-1.365499693e-03
3.560011335e+00,-4.636824430e+01,-1.654684792e+01,-1.676289519e+01,-1.121421163e+00,1.046086968e-01,-9.984925354e-01,-5.473633181e-02,-8.516379624e-03,4.998591115e-02,-8.234903637e-01,-5.651398170e-01,2.392872213e-02,-5.647754880e-01,8.249138631e-01,6.965379467e-02,7.957961267e-02,-3.292266950e-01,5.686971499e+00,5.748270563e+00,-1.363636956e-01,1.568750097e-02,8.939684650e+00,-4.999999732e+00,-4.999999794e+00,-1.889366093e-02,-1.365499693e-03
3.153304764e+00,-4.639379214e+01,-1.654370945e+01,-1.675164155e+01,-9.950540775e-01,1.589184790e-01,-9.988929866e-01,-4.708164636e-02,-5.641941018e-03,4.207782182e-02,-8.248242794e-01,-5.638313442e-01,2.190042426e-02,-5.634869129e-01,8.258434455e-01,6.894106875e-02,8.040716732e-02,-3.286071990e-01,5.565508399e+00,5.626807461e+00,-1.368226722e-01,1.565432940e-02,8.963977272e+00,-4.999999732e+00,-4.999999794e+00,-1.889366093e-02,-1.365499693e-03
2.746896617e+00,-4.641626784e+01,-1.653926020e+01,-1.673923110e+01,-8.688788175e-01,2.126783785e-01,-9.992264552e-01,-3.942148848e-02,-2.805501798e-03,3.417956553e-02,-8.260843596e-01,-5.625133367e-01,1.986536186e-02,-5.621971439e-01,8.267660898e-01,6.821016136e-02,8.119826025e-02,-3.279616373e-01,5.444045299e+00,5.505344360e+00,-1.372816487e-01,1.562115784e-02,8.988269893e+00,-4.999999732e+00,-4.999999794e+00,-1.889366093e-02,-1.365499693e-03
2.340808143e+00,-4.643567898e+01,-1.653351236e+01,-1.672568391e+01,-7.429039376e-01,2.658918101e-01,-9.994933238e-01,-3.175707069e-02,-6.165866305e-06,2.629174284e-02,-8.272709538e-01,-5.611861816e-01,1.782443144e-02,-5.609063072e-01,8.276817653e-01,6.746223372e-02,8.195228435e-02,-3.272916669e-01,5.322582199e+00,5.383881258e+00,-1.377406253e-01,1.558798627e-02,9.012562514e+00,-4.999999732e+00,-4.999999794e+00,-1.889366093e-02,-1.365499693e-03
1.935060593e+00,-4.645203314e+01,-1.652647813e+01,-1.671102009e+01,-6.171379924e-01,3.185621886e-01,-9.996939749e-01,-2.408960553e-02,2.756962871e-03,1.841495432e-02,-8.283844115e-01,-5.598502661e-01,1.577852951e-02,-5.596145285e-01,8.285904415e-01,6.669844701e-02,8.266863251e-02,-3.265989452e-01,5.201119098e+00,5.262418156e+00,-1.381996018e-01,1.555481470e-02,9.036855136e+00,-4.999999732e+00,-4.999999794e+00,-1.889366093e-02,-1.365499693e-03
1.529675216e+00,-4.646533790e+01,-1.651816969e+01,-1.669525972e+01,-4.915895369e-01,3.706929288e-01,-9.998287912e-01,-1.642030554e-02,5.484780511e-03,1.054980054e-02,-8.294250822e-01,-5.585059774e-01,1.372855258e-02,-5.583219338e-01,8.294920876e-01,6.591996243e-02,8.334669762e-02,-3.258851292e-01,5.079655998e+00,5.140955055e+00,-1.386585784e-01,1.552164314e-02,9.061147757e+00,-4.999999732e+00,-4.999999794e+00,-1.889366093e-02,-1.365499693e-03
1.124673261e+00,-4.647560082e+01,-1.650859926e+01,-1.667842290e+01,-3.662671257e-01,4.222874456e-01,-9.998981552e-01,-8.750383247e-03,8.178183148e-03,2.696882082e-03,-8.303933153e-01,-5.571537026e-01,1.167539714e-02,-5.570286492e-01,8.303866729e-01,6.512794118e-02,8.398587258e-02,-3.251518763e-01,4.958192898e+00,5.019491953e+00,-1.391175549e-01,1.548847157e-02,9.085440378e+00,-4.999999732e+00,-4.999999794e+00,-1.889366093e-02,-1.365499693e-03
7.200759789e-01,-4.648282950e+01,-1.649777901e+01,-1.666052972e+01,-2.411793137e-01,4.733491538e-01,-9.999024495e-01,-1.081051184e-03,1.083806688e-02,-5.143200485e-03,-8.312894603e-01,-5.557938290e-01,9.619959726e-03,-5.557348004e-01,8.312741667e-01,6.432354446e-02,8.458555027e-02,-3.244008435e-01,4.836729798e+00,4.898028851e+00,-1.395765315e-01,1.545530000e-02,9.109733000e+00,-4.999999732e+00,-4.999999794e+00,-1.889366093e-02,-1.365499693e-03
3.159046181e-01,-4.648703150e+01,-1.648572114e+01,-1.664160027e+01,-1.163346557e-01,5.238814682e-01,-9.998420568e-01,6.586478116e-03,1.346532780e-02,-1.296984659e-02,-8.321138667e-01,-5.544267435e-01,7.563136830e-03,-5.544405136e-01,8.321545384e-01,6.350793347e-02,8.514512359e-02,-3.236336881e-01,4.715266698e+00,4.776565750e+00,-1.400355080e-01,1.542212843e-02,9.134025621e+00,-4.999999732e+00,-4.999999794e+00,-1.889366093e-02,-1.365499693e-03
-8.781957141e-02,-4.648821441e+01,-1.647243784e+01,-1.662165463e+01,8.258293472e-03,5.738878037e-01,-9.997173596e-01,1.425099212e-02,1.606086200e-02,-2.078245566e-02,-8.328668840e-01,-5.530528336e-01,5.505824965e-03,-5.531459145e-01,8.330277572e-01,6.268226939e-02,8.566398543e-02,-3.228520673e-01,4.593803598e+00,4.655102648e+00,-1.404944846e-01,1.538895687e-02,9.158318242e+00,-4.999999732e+00,-4.999999794e+00,-1.889366093e-02,-1.365499693e-03
-4.910753401e-01,-4.648638580e+01,-1.645794132e+01,-1.660071291e+01,1.325909791e-01,6.233715751e-01,-9.995287405e-01,2.191127829e-02,1.862556559e-02,-2.858042712e-02,-8.335488617e-01,-5.516724862e-01,3.448920639e-03,-5.518511292e-01,8.338937924e-01,6.184771344e-02,8.614152867e-02,-3.220576382e-01,4.472340497e+00,4.533639546e+00,-1.409534611e-01,1.535578530e-02,9.182610864e+00,-4.999999732e+00,-4.999999794e+00,-1.889366093e-02,-1.365499693e-03
-8.938414384e-01,-4.648155326e+01,-1.644224375e+01,-1.657879520e+01,2.566548462e-01,6.723361972e-01,-9.992765821e-01,2.956612411e-02,2.116033465e-02,-3.636316040e-02,-8.341601491e-01,-5.502860885e-01,1.393320363e-03,-5.505562837e-01,8.347526134e-01,6.100542681e-02,8.657714622e-02,-3.212520581e-01,4.350877397e+00,4.412176445e+00,-1.414124377e-01,1.532261373e-02,9.206903485e+00,-4.999999732e+00,-4.999999794e+00,-1.889366093e-02,-1.365499693e-03
-1.296096617e+00,-4.647372435e+01,-1.642535734e+01,-1.655592158e+01,3.804413402e-01,7.207850849e-01,-9.989612670e-01,3.721431702e-02,2.366606528e-02,-4.413005492e-02,-8.347010959e-01,-5.488940278e-01,-6.600793573e-04,-5.492615037e-01,8.356041895e-01,6.015657069e-02,8.697023096e-02,-3.204369841e-01,4.229414297e+00,4.290713343e+00,-1.418714142e-01,1.528944217e-02,9.231196106e+00,-4.999999732e+00,-4.999999794e+00,-1.889366093e-02,-1.365499693e-03
-1.697819625e+00,-4.646290666e+01,-1.640729428e+01,-1.653211215e+01,5.039419062e-01,7.687216529e-01,-9.985831778e-01,4.485464451e-02,2.614365358e-02,-5.188051013e-02,-8.351720514e-01,-5.474966912e-01,-2.710382011e-03,-5.479669154e-01,8.364484899e-01,5.930230628e-02,8.732017579e-02,-3.196140735e-01,4.107951197e+00,4.169250241e+00,-1.423303908e-01,1.525627060e-02,9.255488728e+00,-4.999999732e+00,-4.999999794e+00,-1.889366093e-02,-1.365499693e-03
-2.098989215e+00,-4.644910776e+01,-1.638806675e+01,-1.650738700e+01,6.271479893e-01,8.161493162e-01,-9.981426970e-01,5.248589404e-02,2.859399564e-02,-5.961392543e-02,-8.355733652e-01,-5.460944658e-01,-4.756691091e-03,-5.466726446e-01,8.372854840e-01,5.844379478e-02,8.762637359e-02,-3.187849833e-01,3.986488097e+00,4.047787140e+00,-1.427893673e-01,1.522309903e-02,9.279781349e+00,-4.999999732e+00,-4.999999794e+00,-1.889366093e-02,-1.365499693e-03
-2.499584136e+00,-4.643233523e+01,-1.636768697e+01,-1.648176621e+01,7.500510349e-01,8.630714894e-01,-9.976402073e-01,6.010685307e-02,3.101798756e-02,-6.732970026e-02,-8.359053868e-01,-5.446877388e-01,-6.798110087e-03,-5.453788173e-01,8.381151411e-01,5.758219740e-02,8.788821725e-02,-3.179513709e-01,3.865024997e+00,3.926324038e+00,-1.432483439e-01,1.518992747e-02,9.304073970e+00,-4.999999732e+00,-4.999999794e+00,-1.889366093e-02,-1.365499693e-03
-2.899583139e+00,-4.641259666e+01,-1.634616711e+01,-1.645526990e+01,8.726424880e-01,9.094915876e-01,-9.970760912e-01,6.771630908e-02,3.341652544e-02,-7.502723405e-02,-8.361684655e-01,-5.432768975e-01,-8.833742491e-03,-5.440855594e-01,8.389374306e-01,5.671867531e-02,8.810509968e-02,-3.171148934e-01,3.743561897e+00,3.804860936e+00,-1.437073204e-01,1.515675590e-02,9.328366592e+00,-4.999999732e+00,-4.999999794e+00,-1.889366093e-02,-1.365499693e-03
-3.298964973e+00,-4.638989961e+01,-1.632351937e+01,-1.642791813e+01,9.949137939e-01,9.554130254e-01,-9.964507314e-01,7.531304952e-02,3.579050536e-02,-8.270592622e-02,-8.363629509e-01,-5.418623288e-01,-1.086269179e-02,-5.427929969e-01,8.397523216e-01,5.585438973e-02,8.827641375e-02,-3.162772080e-01,3.622098796e+00,3.683397835e+00,-1.441662970e-01,1.512358433e-02,9.352659213e+00,-4.999999732e+00,-4.999999794e+00,-1.889366093e-02,-1.365499693e-03
-3.697708391e+00,-4.636425167e+01,-1.629975595e+01,-1.639973101e+01,1.116856398e+00,1.000839218e+00,-9.957645104e-01,8.289586188e-02,3.814082344e-02,-9.036517620e-02,-8.364891925e-01,-5.404444201e-01,-1.288406149e-02,-5.415012556e-01,8.405597836e-01,5.499050185e-02,8.840155236e-02,-3.154399719e-01,3.500635696e+00,3.561934733e+00,-1.446252735e-01,1.509041277e-02,9.376951834e+00,-4.999999732e+00,-4.999999794e+00,-1.889366093e-02,-1.365499693e-03
-4.095792141e+00,-4.633566041e+01,-1.627488903e+01,-1.637072863e+01,1.238461745e+00,1.045773580e+00,-9.950178109e-01,9.046353360e-02,4.046837575e-02,-9.800438343e-02,-8.365475398e-01,-5.390235585e-01,-1.489695507e-02,-5.402104617e-01,8.413597857e-01,5.412817287e-02,8.847990841e-02,-3.146048423e-01,3.379172596e+00,3.440471631e+00,-1.450842501e-01,1.505724120e-02,9.401244456e+00,-4.999999732e+00,-4.999999794e+00,-1.889366093e-02,-1.365499693e-03
-4.493194975e+00,-4.630413340e+01,-1.624893082e+01,-1.634093108e+01,1.359721280e+00,1.090219525e+00,-9.942110153e-01,9.801485217e-02,4.277405840e-02,-1.056229473e-01,-8.365383421e-01,-5.376001310e-01,-1.690047601e-02,-5.389207410e-01,8.421522975e-01,5.326856398e-02,8.851087478e-02,-3.137734764e-01,3.257709496e+00,3.319008530e+00,-1.455432266e-01,1.502406963e-02,9.425537077e+00,-4.999999732e+00,-4.999999794e+00,-1.889366093e-02,-1.365499693e-03
-4.889895642e+00,-4.626967824e+01,-1.622189350e+01,-1.631035845e+01,1.480626449e+00,1.134180470e+00,-9.933445064e-01,1.055486050e-01,4.505876748e-02,-1.132202673e-01,-8.364619491e-01,-5.361745251e-01,-1.889372783e-02,-5.376322194e-01,8.429372880e-01,5.241283638e-02,8.849384436e-02,-3.129475313e-01,3.136246396e+00,3.197545428e+00,-1.460022032e-01,1.499089806e-02,9.449829698e+00,-4.999999732e+00,-4.999999794e+00,-1.889366093e-02,-1.365499693e-03
-5.285872894e+00,-4.623230249e+01,-1.619378927e+01,-1.627903083e+01,1.601168697e+00,1.177659829e+00,-9.924186666e-01,1.130635797e-01,4.732339909e-02,-1.207957428e-01,-8.363187101e-01,-5.347471276e-01,-2.087581400e-02,-5.363450229e-01,8.437147268e-01,5.156215128e-02,8.842821005e-02,-3.121286643e-01,3.014783296e+00,3.076082326e+00,-1.464611797e-01,1.495772650e-02,9.474122320e+00,-4.999999732e+00,-4.999999794e+00,-1.889366093e-02,-1.365499693e-03
-5.681105481e+00,-4.619201374e+01,-1.616463032e+01,-1.624696832e+01,1.721339469e+00,1.220661017e+00,-9.914338787e-01,1.205585636e-01,4.956884933e-02,-1.283487733e-01,-8.361089746e-01,-5.333183259e-01,-2.284583801e-02,-5.350592774e-01,8.444845830e-01,5.071766986e-02,8.831336474e-02,-3.113185325e-01,2.893320195e+00,2.954619225e+00,-1.469201563e-01,1.492455493e-02,9.498414941e+00,-4.999999732e+00,-4.999999794e+00,-1.889366093e-02,-1.365499693e-03
-6.075572152e+00,-4.614881956e+01,-1.613442885e+01,-1.621419100e+01,1.841130210e+00,1.263187448e+00,-9.903905251e-01,1.280323442e-01,5.179601428e-02,-1.358787581e-01,-8.358330922e-01,-5.318885071e-01,-2.480290337e-02,-5.337751089e-01,8.452468259e-01,4.988055332e-02,8.814870131e-02,-3.105187932e-01,2.771857095e+00,2.833156123e+00,-1.473791328e-01,1.489138336e-02,9.522707562e+00,-4.999999732e+00,-4.999999794e+00,-1.889366093e-02,-1.365499693e-03
-6.469251660e+00,-4.610272753e+01,-1.610319705e+01,-1.618071897e+01,1.960532365e+00,1.305242537e+00,-9.892889885e-01,1.354837090e-01,5.400579006e-02,-1.433850967e-01,-8.354914123e-01,-5.304580584e-01,-2.674611355e-02,-5.324926433e-01,8.460014250e-01,4.905196287e-02,8.793361267e-02,-3.097311035e-01,2.650393995e+00,2.711693021e+00,-1.478381094e-01,1.485821180e-02,9.547000184e+00,-4.999999732e+00,-4.999999794e+00,-1.889366093e-02,-1.365499693e-03
-6.862122753e+00,-4.605374522e+01,-1.607094711e+01,-1.614657232e+01,2.079537380e+00,1.346829699e+00,-9.881296514e-01,1.429114454e-01,5.619907274e-02,-1.508671886e-01,-8.350842843e-01,-5.290273669e-01,-2.867457206e-02,-5.312120066e-01,8.467483495e-01,4.823305970e-02,8.766749170e-02,-3.089571206e-01,2.528930895e+00,2.590229920e+00,-1.482970859e-01,1.482504023e-02,9.571292805e+00,-4.999999732e+00,-4.999999794e+00,-1.889366093e-02,-1.365499693e-03
-7.254164182e+00,-4.600188022e+01,-1.603769122e+01,-1.611177114e+01,2.198136700e+00,1.387952350e+00,-9.869128965e-01,1.503143409e-01,5.837675843e-02,-1.583244331e-01,-8.346120578e-01,-5.275968198e-01,-3.058738237e-02,-5.299333247e-01,8.474875686e-01,4.742500501e-02,8.734973129e-02,-3.081985018e-01,2.407467795e+00,2.468766818e+00,-1.487560625e-01,1.479186866e-02,9.595585426e+00,-4.999999732e+00,-4.999999794e+00,-1.889366093e-02,-1.365499693e-03
-7.645354699e+00,-4.594714010e+01,-1.600344158e+01,-1.607633552e+01,2.316321769e+00,1.428613903e+00,-9.856391063e-01,1.576911830e-01,6.053974322e-02,-1.657562297e-01,-8.340750823e-01,-5.261668043e-01,-3.248364799e-02,-5.286567236e-01,8.482190518e-01,4.662895999e-02,8.697972433e-02,-3.074569042e-01,2.286004695e+00,2.347303716e+00,-1.492150390e-01,1.475869710e-02,9.619878048e+00,-4.999999732e+00,-4.999999794e+00,-1.889366093e-02,-1.365499693e-03
-8.035673053e+00,-4.588953244e+01,-1.596821039e+01,-1.604028555e+01,2.434084034e+00,1.468817774e+00,-9.843086634e-01,1.650407592e-01,6.268892321e-02,-1.731619778e-01,-8.334737071e-01,-5.247377074e-01,-3.436247241e-02,-5.273823292e-01,8.489427683e-01,4.584608584e-02,8.655686372e-02,-3.067339849e-01,2.164541594e+00,2.225840615e+00,-1.496740156e-01,1.472552553e-02,9.644170669e+00,-4.999999732e+00,-4.999999794e+00,-1.889366093e-02,-1.365499693e-03
-8.425097994e+00,-4.582906481e+01,-1.593200983e+01,-1.600364133e+01,2.551414939e+00,1.508567377e+00,-9.829219505e-01,1.723618568e-01,6.482519449e-02,-1.805410769e-01,-8.328082819e-01,-5.233099165e-01,-3.622295911e-02,-5.261102674e-01,8.496586874e-01,4.507754377e-02,8.608054234e-02,-3.060314013e-01,2.043078494e+00,2.104377513e+00,-1.501329921e-01,1.469235396e-02,9.668463290e+00,-4.999999732e+00,-4.999999794e+00,-1.889366093e-02,-1.365499693e-03
-8.813608273e+00,-4.576574481e+01,-1.589485210e+01,-1.596642295e+01,2.668305930e+00,1.547866128e+00,-9.814793500e-01,1.796532635e-01,6.694945316e-02,-1.878929263e-01,-8.320791560e-01,-5.218838186e-01,-3.806421159e-02,-5.248406642e-01,8.503667784e-01,4.432449496e-02,8.555015310e-02,-3.053508104e-01,1.921615394e+00,1.982914411e+00,-1.505919687e-01,1.465918239e-02,9.692755912e+00,-4.999999732e+00,-4.999999794e+00,-1.889366093e-02,-1.365499693e-03
-9.201182641e+00,-4.569957999e+01,-1.585674939e+01,-1.592865050e+01,2.784748452e+00,1.586717441e+00,-9.799812447e-01,1.869137665e-01,6.906259532e-02,-1.952169255e-01,-8.312866789e-01,-5.204598010e-01,-3.988533333e-02,-5.235736456e-01,8.510670108e-01,4.358810061e-02,8.496508887e-02,-3.046938696e-01,1.800152294e+00,1.861451310e+00,-1.510509452e-01,1.462601083e-02,9.717048533e+00,-4.999999732e+00,-4.999999794e+00,-1.889366093e-02,-1.365499693e-03
-9.587799848e+00,-4.563057795e+01,-1.581771390e+01,-1.589034406e+01,2.900733949e+00,1.625124731e+00,-9.784280171e-01,1.941421535e-01,7.116551706e-02,-2.025124740e-01,-8.304312001e-01,-5.190382507e-01,-4.168542784e-02,-5.223093374e-01,8.517593536e-01,4.286952193e-02,8.432474256e-02,-3.040622359e-01,1.678689194e+00,1.739988208e+00,-1.515099218e-01,1.459283926e-02,9.741341154e+00,-4.999999732e+00,-4.999999794e+00,-1.889366093e-02,-1.365499693e-03
-9.973438644e+00,-4.555874625e+01,-1.577775782e+01,-1.585152374e+01,3.016253867e+00,1.663091412e+00,-9.768200497e-01,2.013372119e-01,7.325911448e-02,-2.097789711e-01,-8.295130692e-01,-5.176195550e-01,-4.346359860e-02,-5.210478656e-01,8.524437763e-01,4.216992011e-02,8.362850705e-02,-3.034575665e-01,1.557226094e+00,1.618525106e+00,-1.519688984e-01,1.455966769e-02,9.765633776e+00,-4.999999732e+00,-4.999999794e+00,-1.889366093e-02,-1.365499693e-03
-1.035807778e+01,-4.548409248e+01,-1.573689334e+01,-1.581220963e+01,3.131299652e+00,1.700620900e+00,-9.751577252e-01,2.084977291e-01,7.534428367e-02,-2.170158162e-01,-8.285326355e-01,-5.162041010e-01,-4.521894910e-02,-5.197893563e-01,8.531202483e-01,4.149045635e-02,8.287577523e-02,-3.028815188e-01,1.435762993e+00,1.497062005e+00,-1.524278749e-01,1.452649613e-02,9.789926397e+00,-4.999999732e+00,-4.999999794e+00,-1.889366093e-02,-1.365499693e-03
-1.074128305e+01,-4.540626610e+01,-1.569543144e+01,-1.577198792e+01,3.245411662e+00,1.737782821e+00,-9.734290980e-01,2.155894673e-01,7.749239418e-02,-2.242303965e-01,-8.275028879e-01,-5.147507157e-01,-4.684800941e-02,-5.184715351e-01,8.538076461e-01,4.014196926e-02,8.164344033e-02,-3.023842640e-01,1.389066092e+00,1.449392100e+00,-1.527343156e-01,1.433524581e-02,9.814219018e+00,-1.152833678e+00,-1.202900447e+00,-1.104478273e-02,-9.499592666e-03
-1.112348450e+01,-4.532565731e+01,-1.565308341e+01,-1.573149633e+01,3.358938293e+00,1.774815110e+00,-9.716484597e-01,2.226433283e-01,7.965246772e-02,-2.314208033e-01,-8.264047713e-01,-5.133104421e-01,-4.843961661e-02,-5.171763426e-01,8.544775528e-01,3.858729749e-02,8.039509327e-02,-3.019034165e-01,1.361060740e+00,1.420170495e+00,-1.530026223e-01,1.410447580e-02,9.838511640e+00,-1.152833678e+00,-1.202900447e+00,-1.104478273e-02,-9.499592666e-03
-1.150478938e+01,-4.524237307e+01,-1.560977465e+01,-1.569086675e+01,3.472002805e+00,1.811725696e+00,-9.698194542e-01,2.296686254e-01,8.180637538e-02,-2.385851910e-01,-8.252342327e-01,-5.118960994e-01,-5.002224816e-02,-5.159223629e-01,8.551238400e-01,3.699400501e-02,7.925097667e-02,-3.014240656e-01,1.333055388e+00,1.390948890e+00,-1.532709290e-01,1.387370579e-02,9.862804261e+00,-1.152833678e+00,-1.202900447e+00,-1.104478273e-02,-9.499592666e-03
-1.188518664e+01,-4.515641796e+01,-1.556551355e+01,-1.565008806e+01,3.584614825e+00,1.848506734e+00,-9.679421012e-01,2.366657030e-01,8.395338937e-02,-2.457232072e-01,-8.239914714e-01,-5.105079425e-01,-5.159748042e-02,-5.147086163e-01,8.557466999e-01,3.536330825e-02,7.820925723e-02,-3.009464049e-01,1.305050036e+00,1.361727285e+00,-1.535392358e-01,1.364293579e-02,9.887096882e+00,-1.152833678e+00,-1.202900447e+00,-1.104478273e-02,-9.499592666e-03
-1.226466524e+01,-4.506779656e+01,-1.552030849e+01,-1.560914913e+01,3.696783981e+00,1.885150375e+00,-9.660164202e-01,2.436349056e-01,8.609278192e-02,-2.528344991e-01,-8.226766867e-01,-5.091462265e-01,-5.316688974e-02,-5.135341230e-01,8.563463243e-01,3.369642362e-02,7.726810169e-02,-3.004706276e-01,1.277044684e+00,1.332505680e+00,-1.538075425e-01,1.341216578e-02,9.911389504e+00,-1.152833678e+00,-1.202900447e+00,-1.104478273e-02,-9.499592666e-03
-1.264321416e+01,-4.497651343e+01,-1.547416783e+01,-1.556803883e+01,3.808519899e+00,1.921648776e+00,-9.640424310e-01,2.505765776e-01,8.822382525e-02,-2.599187144e-01,-8.212900780e-01,-5.078112066e-01,-5.473205247e-02,-5.123979030e-01,8.569229053e-01,3.199456752e-02,7.642567673e-02,-2.999969273e-01,1.249039332e+00,1.303284075e+00,-1.540758492e-01,1.318139577e-02,9.935682125e+00,-1.152833678e+00,-1.202900447e+00,-1.104478273e-02,-9.499592666e-03
-1.302082235e+01,-4.488257316e+01,-1.542709996e+01,-1.552674605e+01,3.919832208e+00,1.957994089e+00,-9.620201530e-01,2.574910634e-01,9.034579157e-02,-2.669755004e-01,-8.198318447e-01,-5.065031377e-01,-5.629454497e-02,-5.112989766e-01,8.574766348e-01,3.025895637e-02,7.568014909e-02,-2.995254973e-01,1.221033980e+00,1.274062470e+00,-1.543441559e-01,1.295062576e-02,9.959974746e+00,-1.152833678e+00,-1.202900447e+00,-1.104478273e-02,-9.499592666e-03
-1.339747877e+01,-4.478598031e+01,-1.537911325e+01,-1.548525965e+01,4.030730535e+00,1.994178468e+00,-9.599496061e-01,2.643787075e-01,9.245795311e-02,-2.740045046e-01,-8.183021862e-01,-5.052222751e-01,-5.785594360e-02,-5.102363638e-01,8.580077048e-01,2.849080657e-02,7.502968547e-02,-2.990565312e-01,1.193028628e+00,1.244840865e+00,-1.546124627e-01,1.271985576e-02,9.984267368e+00,-1.152833678e+00,-1.202900447e+00,-1.104478273e-02,-9.499592666e-03
-1.377317239e+01,-4.468673946e+01,-1.533021608e+01,-1.544356851e+01,4.141224509e+00,2.030194068e+00,-9.578308098e-01,2.712398543e-01,9.455958208e-02,-2.810053745e-01,-8.167013018e-01,-5.039688737e-01,-5.941782469e-02,-5.092090850e-01,8.585163073e-01,2.669133455e-02,7.447245258e-02,-2.985902222e-01,1.165023276e+00,1.215619260e+00,-1.548807694e-01,1.248908575e-02,1.000855999e+01,-1.152833678e+00,-1.202900447e+00,-1.104478273e-02,-9.499592666e-03
-1.414789216e+01,-4.458485519e+01,-1.528041683e+01,-1.540166151e+01,4.251323755e+00,2.066033042e+00,-9.556637838e-01,2.780748483e-01,9.664995072e-02,-2.879777576e-01,-8.150293910e-01,-5.027431887e-01,-6.098176462e-02,-5.082161602e-01,8.590026342e-01,2.486175672e-02,7.400661713e-02,-2.981267638e-01,1.137017924e+00,1.186397655e+00,-1.551490761e-01,1.225831574e-02,1.003285261e+01,-1.152833678e+00,-1.202900447e+00,-1.104478273e-02,-9.499592666e-03
-1.452162705e+01,-4.448033208e+01,-1.522972387e+01,-1.535952752e+01,4.361037903e+00,2.101687544e+00,-9.534485476e-01,2.848840339e-01,9.872833123e-02,-2.949213012e-01,-8.132866530e-01,-5.015454752e-01,-6.254933972e-02,-5.072566096e-01,8.594668776e-01,2.300328947e-02,7.363034585e-02,-2.976663494e-01,1.109012572e+00,1.157176050e+00,-1.554173828e-01,1.202754573e-02,1.005714523e+01,-1.152833678e+00,-1.202900447e+00,-1.104478273e-02,-9.499592666e-03
-1.489436602e+01,-4.437317469e+01,-1.517814559e+01,-1.531715541e+01,4.470376579e+00,2.137149728e+00,-9.511851209e-01,2.916677555e-01,1.007939958e-01,-3.018356529e-01,-8.114732874e-01,-5.003759881e-01,-6.412212637e-02,-5.063294533e-01,8.599092295e-01,2.111714924e-02,7.334180543e-02,-2.972091725e-01,1.081007220e+00,1.127954445e+00,-1.556856896e-01,1.179677573e-02,1.008143785e+01,-1.152833678e+00,-1.202900447e+00,-1.104478273e-02,-9.499592666e-03
-1.526609803e+01,-4.426338759e+01,-1.512569035e+01,-1.527453407e+01,4.579349412e+00,2.172411748e+00,-9.488735235e-01,2.984263576e-01,1.028462168e-01,-3.087204601e-01,-8.095894933e-01,-4.992349827e-01,-6.570170090e-02,-5.054337116e-01,8.603298817e-01,1.920455243e-02,7.313916260e-02,-2.967554266e-01,1.053001868e+00,1.098732840e+00,-1.559539963e-01,1.156600572e-02,1.010573047e+01,-1.152833678e+00,-1.202900447e+00,-1.104478273e-02,-9.499592666e-03
-1.563681205e+01,-4.415097538e+01,-1.507236654e+01,-1.523165235e+01,4.687966028e+00,2.207465758e+00,-9.465137747e-01,3.051601847e-01,1.048842662e-01,-3.155753703e-01,-8.076354703e-01,-4.981227139e-01,-6.728963967e-02,-5.045684045e-01,8.607290263e-01,1.726671544e-02,7.302058406e-02,-2.963053049e-01,1.024996516e+00,1.069511235e+00,-1.562223030e-01,1.133523571e-02,1.013002310e+01,-1.152833678e+00,-1.202900447e+00,-1.104478273e-02,-9.499592666e-03
-1.600649703e+01,-4.403594261e+01,-1.501818254e+01,-1.518849915e+01,4.796236056e+00,2.242303911e+00,-9.441058945e-01,3.118695811e-01,1.069074165e-01,-3.224000309e-01,-8.056114178e-01,-4.970394370e-01,-6.888751905e-02,-5.037325523e-01,8.611068552e-01,1.530485470e-02,7.298423653e-02,-2.958590009e-01,9.969911638e-01,1.040289630e+00,-1.564906097e-01,1.110446570e-02,1.015431572e+01,-1.152833678e+00,-1.202900447e+00,-1.104478273e-02,-9.499592666e-03
-1.637514193e+01,-4.391829387e+01,-1.496314671e+01,-1.514506333e+01,4.904169123e+00,2.276918362e+00,-9.416499022e-01,3.185548913e-01,1.089149397e-01,-3.291940894e-01,-8.035175350e-01,-4.959854069e-01,-7.049691537e-02,-5.029251750e-01,8.614635605e-01,1.332018662e-02,7.302828672e-02,-2.954167081e-01,9.689858118e-01,1.011068025e+00,-1.567589165e-01,1.087369570e-02,1.017860834e+01,-1.152833678e+00,-1.202900447e+00,-1.104478273e-02,-9.499592666e-03
-1.674273573e+01,-4.379803372e+01,-1.490726745e+01,-1.510133378e+01,5.011774856e+00,2.311301265e+00,-9.391458177e-01,3.252164598e-01,1.109061081e-01,-3.359571932e-01,-8.013540213e-01,-4.949608787e-01,-7.211940499e-02,-5.021452930e-01,8.617993341e-01,1.131392760e-02,7.315090134e-02,-2.949786199e-01,9.409804598e-01,9.818464196e-01,-1.570272232e-01,1.064292569e-02,1.020290096e+01,-1.152833678e+00,-1.202900447e+00,-1.104478273e-02,-9.499592666e-03
-1.710926738e+01,-4.367516675e+01,-1.485055312e+01,-1.505729935e+01,5.119062884e+00,2.345444772e+00,-9.365936605e-01,3.318546310e-01,1.128801939e-01,-3.426889899e-01,-7.991210762e-01,-4.939661076e-01,-7.375656428e-02,-5.013919262e-01,8.621143680e-01,9.287294062e-03,7.335024711e-02,-2.945449296e-01,9.129751078e-01,9.526248146e-01,-1.572955299e-01,1.041215568e-02,1.022719358e+01,-1.152833678e+00,-1.202900447e+00,-1.104478273e-02,-9.499592666e-03
-1.747472584e+01,-4.354969753e+01,-1.479301210e+01,-1.501294894e+01,5.226042834e+00,2.379341040e+00,-9.339934502e-01,3.384697493e-01,1.148364694e-01,-3.493891268e-01,-7.968188990e-01,-4.930013485e-01,-7.540996957e-02,-5.006640950e-01,8.624088542e-01,7.241502414e-03,7.362449073e-02,-2.941158308e-01,8.849697558e-01,9.234032095e-01,-1.575638366e-01,1.018138567e-02,1.025148620e+01,-1.152833678e+00,-1.202900447e+00,-1.104478273e-02,-9.499592666e-03
-1.783910007e+01,-4.342163063e+01,-1.473465277e+01,-1.496827141e+01,5.332724332e+00,2.412982220e+00,-9.313452066e-01,3.450621592e-01,1.167742067e-01,-3.560572514e-01,-7.944476891e-01,-4.920668567e-01,-7.708119723e-02,-4.999608193e-01,8.626829846e-01,5.177769069e-03,7.397179892e-02,-2.936915168e-01,8.569644038e-01,8.941816045e-01,-1.578321434e-01,9.950615666e-03,1.027577882e+01,-1.152833678e+00,-1.202900447e+00,-1.104478273e-02,-9.499592666e-03
-1.820237904e+01,-4.329097062e+01,-1.467548351e+01,-1.492325563e+01,5.439117008e+00,2.446360468e+00,-9.286489491e-01,3.516322051e-01,1.186926781e-01,-3.626930112e-01,-7.920076458e-01,-4.911628871e-01,-7.877182361e-02,-4.992811195e-01,8.629369512e-01,3.097310438e-03,7.439033840e-02,-2.932721811e-01,8.289590518e-01,8.649599994e-01,-1.581004501e-01,9.719845658e-03,1.030007144e+01,-1.152833678e+00,-1.202900447e+00,-1.104478273e-02,-9.499592666e-03
-1.856455170e+01,-4.315772209e+01,-1.461551270e+01,-1.487789050e+01,5.545230489e+00,2.479467936e+00,-9.259046975e-01,3.581802315e-01,1.205911558e-01,-3.692960537e-01,-7.894989686e-01,-4.902896949e-01,-8.048342506e-02,-4.986240157e-01,8.631709461e-01,1.001342934e-03,7.487827587e-02,-2.928580170e-01,8.009536998e-01,8.357383944e-01,-1.583687568e-01,9.489075651e-03,1.032436407e+01,-1.152833678e+00,-1.202900447e+00,-1.104478273e-02,-9.499592666e-03
-1.892560703e+01,-4.302188960e+01,-1.455474870e+01,-1.483216487e+01,5.651074401e+00,2.512296779e+00,-9.231124715e-01,3.647065828e-01,1.224689121e-01,-3.758660262e-01,-7.869218568e-01,-4.894475352e-01,-8.221757793e-02,-4.979885279e-01,8.633851611e-01,-1.108917032e-03,7.543377804e-02,-2.924492181e-01,7.729483478e-01,8.065167893e-01,-1.586370635e-01,9.258305644e-03,1.034865669e+01,-1.152833678e+00,-1.202900447e+00,-1.104478273e-02,-9.499592666e-03
-1.928553397e+01,-4.288347773e+01,-1.449319991e+01,-1.478606762e+01,5.756658374e+00,2.544839152e+00,-9.202722905e-01,3.712116034e-01,1.243252191e-01,-3.824025763e-01,-7.842765098e-01,-4.886366630e-01,-8.397585859e-02,-4.973736765e-01,8.635797883e-01,-3.232253047e-03,7.605501164e-02,-2.920459777e-01,7.449429958e-01,7.772951843e-01,-1.589053703e-01,9.027535636e-03,1.037294931e+01,-1.152833678e+00,-1.202900447e+00,-1.104478273e-02,-9.499592666e-03
-1.964432150e+01,-4.274249106e+01,-1.443087468e+01,-1.473958763e+01,5.861992033e+00,2.577087207e+00,-9.173841743e-01,3.776956378e-01,1.261593490e-01,-3.889053514e-01,-7.815631269e-01,-4.878573333e-01,-8.575984338e-02,-4.967784815e-01,8.637550196e-01,-5.367448700e-03,7.674014336e-02,-2.916484892e-01,7.169376438e-01,7.480735792e-01,-1.591736770e-01,8.796765629e-03,1.039724193e+01,-1.152833678e+00,-1.202900447e+00,-1.104478273e-02,-9.499592666e-03
-2.000195857e+01,-4.259893416e+01,-1.436778142e+01,-1.469271378e+01,5.967085008e+00,2.609033098e+00,-9.144481425e-01,3.841590304e-01,1.279705741e-01,-3.953739990e-01,-7.787819076e-01,-4.871098014e-01,-8.757110865e-02,-4.962019631e-01,8.639110471e-01,-7.513287580e-03,7.748733993e-02,-2.912569461e-01,6.889322918e-01,7.188519742e-01,-1.594419837e-01,8.565995621e-03,1.042153455e+01,-1.152833678e+00,-1.202900447e+00,-1.104478273e-02,-9.499592666e-03
-2.035843415e+01,-4.245281160e+01,-1.430392848e+01,-1.464543493e+01,6.071946925e+00,2.640668980e+00,-9.114642147e-01,3.906021257e-01,1.297581667e-01,-4.018081665e-01,-7.759330513e-01,-4.863943223e-01,-8.941123076e-02,-4.956431415e-01,8.640480626e-01,-9.668553273e-03,7.829476805e-02,-2.908715418e-01,6.609269398e-01,6.896303691e-01,-1.597102904e-01,8.335225614e-03,1.044582717e+01,-1.152833678e+00,-1.202900447e+00,-1.104478273e-02,-9.499592666e-03
-2.071373719e+01,-4.230412796e+01,-1.423932425e+01,-1.459773997e+01,6.176587412e+00,2.671987007e+00,-9.084324106e-01,3.970252681e-01,1.315213988e-01,-4.082075014e-01,-7.730167572e-01,-4.857111510e-01,-9.128178607e-02,-4.951010368e-01,8.641662582e-01,-1.183202937e-02,7.916059445e-02,-2.904924697e-01,6.329215878e-01,6.604087641e-01,-1.599785972e-01,8.104455606e-03,1.047011979e+01,-1.152833678e+00,-1.202900447e+00,-1.104478273e-02,-9.499592666e-03
-2.106785667e+01,-4.215288782e+01,-1.417397711e+01,-1.454961776e+01,6.281016097e+00,2.702979331e+00,-9.053527498e-01,4.034288020e-01,1.332595429e-01,-4.145716512e-01,-7.700332247e-01,-4.850605427e-01,-9.318435093e-02,-4.945746692e-01,8.642658259e-01,-1.400249945e-02,8.008298582e-02,-2.901199233e-01,6.049162358e-01,6.311871590e-01,-1.602469039e-01,7.873685599e-03,1.049441242e+01,-1.152833678e+00,-1.202900447e+00,-1.104478273e-02,-9.499592666e-03
-2.142078153e+01,-4.199909574e+01,-1.410789542e+01,-1.450105719e+01,6.385242608e+00,2.733638108e+00,-9.022252520e-01,4.098130720e-01,1.349718709e-01,-4.209002633e-01,-7.669826534e-01,-4.844427524e-01,-9.512050169e-02,-4.940630589e-01,8.643469576e-01,-1.617874712e-02,8.106010889e-02,-2.897540959e-01,5.769108838e-01,6.019655540e-01,-1.605152106e-01,7.642915591e-03,1.051870504e+01,-1.152833678e+00,-1.202900447e+00,-1.104478273e-02,-9.499592666e-03
-2.177250075e+01,-4.184275630e+01,-1.404108758e+01,-1.445204712e+01,6.489276571e+00,2.763955491e+00,-8.990499367e-01,4.161784223e-01,1.366576553e-01,-4.271929851e-01,-7.638652424e-01,-4.838580352e-01,-9.709181470e-02,-4.935652259e-01,8.644098454e-01,-1.835955595e-02,8.209013036e-02,-2.893951810e-01,5.489055318e-01,5.727439489e-01,-1.607835173e-01,7.412145584e-03,1.054299766e+01,-1.152833678e+00,-1.202900447e+00,-1.104478273e-02,-9.499592666e-03
-2.212300329e+01,-4.168387409e+01,-1.397356195e+01,-1.440257643e+01,6.593127615e+00,2.793923634e+00,-8.958268236e-01,4.225251976e-01,1.383161681e-01,-4.334494642e-01,-7.606811912e-01,-4.833066462e-01,-9.909986632e-02,-4.930801906e-01,8.644546811e-01,-2.054370953e-02,8.317121695e-02,-2.890433720e-01,5.209001798e-01,5.435223439e-01,-1.610518241e-01,7.181375576e-03,1.056729028e+01,-1.152833678e+00,-1.202900447e+00,-1.104478273e-02,-9.499592666e-03
-2.247227810e+01,-4.152245366e+01,-1.390532692e+01,-1.435263401e+01,6.696805367e+00,2.823534691e+00,-8.925559323e-01,4.288537421e-01,1.399466817e-01,-4.396693479e-01,-7.574306993e-01,-4.827888405e-01,-1.011462329e-01,-4.926069729e-01,8.644816568e-01,-2.272999146e-02,8.430153537e-02,-2.886988623e-01,4.928948278e-01,5.143007388e-01,-1.613201308e-01,6.950605569e-03,1.059158290e+01,-1.152833678e+00,-1.202900447e+00,-1.104478273e-02,-9.499592666e-03
-2.282031414e+01,-4.135849960e+01,-1.383639086e+01,-1.430220871e+01,6.800319455e+00,2.852780816e+00,-8.892372825e-01,4.351644004e-01,1.415484683e-01,-4.458522838e-01,-7.541139658e-01,-4.823048731e-01,-1.032324908e-01,-4.921445932e-01,8.644909644e-01,-2.491718532e-02,8.547925234e-02,-2.883618454e-01,4.648894758e-01,4.850791338e-01,-1.615884375e-01,6.719835562e-03,1.061587552e+01,-1.152833678e+00,-1.202900447e+00,-1.104478273e-02,-9.499592666e-03
-2.316710039e+01,-4.119201648e+01,-1.376676214e+01,-1.425128942e+01,6.903679506e+00,2.881654162e+00,-8.858708938e-01,4.414575169e-01,1.431208000e-01,-4.519979193e-01,-7.507311903e-01,-4.818549992e-01,-1.053602164e-01,-4.916920716e-01,8.644827960e-01,-2.710407469e-02,8.670253455e-02,-2.880325146e-01,4.368841238e-01,4.558575287e-01,-1.618567442e-01,6.489065554e-03,1.064016814e+01,-1.152833678e+00,-1.202900447e+00,-1.104478273e-02,-9.499592666e-03
-2.351262580e+01,-4.102300887e+01,-1.369644915e+01,-1.419986502e+01,7.006895147e+00,2.910146884e+00,-8.824567859e-01,4.477334361e-01,1.446629491e-01,-4.581059019e-01,-7.472825721e-01,-4.814394738e-01,-1.075309860e-01,-4.912484281e-01,8.644573434e-01,-2.928944318e-02,8.796954874e-02,-2.877110635e-01,4.088787718e-01,4.266359237e-01,-1.621250510e-01,6.258295547e-03,1.066446076e+01,-1.152833678e+00,-1.202900447e+00,-1.104478273e-02,-9.499592666e-03
-2.385687933e+01,-4.085148136e+01,-1.362546027e+01,-1.414792437e+01,7.109976008e+00,2.938251136e+00,-8.789949783e-01,4.539925023e-01,1.461741878e-01,-4.641758790e-01,-7.437683106e-01,-4.810585521e-01,-1.097463759e-01,-4.908126830e-01,8.644147988e-01,-3.147207436e-02,8.927846161e-02,-2.873976853e-01,3.808734198e-01,3.974143186e-01,-1.623933577e-01,6.027525539e-03,1.068875339e+01,-1.152833678e+00,-1.202900447e+00,-1.104478273e-02,-9.499592666e-03
-2.419984995e+01,-4.067743851e+01,-1.355380386e+01,-1.409545635e+01,7.212931714e+00,2.965959071e+00,-8.754854907e-01,4.602350601e-01,1.476537883e-01,-4.702074980e-01,-7.401886051e-01,-4.807124890e-01,-1.120079626e-01,-4.903838565e-01,8.643553540e-01,-3.365075182e-02,9.062743986e-02,-2.870925736e-01,3.528680678e-01,3.681927136e-01,-1.626616644e-01,5.796755532e-03,1.071304601e+01,-1.152833678e+00,-1.202900447e+00,-1.104478273e-02,-9.499592666e-03
-2.454152661e+01,-4.050088490e+01,-1.348148831e+01,-1.404244984e+01,7.315771894e+00,2.993262843e+00,-8.719283428e-01,4.664614538e-01,1.491010229e-01,-4.762004065e-01,-7.365436551e-01,-4.804015397e-01,-1.143173224e-01,-4.899609687e-01,8.642792011e-01,-3.582425915e-02,9.201465023e-02,-2.867959218e-01,3.248627158e-01,3.389711085e-01,-1.629299711e-01,5.565985524e-03,1.073733863e+01,-1.152833678e+00,-1.202900447e+00,-1.104478273e-02,-9.499592666e-03
-2.488189829e+01,-4.032182510e+01,-1.340852200e+01,-1.398889370e+01,7.418506175e+00,3.020154606e+00,-8.683235541e-01,4.726720279e-01,1.505151638e-01,-4.821542519e-01,-7.328336599e-01,-4.801259593e-01,-1.166760316e-01,-4.895430397e-01,8.641865320e-01,-3.799137994e-02,9.343825940e-02,-2.865079232e-01,2.968573638e-01,3.097495035e-01,-1.631982779e-01,5.335215517e-03,1.076163125e+01,-1.152833678e+00,-1.202900447e+00,-1.104478273e-02,-9.499592666e-03
-2.522095393e+01,-4.014026369e+01,-1.333491329e+01,-1.393477683e+01,7.521144186e+00,3.046626515e+00,-8.646711444e-01,4.788671269e-01,1.518954831e-01,-4.880686816e-01,-7.290588188e-01,-4.798860029e-01,-1.190856666e-01,-4.891290898e-01,8.640775386e-01,-4.015089778e-02,9.489643411e-02,-2.862287713e-01,2.688520118e-01,2.805278984e-01,-1.634665846e-01,5.104445509e-03,1.078592387e+01,-1.152833678e+00,-1.202900447e+00,-1.104478273e-02,-9.499592666e-03
-2.555868250e+01,-3.995620524e+01,-1.326067058e+01,-1.388008808e+01,7.623695552e+00,3.072670722e+00,-8.609711332e-01,4.850470951e-01,1.532412532e-01,-4.939433432e-01,-7.252193313e-01,-4.796819254e-01,-1.215478038e-01,-4.887181390e-01,8.639524131e-01,-4.230159626e-02,9.638734106e-02,-2.859586596e-01,2.408466598e-01,2.513062934e-01,-1.637348913e-01,4.873675502e-03,1.081021649e+01,-1.152833678e+00,-1.202900447e+00,-1.104478273e-02,-9.499592666e-03
-2.589507297e+01,-3.976965433e+01,-1.318580223e+01,-1.382481634e+01,7.726169903e+00,3.098279383e+00,-8.572235401e-01,4.912122771e-01,1.545517462e-01,-4.997778840e-01,-7.213153968e-01,-4.795139821e-01,-1.240640194e-01,-4.883092076e-01,8.638113473e-01,-4.444225895e-02,9.790914697e-02,-2.856977814e-01,2.128413078e-01,2.220846883e-01,-1.640031980e-01,4.642905495e-03,1.083450911e+01,-1.152833678e+00,-1.202900447e+00,-1.104478273e-02,-9.499592666e-03
-2.623011429e+01,-3.958061553e+01,-1.311031662e+01,-1.376895049e+01,7.828576865e+00,3.123444650e+00,-8.534283849e-01,4.973630173e-01,1.558262343e-01,-5.055719516e-01,-7.173472145e-01,-4.793824280e-01,-1.266358900e-01,-4.879013157e-01,8.636545333e-01,-4.657166946e-02,9.946001854e-02,-2.854463302e-01,1.848359558e-01,1.928630833e-01,-1.642715048e-01,4.412135487e-03,1.085880174e+01,-1.152833678e+00,-1.202900447e+00,-1.104478273e-02,-9.499592666e-03
-2.656379543e+01,-3.938909342e+01,-1.303422213e+01,-1.371247938e+01,7.930926067e+00,3.148158678e+00,-8.495856871e-01,5.034996600e-01,1.570639898e-01,-5.113251933e-01,-7.133149840e-01,-4.792875182e-01,-1.292649917e-01,-4.874934835e-01,8.634821629e-01,-4.868861137e-02,1.010381225e-01,-2.852044993e-01,1.568306038e-01,1.636414782e-01,-1.645398115e-01,4.181365480e-03,1.088309436e+01,-1.152833678e+00,-1.202900447e+00,-1.104478273e-02,-9.499592666e-03
-2.689610535e+01,-3.919509257e+01,-1.295752714e+01,-1.365539191e+01,8.033227135e+00,3.172413621e+00,-8.456954664e-01,5.096225499e-01,1.582642849e-01,-5.170372567e-01,-7.092189045e-01,-4.792295077e-01,-1.319529009e-01,-4.870847311e-01,8.632944283e-01,-5.079186827e-02,1.026416255e-01,-2.849724823e-01,1.288252518e-01,1.344198732e-01,-1.648081182e-01,3.950595472e-03,1.090738698e+01,-1.152833678e+00,-1.202900447e+00,-1.104478273e-02,-9.499592666e-03
-2.722703301e+01,-3.899861756e+01,-1.288024003e+01,-1.359767694e+01,8.135489698e+00,3.196201632e+00,-8.417577424e-01,5.157320312e-01,1.594263918e-01,-5.227077892e-01,-7.050591755e-01,-4.792086517e-01,-1.347011941e-01,-4.866740786e-01,8.630915213e-01,-5.288022374e-02,1.042686944e-01,-2.847504725e-01,1.008198998e-01,1.051982681e-01,-1.650764249e-01,3.719825465e-03,1.093167960e+01,-1.152833678e+00,-1.202900447e+00,-1.104478273e-02,-9.499592666e-03
-2.755656738e+01,-3.879967295e+01,-1.280236917e+01,-1.353932335e+01,8.237723383e+00,3.219514865e+00,-8.377725348e-01,5.218284484e-01,1.605495828e-01,-5.283364383e-01,-7.008359962e-01,-4.792252052e-01,-1.375114476e-01,-4.862605464e-01,8.628736339e-01,-5.495246138e-02,1.059174957e-01,-2.845386634e-01,7.281454778e-02,7.597666309e-02,-1.653447316e-01,3.489055457e-03,1.095597222e+01,-1.152833678e+00,-1.202900447e+00,-1.104478273e-02,-9.499592666e-03
-2.788469740e+01,-3.859826333e+01,-1.272392293e+01,-1.348032002e+01,8.339937817e+00,3.242345475e+00,-8.337398631e-01,5.279121460e-01,1.616331300e-01,-5.339228514e-01,-6.965495662e-01,-4.792794233e-01,-1.403852376e-01,-4.858431544e-01,8.626409582e-01,-5.700736477e-02,1.075861963e-01,-2.843372483e-01,4.480919578e-02,4.675505804e-02,-1.656130384e-01,3.258285450e-03,1.098026484e+01,-1.152833678e+00,-1.202900447e+00,-1.104478273e-02,-9.499592666e-03
-2.821141206e+01,-3.839439327e+01,-1.264490971e+01,-1.342065582e+01,8.442142629e+00,3.264685615e+00,-8.296597471e-01,5.339834685e-01,1.626763056e-01,-5.394666760e-01,-6.922000847e-01,-4.793715612e-01,-1.433241407e-01,-4.854209229e-01,8.623936861e-01,-5.904371750e-02,1.092729629e-01,-2.841464208e-01,1.680384378e-02,1.753345299e-02,-1.658813451e-01,3.027515442e-03,1.100455746e+01,-1.152833678e+00,-1.202900447e+00,-1.104478273e-02,-9.499592666e-03
-2.853658441e+01,-3.818817103e+01,-1.256532056e+01,-1.336016322e+01,8.544597086e+00,3.285702799e+00,-8.255375880e-01,5.400301747e-01,1.636576126e-01,-5.449443589e-01,-6.877969744e-01,-4.795128795e-01,-1.463320405e-01,-4.849803259e-01,8.621303093e-01,-6.093569678e-02,1.102258001e-01,-2.839720958e-01,6.408553075e-07,4.988344248e-07,-1.659056033e-01,2.829919191e-03,1.102885008e+01,8.515060077e-07,9.127661914e-07,1.407071244e-02,-6.085618132e-03
-2.886014731e+01,-3.797958813e+01,-1.248521252e+01,-1.329876994e+01,8.647261852e+00,3.305345105e+00,-8.213779912e-01,5.460325516e-01,1.646054898e-01,-5.503522088e-01,-6.833453472e-01,-4.796986842e-01,-1.493731275e-01,-4.845287958e-01,8.618480009e-01,-6.262218890e-02,1.100632247e-01,-2.838346930e-01,6.615406188e-07,5.210079065e-07,-1.655637888e-01,2.682083574e-03,1.105314271e+01,8.515060077e-07,9.127661914e-07,1.407071244e-02,-6.085618132e-03
-2.918225709e+01,-3.776846984e+01,-1.240463672e+01,-1.323671118e+01,8.749685617e+00,3.325006680e+00,-8.171735592e-01,5.520035491e-01,1.655675499e-01,-5.557279616e-01,-6.788316671e-01,-4.799078883e-01,-1.524281031e-01,-4.840902987e-01,8.615485135e-01,-6.429135086e-02,1.099088835e-01,-2.837323120e-01,6.822259302e-07,5.431813882e-07,-1.652219744e-01,2.534247957e-03,1.107743533e+01,8.515060077e-07,9.127661914e-07,1.407071244e-02,-6.085618132e-03
-2.950289364e+01,-3.755482580e+01,-1.232359187e+01,-1.317398130e+01,8.851863014e+00,3.344688689e+00,-8.129241153e-01,5.579430447e-01,1.665433598e-01,-5.610709486e-01,-6.742560962e-01,-4.801403043e-01,-1.554974229e-01,-4.836636453e-01,8.612319631e-01,-6.594375716e-02,1.097636869e-01,-2.836639536e-01,7.029112415e-07,5.653548698e-07,-1.648801599e-01,2.386412341e-03,1.110172795e+01,8.515060077e-07,9.127661914e-07,1.407071244e-02,-6.085618132e-03
-2.982203686e+01,-3.733866561e+01,-1.224207669e+01,-1.311057470e+01,8.953788675e+00,3.364392300e+00,-8.086294829e-01,5.638509157e-01,1.675324865e-01,-5.663805011e-01,-6.696187966e-01,-4.803957447e-01,-1.585815427e-01,-4.832476466e-01,8.608984660e-01,-6.757998230e-02,1.096285455e-01,-2.836286191e-01,7.235965528e-07,5.875283515e-07,-1.645383454e-01,2.238576724e-03,1.112602057e+01,8.515060077e-07,9.127661914e-07,1.407071244e-02,-6.085618132e-03
-3.013966665e+01,-3.711999888e+01,-1.216008989e+01,-1.304648576e+01,9.055457233e+00,3.384118681e+00,-8.042894856e-01,5.697270396e-01,1.685344969e-01,-5.716559503e-01,-6.649199303e-01,-4.806740220e-01,-1.616809179e-01,-4.828411137e-01,8.605481383e-01,-6.920060079e-02,1.095043698e-01,-2.836253093e-01,7.442818642e-07,6.097018331e-07,-1.641965309e-01,2.090741107e-03,1.115031319e+01,8.515060077e-07,9.127661914e-07,1.407071244e-02,-6.085618132e-03
-3.045576291e+01,-3.689883523e+01,-1.207763019e+01,-1.298170887e+01,9.156863320e+00,3.403869000e+00,-7.999039467e-01,5.755712939e-01,1.695489580e-01,-5.768966276e-01,-6.601596597e-01,-4.809749486e-01,-1.647960043e-01,-4.824428574e-01,8.601810961e-01,-7.080618712e-02,1.093920704e-01,-2.836530254e-01,7.649671755e-07,6.318753148e-07,-1.638547164e-01,1.942905490e-03,1.117460581e+01,8.515060077e-07,9.127661914e-07,1.407071244e-02,-6.085618132e-03
-3.077030554e+01,-3.667518427e+01,-1.199469630e+01,-1.291623840e+01,9.258001570e+00,3.423644423e+00,-7.954726896e-01,5.813835558e-01,1.705754367e-01,-5.821018643e-01,-6.553381466e-01,-4.812983371e-01,-1.679272575e-01,-4.820516886e-01,8.597974558e-01,-7.239731582e-02,1.092925577e-01,-2.837107683e-01,7.856524868e-07,6.540487965e-07,-1.635129019e-01,1.795069873e-03,1.119889843e+01,8.515060077e-07,9.127661914e-07,1.407071244e-02,-6.085618132e-03
-3.108327443e+01,-3.644905563e+01,-1.191128693e+01,-1.285006875e+01,9.358866615e+00,3.443446118e+00,-7.909955379e-01,5.871637029e-01,1.716134999e-01,-5.872709916e-01,-6.504555533e-01,-4.816440000e-01,-1.710751331e-01,-4.816664183e-01,8.593973333e-01,-7.397456137e-02,1.092067423e-01,-2.837975391e-01,8.063377982e-07,6.762222781e-07,-1.631710874e-01,1.647234256e-03,1.122319106e+01,8.515060077e-07,9.127661914e-07,1.407071244e-02,-6.085618132e-03
-3.139464950e+01,-3.622045891e+01,-1.182740081e+01,-1.278319429e+01,9.459453087e+00,3.463275253e+00,-7.864723150e-01,5.929116127e-01,1.726627146e-01,-5.924033409e-01,-6.455120418e-01,-4.820117496e-01,-1.742400867e-01,-4.812858575e-01,8.589808450e-01,-7.553849828e-02,1.091355348e-01,-2.839123388e-01,8.270231095e-07,6.983957598e-07,-1.628292729e-01,1.499398639e-03,1.124748368e+01,8.515060077e-07,9.127661914e-07,1.407071244e-02,-6.085618132e-03
-3.170441063e+01,-3.598940374e+01,-1.174303664e+01,-1.271560941e+01,9.559755619e+00,3.483132995e+00,-7.819028442e-01,5.986271624e-01,1.737226477e-01,-5.974982435e-01,-6.405077743e-01,-4.824013986e-01,-1.774225740e-01,-4.809088170e-01,8.585481069e-01,-7.708970105e-02,1.090798457e-01,-2.840541684e-01,8.477084208e-07,7.205692414e-07,-1.624874584e-01,1.351563023e-03,1.127177630e+01,8.515060077e-07,9.127661914e-07,1.407071244e-02,-6.085618132e-03
-3.201253772e+01,-3.575589971e+01,-1.165819313e+01,-1.264730851e+01,9.659768844e+00,3.503020511e+00,-7.772869491e-01,6.043102295e-01,1.747928662e-01,-6.025550306e-01,-6.354429129e-01,-4.828127594e-01,-1.806230506e-01,-4.805341078e-01,8.580992352e-01,-7.862874420e-02,1.090405855e-01,-2.842220290e-01,8.683937322e-07,7.427427231e-07,-1.621456440e-01,1.203727406e-03,1.129606892e+01,8.515060077e-07,9.127661914e-07,1.407071244e-02,-6.085618132e-03
-3.231901068e+01,-3.551995646e+01,-1.157286900e+01,-1.257828595e+01,9.759487394e+00,3.522938969e+00,-7.726244530e-01,6.099606916e-01,1.758729370e-01,-6.075730336e-01,-6.303176197e-01,-4.832456445e-01,-1.838419721e-01,-4.801605409e-01,8.576343461e-01,-8.015620222e-02,1.090186647e-01,-2.844149216e-01,8.890790435e-07,7.649162048e-07,-1.618038295e-01,1.055891789e-03,1.132036154e+01,8.515060077e-07,9.127661914e-07,1.407071244e-02,-6.085618132e-03
-3.262380940e+01,-3.528158359e+01,-1.148706297e+01,-1.250853612e+01,9.858905902e+00,3.542889537e+00,-7.679151795e-01,6.155784259e-01,1.769624271e-01,-6.125515837e-01,-6.251320567e-01,-4.836998663e-01,-1.870797941e-01,-4.797869271e-01,8.571535557e-01,-8.167264961e-02,1.090149939e-01,-2.846318471e-01,9.097643548e-07,7.870896864e-07,-1.614620150e-01,9.080561721e-04,1.134465416e+01,8.515060077e-07,9.127661914e-07,1.407071244e-02,-6.085618132e-03
-3.292691379e+01,-3.504079072e+01,-1.140077375e+01,-1.243805342e+01,9.958019000e+00,3.562873381e+00,-7.631589519e-01,6.211633099e-01,1.780609034e-01,-6.174900122e-01,-6.198863862e-01,-4.841752374e-01,-1.903369724e-01,-4.794120775e-01,8.566569803e-01,-8.317866089e-02,1.090304837e-01,-2.848718067e-01,9.304496662e-07,8.092631681e-07,-1.611202005e-01,7.602205552e-04,1.136894678e+01,8.515060077e-07,9.127661914e-07,1.407071244e-02,-6.085618132e-03
-3.322830373e+01,-3.479758747e+01,-1.131400006e+01,-1.236683222e+01,1.005682132e+01,3.582891670e+00,-7.583555936e-01,6.267152210e-01,1.791679328e-01,-6.223876505e-01,-6.145807702e-01,-4.846715703e-01,-1.936139624e-01,-4.790348030e-01,8.561447359e-01,-8.467481055e-02,1.090660445e-01,-2.851338014e-01,9.511349775e-07,8.314366497e-07,-1.607783860e-01,6.123849383e-04,1.139323940e+01,8.515060077e-07,9.127661914e-07,1.407071244e-02,-6.085618132e-03
-3.352795914e+01,-3.455198345e+01,-1.122674060e+01,-1.229486690e+01,1.015530750e+01,3.602945570e+00,-7.535049282e-01,6.322340367e-01,1.802830823e-01,-6.272438299e-01,-6.092153709e-01,-4.851886774e-01,-1.969112199e-01,-4.786539144e-01,8.556169389e-01,-8.616167310e-02,1.091225869e-01,-2.854168322e-01,9.718202888e-07,8.536101314e-07,-1.604365715e-01,4.645493215e-04,1.141753203e+01,8.515060077e-07,9.127661914e-07,1.407071244e-02,-6.085618132e-03
-3.382585990e+01,-3.430398827e+01,-1.113899409e+01,-1.222215186e+01,1.025347216e+01,3.623036249e+00,-7.486067791e-01,6.377196344e-01,1.814059188e-01,-6.320578815e-01,-6.037903503e-01,-4.857263712e-01,-2.002292005e-01,-4.782682228e-01,8.550737052e-01,-8.763982305e-02,1.092010215e-01,-2.857199000e-01,9.925056002e-07,8.757836130e-07,-1.600947570e-01,3.167137046e-04,1.144182465e+01,8.515060077e-07,9.127661914e-07,1.407071244e-02,-6.085618132e-03
-3.412198593e+01,-3.405361155e+01,-1.105075924e+01,-1.214868148e+01,1.035130995e+01,3.643164875e+00,-7.436609696e-01,6.431718915e-01,1.825360092e-01,-6.368291368e-01,-5.983058706e-01,-4.862844643e-01,-2.035683597e-01,-4.778765391e-01,8.545151511e-01,-8.910983489e-02,1.093022587e-01,-2.860420060e-01,1.013190912e-06,8.979570947e-07,-1.597529425e-01,1.688780878e-04,1.146611727e+01,8.515060077e-07,9.127661914e-07,1.407071244e-02,-6.085618132e-03
-3.441631711e+01,-3.380086290e+01,-1.096203478e+01,-1.207445013e+01,1.044881549e+01,3.663332616e+00,-7.386673233e-01,6.485906855e-01,1.836729206e-01,-6.415569270e-01,-5.927620938e-01,-4.868627690e-01,-2.069291533e-01,-4.774776741e-01,8.539413928e-01,-9.057228312e-02,1.094272091e-01,-2.863821512e-01,1.033876223e-06,9.201305764e-07,-1.594111280e-01,2.104247094e-05,1.149040989e+01,8.515060077e-07,9.127661914e-07,1.407071244e-02,-6.085618132e-03
-3.470883335e+01,-3.354575195e+01,-1.087281940e+01,-1.199945221e+01,1.054598342e+01,3.683540637e+00,-7.336256635e-01,6.539758937e-01,1.848162199e-01,-6.462405835e-01,-5.871591822e-01,-4.874610980e-01,-2.103120368e-01,-4.770704389e-01,8.533525463e-01,-9.202774227e-02,1.095767833e-01,-2.867393366e-01,1.054561534e-06,9.423040580e-07,-1.590693136e-01,-1.267931459e-04,1.151470251e+01,8.515060077e-07,9.127661914e-07,1.407071244e-02,-6.085618132e-03
-3.499951455e+01,-3.328828829e+01,-1.078311184e+01,-1.192368210e+01,1.064280836e+01,3.703790108e+00,-7.285358138e-01,6.593273935e-01,1.859654739e-01,-6.508794374e-01,-5.814972977e-01,-4.880792636e-01,-2.137174659e-01,-4.766536445e-01,8.527487280e-01,-9.347678682e-02,1.097518917e-01,-2.871125632e-01,1.075246846e-06,9.644775397e-07,-1.587274991e-01,-2.746287628e-04,1.153899513e+01,8.515060077e-07,9.127661914e-07,1.407071244e-02,-6.085618132e-03
-3.528834060e+01,-3.302848156e+01,-1.069291080e+01,-1.184713418e+01,1.073928496e+01,3.724082195e+00,-7.233975975e-01,6.646450625e-01,1.871202496e-01,-6.554728202e-01,-5.757766026e-01,-4.887170784e-01,-2.171458963e-01,-4.762261016e-01,8.521300539e-01,-9.491999128e-02,1.099534450e-01,-2.875008320e-01,1.095932157e-06,9.866510213e-07,-1.583856846e-01,-4.224643796e-04,1.156328775e+01,8.515060077e-07,9.127661914e-07,1.407071244e-02,-6.085618132e-03
-3.557529140e+01,-3.276634136e+01,-1.060221499e+01,-1.176980285e+01,1.083540784e+01,3.744418065e+00,-7.182108380e-01,6.699287780e-01,1.882801141e-01,-6.600200631e-01,-5.699972589e-01,-4.893743548e-01,-2.205977835e-01,-4.757866213e-01,8.514966403e-01,-9.635793015e-02,1.101823536e-01,-2.879031442e-01,1.116617468e-06,1.008824503e-06,-1.580438701e-01,-5.702999965e-04,1.158758038e+01,8.515060077e-07,9.127661914e-07,1.407071244e-02,-6.085618132e-03
-3.586034686e+01,-3.250187732e+01,-1.051102313e+01,-1.169168247e+01,1.093117163e+01,3.764798888e+00,-7.129753589e-01,6.751784175e-01,1.894446341e-01,-6.645204974e-01,-5.641594287e-01,-4.900509053e-01,-2.240735831e-01,-4.753340145e-01,8.508486032e-01,-9.779117795e-02,1.104395280e-01,-2.883185006e-01,1.137302780e-06,1.030997985e-06,-1.577020556e-01,-7.181356133e-04,1.161187300e+01,8.515060077e-07,9.127661914e-07,1.407071244e-02,-6.085618132e-03
-3.614348687e+01,-3.223509903e+01,-1.041933393e+01,-1.161276744e+01,1.102657098e+01,3.785225828e+00,-7.076909836e-01,6.803938583e-01,1.906133768e-01,-6.689734544e-01,-5.582632742e-01,-4.907465425e-01,-2.275737508e-01,-4.748670921e-01,8.501860589e-01,-9.922030917e-02,1.107258789e-01,-2.887459023e-01,1.157988091e-06,1.053171466e-06,-1.573602411e-01,-8.659712302e-04,1.163616562e+01,8.515060077e-07,9.127661914e-07,1.407071244e-02,-6.085618132e-03
-3.642469133e+01,-3.196601613e+01,-1.032714612e+01,-1.153305214e+01,1.112160050e+01,3.805700055e+00,-7.023575354e-01,6.855749779e-01,1.917859089e-01,-6.733782654e-01,-5.523089574e-01,-4.914610788e-01,-2.310987423e-01,-4.743846652e-01,8.495091235e-01,-1.006458983e-01,1.110423168e-01,-2.891843504e-01,1.178673402e-06,1.075344948e-06,-1.570184266e-01,-1.013806847e-03,1.166045824e+01,8.515060077e-07,9.127661914e-07,1.407071244e-02,-6.085618132e-03
-3.670394015e+01,-3.169463821e+01,-1.023445839e+01,-1.145253096e+01,1.121625485e+01,3.826222736e+00,-6.969748379e-01,6.907216538e-01,1.929617974e-01,-6.777342617e-01,-5.462966405e-01,-4.921943267e-01,-2.346490132e-01,-4.738855445e-01,8.488179132e-01,-1.020685199e-01,1.113897521e-01,-2.896328459e-01,1.199358714e-06,1.097518430e-06,-1.566766121e-01,-1.161642464e-03,1.168475086e+01,8.515060077e-07,9.127661914e-07,1.407071244e-02,-6.085618132e-03
-3.698121321e+01,-3.142097491e+01,-1.014126947e+01,-1.137119827e+01,1.131052863e+01,3.846795038e+00,-6.915427144e-01,6.958337633e-01,1.941406094e-01,-6.820407746e-01,-5.402264856e-01,-4.929460987e-01,-2.382250190e-01,-4.733685411e-01,8.481125442e-01,-1.034887484e-01,1.117690954e-01,-2.900903899e-01,1.220044025e-06,1.119691911e-06,-1.563347976e-01,-1.309478081e-03,1.170904348e+01,8.515060077e-07,9.127661914e-07,1.407071244e-02,-6.085618132e-03
-3.725649042e+01,-3.114503583e+01,-1.004757807e+01,-1.128904847e+01,1.140441650e+01,3.867418128e+00,-6.860609885e-01,7.009111839e-01,1.953219117e-01,-6.862971353e-01,-5.340986548e-01,-4.937162073e-01,-2.418272154e-01,-4.728324659e-01,8.473931326e-01,-1.049071583e-01,1.121812573e-01,-2.905559832e-01,1.240729336e-06,1.141865393e-06,-1.559929831e-01,-1.457313698e-03,1.173333610e+01,8.515060077e-07,9.127661914e-07,1.407071244e-02,-6.085618132e-03
-3.752975168e+01,-3.086683059e+01,-9.953382898e+00,-1.120607594e+01,1.149791308e+01,3.888093174e+00,-6.805294835e-01,7.059537931e-01,1.965052712e-01,-6.905026753e-01,-5.279133102e-01,-4.945044649e-01,-2.454560581e-01,-4.722761298e-01,8.466597945e-01,-1.063243242e-01,1.126271483e-01,-2.910286270e-01,1.261414648e-06,1.164038875e-06,-1.556511687e-01,-1.605149314e-03,1.175762872e+01,8.515060077e-07,9.127661914e-07,1.407071244e-02,-6.085618132e-03
-3.780097688e+01,-3.058636880e+01,-9.858682678e+00,-1.112227506e+01,1.159101301e+01,3.908821344e+00,-6.749480229e-01,7.109614681e-01,1.976902550e-01,-6.946567257e-01,-5.216706140e-01,-4.953106841e-01,-2.491120027e-01,-4.716983438e-01,8.459126462e-01,-1.077408206e-01,1.131076790e-01,-2.915073223e-01,1.282099959e-06,1.186212356e-06,-1.553093542e-01,-1.752984931e-03,1.178192135e+01,8.515060077e-07,9.127661914e-07,1.407071244e-02,-6.085618132e-03
-3.807014594e+01,-3.030366009e+01,-9.763476119e+00,-1.103764022e+01,1.168371091e+01,3.929603804e+00,-6.693164301e-01,7.159340865e-01,1.988764299e-01,-6.987586180e-01,-5.153707281e-01,-4.961346773e-01,-2.527955048e-01,-4.710979188e-01,8.451518039e-01,-1.091572218e-01,1.136237598e-01,-2.919910701e-01,1.302785270e-06,1.208385838e-06,-1.549675397e-01,-1.900820548e-03,1.180621397e+01,8.515060077e-07,9.127661914e-07,1.407071244e-02,-6.085618132e-03
-3.833723873e+01,-3.001871405e+01,-9.667761936e+00,-1.095216580e+01,1.177600142e+01,3.950441723e+00,-6.636345285e-01,7.208715256e-01,2.000633629e-01,-7.028076833e-01,-5.090138149e-01,-4.969762570e-01,-2.565070200e-01,-4.704736657e-01,8.443773836e-01,-1.105741026e-01,1.141763012e-01,-2.924788715e-01,1.323470582e-06,1.230559320e-06,-1.546257252e-01,-2.048656165e-03,1.183050659e+01,8.515060077e-07,9.127661914e-07,1.407071244e-02,-6.085618132e-03
-3.860223518e+01,-2.973154032e+01,-9.571538842e+00,-1.086584618e+01,1.186787918e+01,3.971336268e+00,-6.579021417e-01,7.257736630e-01,2.012506210e-01,-7.068032529e-01,-5.026000362e-01,-4.978352358e-01,-2.602470039e-01,-4.698243956e-01,8.435895016e-01,-1.119920373e-01,1.147662140e-01,-2.929697274e-01,1.344155893e-06,1.252732801e-06,-1.542839107e-01,-2.196491782e-03,1.185479921e+01,8.515060077e-07,9.127661914e-07,1.407071244e-02,-6.085618132e-03
-3.886511516e+01,-2.944214849e+01,-9.474805552e+00,-1.077867576e+01,1.195933881e+01,3.992288606e+00,-6.521190929e-01,7.306403760e-01,2.024377710e-01,-7.107446582e-01,-4.961295544e-01,-4.987114260e-01,-2.640159123e-01,-4.691489192e-01,8.427882740e-01,-1.134116004e-01,1.153944085e-01,-2.934626389e-01,1.364841204e-06,1.274906283e-06,-1.539420962e-01,-2.344327399e-03,1.187909183e+01,8.515060077e-07,9.127661914e-07,1.407071244e-02,-6.085618132e-03
-3.912585859e+01,-2.915054820e+01,-9.377560780e+00,-1.069064890e+01,1.205037495e+01,4.013299904e+00,-6.462852058e-01,7.354715420e-01,2.036243800e-01,-7.146312305e-01,-4.896025314e-01,-4.996046402e-01,-2.678142007e-01,-4.684460476e-01,8.419738170e-01,-1.148333665e-01,1.160617953e-01,-2.939566071e-01,1.385526516e-06,1.297079765e-06,-1.536002817e-01,-2.492163016e-03,1.190338445e+01,8.515060077e-07,9.127661914e-07,1.407071244e-02,-6.085618132e-03
-3.938444536e+01,-2.885674905e+01,-9.279803240e+00,-1.060176001e+01,1.214098222e+01,4.034371331e+00,-6.404003036e-01,7.402670385e-01,2.048100148e-01,-7.184623011e-01,-4.830191295e-01,-5.005146909e-01,-2.716423247e-01,-4.677145917e-01,8.411462468e-01,-1.162579101e-01,1.167692849e-01,-2.944506329e-01,1.406211827e-06,1.319253246e-06,-1.532584672e-01,-2.639998632e-03,1.192767707e+01,8.515060077e-07,9.127661914e-07,1.407071244e-02,-6.085618132e-03
-3.964085537e+01,-2.856076066e+01,-9.181531645e+00,-1.051200346e+01,1.223115528e+01,4.055504053e+00,-6.344642099e-01,7.450267429e-01,2.059942425e-01,-7.222372012e-01,-4.763795106e-01,-5.014413906e-01,-2.755007400e-01,-4.669533625e-01,8.403056794e-01,-1.176858057e-01,1.175177879e-01,-2.949437174e-01,1.426897138e-06,1.341426728e-06,-1.529166527e-01,-2.787834249e-03,1.195196970e+01,8.515060077e-07,9.127661914e-07,1.407071244e-02,-6.085618132e-03
-3.989506852e+01,-2.826259264e+01,-9.082744711e+00,-1.042137364e+01,1.232088873e+01,4.076699238e+00,-6.284767481e-01,7.497505327e-01,2.071766299e-01,-7.259552622e-01,-4.696838370e-01,-5.023845517e-01,-2.793899022e-01,-4.661611708e-01,8.394522312e-01,-1.191176277e-01,1.183082148e-01,-2.954348616e-01,1.447582450e-06,1.363600210e-06,-1.525748383e-01,-2.935669866e-03,1.197626232e+01,8.515060077e-07,9.127661914e-07,1.407071244e-02,-6.085618132e-03
-4.014706471e+01,-2.796225460e+01,-8.983441150e+00,-1.032986493e+01,1.241017723e+01,4.097958054e+00,-6.224377416e-01,7.544382852e-01,2.083567440e-01,-7.296158153e-01,-4.629322707e-01,-5.033439868e-01,-2.833102670e-01,-4.653368276e-01,8.385860182e-01,-1.205539507e-01,1.191414762e-01,-2.959230665e-01,1.468267761e-06,1.385773691e-06,-1.522330238e-01,-3.083505483e-03,1.200055494e+01,8.515060077e-07,9.127661914e-07,1.407071244e-02,-6.085618132e-03
-4.039682383e+01,-2.765975618e+01,-8.883619677e+00,-1.023747171e+01,1.249901539e+01,4.119281668e+00,-6.163470139e-01,7.590898778e-01,2.095341517e-01,-7.332181919e-01,-4.561249738e-01,-5.043195082e-01,-2.872622899e-01,-4.644791439e-01,8.377071567e-01,-1.219953492e-01,1.200184826e-01,-2.964073332e-01,1.488953072e-06,1.407947173e-06,-1.518912093e-01,-3.231341100e-03,1.202484756e+01,8.515060077e-07,9.127661914e-07,1.407071244e-02,-6.085618132e-03
-4.064432580e+01,-2.735510696e+01,-8.783279005e+00,-1.014418838e+01,1.258739786e+01,4.140671247e+00,-6.102043883e-01,7.637051881e-01,2.107084200e-01,-7.367617232e-01,-4.492621085e-01,-5.053109286e-01,-2.912464266e-01,-4.635869305e-01,8.368157627e-01,-1.234423977e-01,1.209401444e-01,-2.968866627e-01,1.509638384e-06,1.430120655e-06,-1.515493948e-01,-3.379176717e-03,1.204914018e+01,8.515060077e-07,9.127661914e-07,1.407071244e-02,-6.085618132e-03
-4.088955050e+01,-2.704831659e+01,-8.682417850e+00,-1.005000931e+01,1.267531927e+01,4.162127958e+00,-6.040096884e-01,7.682840933e-01,2.118791158e-01,-7.402457405e-01,-4.423438369e-01,-5.063180604e-01,-2.952631327e-01,-4.626589985e-01,8.359119525e-01,-1.248956707e-01,1.219073724e-01,-2.973600559e-01,1.530323695e-06,1.452294136e-06,-1.512075803e-01,-3.527012334e-03,1.207343280e+01,8.515060077e-07,9.127661914e-07,1.407071244e-02,-6.085618132e-03
-4.113247783e+01,-2.673939466e+01,-8.581034925e+00,-9.954928883e+00,1.276277424e+01,4.183652970e+00,-5.977627376e-01,7.728264711e-01,2.130458061e-01,-7.436695752e-01,-4.353703210e-01,-5.073407161e-01,-2.993128639e-01,-4.616941588e-01,8.349958422e-01,-1.263557427e-01,1.229210769e-01,-2.978265140e-01,1.551009006e-06,1.474467618e-06,-1.508657658e-01,-3.674847950e-03,1.209772542e+01,8.515060077e-07,9.127661914e-07,1.407071244e-02,-6.085618132e-03
-4.137308770e+01,-2.642835079e+01,-8.479128944e+00,-9.858941495e+00,1.284975742e+01,4.205247450e+00,-5.914633593e-01,7.773321986e-01,2.142080578e-01,-7.470325585e-01,-4.283417231e-01,-5.083787081e-01,-3.033960758e-01,-4.606912222e-01,8.340675480e-01,-1.278231881e-01,1.239821685e-01,-2.982850380e-01,1.571694318e-06,1.496641100e-06,-1.505239513e-01,-3.822683567e-03,1.212201804e+01,8.515060077e-07,9.127661914e-07,1.407071244e-02,-6.085618132e-03
-4.161136000e+01,-2.611519460e+01,-8.376698621e+00,-9.762041523e+00,1.293626343e+01,4.226912565e+00,-5.851113769e-01,7.818011535e-01,2.153654378e-01,-7.503340217e-01,-4.212582051e-01,-5.094318490e-01,-3.075132240e-01,-4.596489998e-01,8.331271861e-01,-1.292985816e-01,1.250915578e-01,-2.987346289e-01,1.592379629e-06,1.518814581e-06,-1.501821368e-01,-3.970519184e-03,1.214631067e+01,8.515060077e-07,9.127661914e-07,1.407071244e-02,-6.085618132e-03
-4.184727464e+01,-2.579993570e+01,-8.273742669e+00,-9.664223354e+00,1.302228690e+01,4.248649482e+00,-5.787066139e-01,7.862332131e-01,2.165175131e-01,-7.535732962e-01,-4.141199293e-01,-5.104999513e-01,-3.116647641e-01,-4.585663025e-01,8.321748726e-01,-1.307824976e-01,1.262501553e-01,-2.991742877e-01,1.613064940e-06,1.540988063e-06,-1.498403223e-01,-4.118354801e-03,1.217060329e+01,8.515060077e-07,9.127661914e-07,1.407071244e-02,-6.085618132e-03
-4.208081151e+01,-2.548258371e+01,-8.170259804e+00,-9.565481371e+00,1.310782248e+01,4.270459370e+00,-5.722488937e-01,7.906282549e-01,2.176638507e-01,-7.567497131e-01,-4.069270577e-01,-5.115828273e-01,-3.158511518e-01,-4.574419412e-01,8.312107237e-01,-1.322755106e-01,1.274588715e-01,-2.996030154e-01,1.633750252e-06,1.563161545e-06,-1.494985079e-01,-4.266190418e-03,1.219489591e+01,8.515060077e-07,9.127661914e-07,1.407071244e-02,-6.085618132e-03
-4.231195050e+01,-2.516314825e+01,-8.066248739e+00,-9.465809958e+00,1.319286479e+01,4.292343395e+00,-5.657380398e-01,7.949861562e-01,2.188040174e-01,-7.598626039e-01,-3.996797525e-01,-5.126802898e-01,-3.200728427e-01,-4.562747268e-01,8.302348555e-01,-1.337781951e-01,1.287186170e-01,-3.000198132e-01,1.654435563e-06,1.585335026e-06,-1.491566934e-01,-4.414026035e-03,1.221918853e+01,8.515060077e-07,9.127661914e-07,1.407071244e-02,-6.085618132e-03
-4.254067153e+01,-2.484163892e+01,-7.961708188e+00,-9.365203500e+00,1.327740846e+01,4.314302725e+00,-5.591738755e-01,7.993067945e-01,2.199375802e-01,-7.629112998e-01,-3.923781757e-01,-5.137921510e-01,-3.243302924e-01,-4.550634703e-01,8.292473843e-01,-1.352911256e-01,1.300303023e-01,-3.004236819e-01,1.675120874e-06,1.607508508e-06,-1.488148789e-01,-4.561861651e-03,1.224348115e+01,8.515060077e-07,9.127661914e-07,1.407071244e-02,-6.085618132e-03
-4.276726320e+01,-2.451890204e+01,-7.856713874e+00,-9.264253327e+00,1.336141977e+01,4.336314541e+00,-5.525996252e-01,8.035938360e-01,2.210300461e-01,-7.658814623e-01,-3.850433621e-01,-5.149728137e-01,-3.286645149e-01,-4.538407762e-01,8.282245272e-01,-1.360139551e-01,1.314423906e-01,-3.008029617e-01,1.670361321e-06,1.603111639e-06,-1.485623081e-01,-4.551480736e-03,1.226777377e+01,-1.959258774e-07,-1.809960882e-07,1.039701772e-02,4.273279090e-04
-4.299133263e+01,-2.419398039e+01,-7.751171773e+00,-9.162155536e+00,1.344498978e+01,4.358228860e+00,-5.459634408e-01,8.078409564e-01,2.221169067e-01,-7.687902851e-01,-3.776634469e-01,-5.161430335e-01,-3.330105091e-01,-4.525509642e-01,8.272051290e-01,-1.366902550e-01,1.328409588e-01,-3.011910665e-01,1.665601769e-06,1.598714770e-06,-1.483097372e-01,-4.541099821e-03,1.229206639e+01,-1.959258774e-07,-1.809960882e-07,1.039701772e-02,4.273279090e-04
-4.321285660e+01,-2.386689712e+01,-7.645085441e+00,-9.058916680e+00,1.352810102e+01,4.380044014e+00,-5.392660058e-01,8.120473754e-01,2.231980377e-01,-7.716373962e-01,-3.702394514e-01,-5.173027706e-01,-3.373671555e-01,-4.511941442e-01,8.261893463e-01,-1.373212729e-01,1.342263058e-01,-3.015872605e-01,1.660842216e-06,1.594317901e-06,-1.480571664e-01,-4.530718906e-03,1.231635902e+01,-1.959258774e-07,-1.809960882e-07,1.039701772e-02,4.273279090e-04
-4.343181189e+01,-2.353767535e+01,-7.538458431e+00,-8.954543313e+00,1.361073600e+01,4.401758335e+00,-5.325080036e-01,8.162123122e-01,2.242733148e-01,-7.744224235e-01,-3.627723973e-01,-5.184519854e-01,-3.417333342e-01,-4.497704259e-01,8.251773358e-01,-1.379082559e-01,1.355987308e-01,-3.019908077e-01,1.656082663e-06,1.589921032e-06,-1.478045956e-01,-4.520337991e-03,1.234065164e+01,-1.959258774e-07,-1.809960882e-07,1.039701772e-02,4.273279090e-04
-4.364817527e+01,-2.320633823e+01,-7.431294295e+00,-8.849041988e+00,1.369287723e+01,4.423370153e+00,-5.256901178e-01,8.203349865e-01,2.253426136e-01,-7.771449947e-01,-3.552633059e-01,-5.195906383e-01,-3.461079255e-01,-4.482799188e-01,8.241692541e-01,-1.384524515e-01,1.369585327e-01,-3.024009722e-01,1.651323110e-06,1.585524162e-06,-1.475520248e-01,-4.509957076e-03,1.236494426e+01,-1.959258774e-07,-1.809960882e-07,1.039701772e-02,4.273279090e-04
-4.386192352e+01,-2.287290891e+01,-7.323596589e+00,-8.742419260e+00,1.377450722e+01,4.444877800e+00,-5.188130316e-01,8.244146176e-01,2.264058098e-01,-7.798047376e-01,-3.477131987e-01,-5.207186895e-01,-3.504898097e-01,-4.467227329e-01,8.231652580e-01,-1.389551069e-01,1.383060105e-01,-3.028170181e-01,1.646563558e-06,1.581127293e-06,-1.472994540e-01,-4.499576161e-03,1.238923688e+01,-1.959258774e-07,-1.809960882e-07,1.039701772e-02,4.273279090e-04
-4.407303342e+01,-2.253741051e+01,-7.215368865e+00,-8.634681681e+00,1.385560851e+01,4.466279608e+00,-5.118774287e-01,8.284504251e-01,2.274627791e-01,-7.824012803e-01,-3.401230973e-01,-5.218360996e-01,-3.548778670e-01,-4.450989778e-01,8.221655042e-01,-1.394174696e-01,1.396414631e-01,-3.032382094e-01,1.641804005e-06,1.576730424e-06,-1.470468832e-01,-4.489195246e-03,1.241352950e+01,-1.959258774e-07,-1.809960882e-07,1.039701772e-02,4.273279090e-04
-4.428148174e+01,-2.219986618e+01,-7.106614677e+00,-8.525835807e+00,1.393616359e+01,4.487573908e+00,-5.048839923e-01,8.324416284e-01,2.285133972e-01,-7.849342504e-01,-3.324940231e-01,-5.229428287e-01,-3.592709778e-01,-4.434087632e-01,8.211701492e-01,-1.398407868e-01,1.409651897e-01,-3.036638102e-01,1.637044452e-06,1.572333555e-06,-1.467943124e-01,-4.478814331e-03,1.243782212e+01,-1.959258774e-07,-1.809960882e-07,1.039701772e-02,4.273279090e-04
-4.448724526e+01,-2.186029905e+01,-6.997337579e+00,-8.415888189e+00,1.401615499e+01,4.508759032e+00,-4.978334060e-01,8.363874470e-01,2.295575397e-01,-7.874032759e-01,-3.248269977e-01,-5.240388372e-01,-3.636680223e-01,-4.416521988e-01,8.201793497e-01,-1.402263060e-01,1.422774893e-01,-3.040930847e-01,1.632284899e-06,1.567936686e-06,-1.465417415e-01,-4.468433416e-03,1.246211474e+01,-1.959258774e-07,-1.809960882e-07,1.039701772e-02,4.273279090e-04
-4.469030075e+01,-2.151873228e+01,-6.887541125e+00,-8.304845382e+00,1.409556523e+01,4.529833311e+00,-4.907263532e-01,8.402871005e-01,2.305950823e-01,-7.898079846e-01,-3.171230424e-01,-5.251240856e-01,-3.680678807e-01,-4.398293944e-01,8.191932625e-01,-1.405752743e-01,1.435786607e-01,-3.045252968e-01,1.627525347e-06,1.563539817e-06,-1.462891707e-01,-4.458052501e-03,1.248640736e+01,-1.959258774e-07,-1.809960882e-07,1.039701772e-02,4.273279090e-04
-4.489062499e+01,-2.117518899e+01,-6.777228867e+00,-8.192713941e+00,1.417437681e+01,4.550795077e+00,-4.835635173e-01,8.441398081e-01,2.316259006e-01,-7.921480043e-01,-3.093831789e-01,-5.261985341e-01,-3.724694334e-01,-4.379404597e-01,8.182120442e-01,-1.408889393e-01,1.448690031e-01,-3.049597107e-01,1.622765794e-06,1.559142948e-06,-1.460365999e-01,-4.447671586e-03,1.251069999e+01,-1.959258774e-07,-1.809960882e-07,1.039701772e-02,4.273279090e-04
-4.508819477e+01,-2.082969232e+01,-6.666404360e+00,-8.079500417e+00,1.425257225e+01,4.571642662e+00,-4.763455818e-01,8.479447895e-01,2.326498704e-01,-7.944229629e-01,-3.016084285e-01,-5.272621431e-01,-3.768715605e-01,-4.359855043e-01,8.172358514e-01,-1.411685481e-01,1.461488153e-01,-3.053955905e-01,1.618006241e-06,1.554746079e-06,-1.457840291e-01,-4.437290671e-03,1.253499261e+01,-1.959258774e-07,-1.809960882e-07,1.039701772e-02,4.273279090e-04
-4.528298685e+01,-2.048226543e+01,-6.555071157e+00,-7.965211366e+00,1.433013408e+01,4.592374396e+00,-4.690732302e-01,8.517012641e-01,2.336668672e-01,-7.966324882e-01,-2.937998128e-01,-5.283148729e-01,-3.812731425e-01,-4.339646381e-01,8.162648408e-01,-1.414153483e-01,1.474183966e-01,-3.058322002e-01,1.613246688e-06,1.550349210e-06,-1.455314583e-01,-4.426909755e-03,1.255928523e+01,-1.959258774e-07,-1.809960882e-07,1.039701772e-02,4.273279090e-04
-4.547497801e+01,-2.013293143e+01,-6.443232812e+00,-7.849853340e+00,1.440704480e+01,4.612988611e+00,-4.617471458e-01,8.554084514e-01,2.346767668e-01,-7.987762081e-01,-2.859583533e-01,-5.293566839e-01,-3.856730594e-01,-4.318779708e-01,8.152991692e-01,-1.416305870e-01,1.486780457e-01,-3.062688039e-01,1.608487135e-06,1.545952341e-06,-1.452788875e-01,-4.416528840e-03,1.258357785e+01,-1.959258774e-07,-1.809960882e-07,1.039701772e-02,4.273279090e-04
-4.566414502e+01,-1.978171348e+01,-6.330892878e+00,-7.733432894e+00,1.448328694e+01,4.633483639e+00,-4.543680120e-01,8.590655709e-01,2.356794449e-01,-8.008537504e-01,-2.780850714e-01,-5.303875365e-01,-3.900701917e-01,-4.297256120e-01,8.143389931e-01,-1.418155116e-01,1.499280618e-01,-3.067046657e-01,1.603727583e-06,1.541555472e-06,-1.450263167e-01,-4.406147925e-03,1.260787047e+01,-1.959258774e-07,-1.809960882e-07,1.039701772e-02,4.273279090e-04
-4.585046468e+01,-1.942863472e+01,-6.218054909e+00,-7.615956581e+00,1.455884300e+01,4.653857811e+00,-4.469365125e-01,8.626718420e-01,2.366747770e-01,-8.028647429e-01,-2.701809887e-01,-5.314073910e-01,-3.944634196e-01,-4.275076715e-01,8.133844692e-01,-1.419713696e-01,1.511687439e-01,-3.071390496e-01,1.598968030e-06,1.537158603e-06,-1.447737458e-01,-4.395767010e-03,1.263216309e+01,-1.959258774e-07,-1.809960882e-07,1.039701772e-02,4.273279090e-04
-4.603391374e+01,-1.907371828e+01,-6.104722459e+00,-7.497430954e+00,1.463369550e+01,4.674109459e+00,-4.394533305e-01,8.662264841e-01,2.376626389e-01,-8.048088136e-01,-2.622471266e-01,-5.324162077e-01,-3.988516233e-01,-4.252242590e-01,8.124357542e-01,-1.420994081e-01,1.524003908e-01,-3.075712199e-01,1.594208477e-06,1.532761733e-06,-1.445211750e-01,-4.385386095e-03,1.265645571e+01,-1.959258774e-07,-1.809960882e-07,1.039701772e-02,4.273279090e-04
-4.621446899e+01,-1.871698730e+01,-5.990899081e+00,-7.377862569e+00,1.470782696e+01,4.694236914e+00,-4.319191495e-01,8.697287169e-01,2.386429062e-01,-8.066855902e-01,-2.542845066e-01,-5.334139470e-01,-4.032336831e-01,-4.228754842e-01,8.114930048e-01,-1.422008746e-01,1.536233018e-01,-3.080004404e-01,1.589448924e-06,1.528364864e-06,-1.442686042e-01,-4.375005180e-03,1.268074834e+01,-1.959258774e-07,-1.809960882e-07,1.039701772e-02,4.273279090e-04
-4.639210721e+01,-1.835846492e+01,-5.876588329e+00,-7.257257977e+00,1.478121990e+01,4.714238508e+00,-4.243346530e-01,8.731777597e-01,2.396154547e-01,-8.084947006e-01,-2.462941502e-01,-5.344005692e-01,-4.076084793e-01,-4.204614569e-01,8.105563777e-01,-1.422770164e-01,1.548377757e-01,-3.084259754e-01,1.584689372e-06,1.523967995e-06,-1.440160334e-01,-4.364624265e-03,1.270504096e+01,-1.959258774e-07,-1.809960882e-07,1.039701772e-02,4.273279090e-04
-4.656680516e+01,-1.799817429e+01,-5.761793757e+00,-7.135623733e+00,1.485385683e+01,4.734112572e+00,-4.167005244e-01,8.765728320e-01,2.405801599e-01,-8.102357727e-01,-2.382770789e-01,-5.353760347e-01,-4.119748921e-01,-4.179822868e-01,8.096260295e-01,-1.423290809e-01,1.560441115e-01,-3.088470888e-01,1.579929819e-06,1.519571126e-06,-1.437634626e-01,-4.354243350e-03,1.272933358e+01,-1.959258774e-07,-1.809960882e-07,1.039701772e-02,4.273279090e-04
-4.673853964e+01,-1.763613854e+01,-5.646518918e+00,-7.012966391e+00,1.492572027e+01,4.753857438e+00,-4.090174471e-01,8.799131534e-01,2.415368976e-01,-8.119084343e-01,-2.302343142e-01,-5.363403039e-01,-4.163318019e-01,-4.154380835e-01,8.087021168e-01,-1.423583153e-01,1.572426083e-01,-3.092630448e-01,1.575170266e-06,1.515174257e-06,-1.435108918e-01,-4.343862435e-03,1.275362620e+01,-1.959258774e-07,-1.809960882e-07,1.039701772e-02,4.273279090e-04
-4.690728740e+01,-1.727238081e+01,-5.530767365e+00,-6.889292504e+00,1.499679272e+01,4.773471438e+00,-4.012861047e-01,8.831979432e-01,2.424855433e-01,-8.135123132e-01,-2.221668776e-01,-5.372933370e-01,-4.206780888e-01,-4.128289568e-01,8.077847964e-01,-1.423659670e-01,1.584335651e-01,-3.096731075e-01,1.570410713e-06,1.510777388e-06,-1.432583210e-01,-4.333481520e-03,1.277791882e+01,-1.959258774e-07,-1.809960882e-07,1.039701772e-02,4.273279090e-04
-4.707302524e+01,-1.690692423e+01,-5.414542653e+00,-6.764608626e+00,1.506705672e+01,4.792952902e+00,-3.935071804e-01,8.864264210e-01,2.434259729e-01,-8.150470373e-01,-2.140757905e-01,-5.382350945e-01,-4.250126332e-01,-4.101550165e-01,8.068742249e-01,-1.423532834e-01,1.596172808e-01,-3.100765409e-01,1.565651161e-06,1.506380519e-06,-1.430057501e-01,-4.323100605e-03,1.280221144e+01,-1.959258774e-07,-1.809960882e-07,1.039701772e-02,4.273279090e-04
-4.723572993e+01,-1.653979196e+01,-5.297848334e+00,-6.638921311e+00,1.513649477e+01,4.812300162e+00,-3.856813578e-01,8.895978062e-01,2.443580619e-01,-8.165122344e-01,-2.059620745e-01,-5.391655366e-01,-4.293343154e-01,-4.074163722e-01,8.059705591e-01,-1.423215118e-01,1.607940545e-01,-3.104726091e-01,1.560891608e-06,1.501983650e-06,-1.427531793e-01,-4.312719690e-03,1.282650406e+01,-1.959258774e-07,-1.809960882e-07,1.039701772e-02,4.273279090e-04
-4.739537823e+01,-1.617100713e+01,-5.180687964e+00,-6.512237112e+00,1.520508938e+01,4.831511550e+00,-3.778093204e-01,8.927113183e-01,2.452816860e-01,-8.179075324e-01,-1.978267510e-01,-5.400846238e-01,-4.336420155e-01,-4.046131337e-01,8.050739554e-01,-1.422718995e-01,1.619641852e-01,-3.108605762e-01,1.556132055e-06,1.497586781e-06,-1.425006085e-01,-4.302338775e-03,1.285079668e+01,-1.959258774e-07,-1.809960882e-07,1.039701772e-02,4.273279090e-04
-4.755194694e+01,-1.580059288e+01,-5.063065094e+00,-6.384562583e+00,1.527282309e+01,4.850585397e+00,-3.698917515e-01,8.957661768e-01,2.461967208e-01,-8.192325591e-01,-1.896708415e-01,-5.409923164e-01,-4.379346139e-01,-4.017454107e-01,8.041845707e-01,-1.422056939e-01,1.631279719e-01,-3.112397063e-01,1.551372502e-06,1.493189912e-06,-1.422480377e-01,-4.291957859e-03,1.287508931e+01,-1.959258774e-07,-1.809960882e-07,1.039701772e-02,4.273279090e-04
-4.770541283e+01,-1.542857234e+01,-4.944983279e+00,-6.255904278e+00,1.533967839e+01,4.869520035e+00,-3.619293346e-01,8.987616011e-01,2.471030422e-01,-8.204869423e-01,-1.814953676e-01,-5.418885747e-01,-4.422109908e-01,-3.988133129e-01,8.033025616e-01,-1.421241423e-01,1.642857135e-01,-3.116092634e-01,1.546612950e-06,1.488793043e-06,-1.419954669e-01,-4.281576944e-03,1.289938193e+01,-1.959258774e-07,-1.809960882e-07,1.039701772e-02,4.273279090e-04
-4.785575266e+01,-1.505496867e+01,-4.826446073e+00,-6.126268750e+00,1.540563781e+01,4.888313796e+00,-3.539227531e-01,9.016968108e-01,2.480005256e-01,-8.216703100e-01,-1.733013507e-01,-5.427733591e-01,-4.464700265e-01,-3.958169500e-01,8.024280848e-01,-1.420284921e-01,1.654377092e-01,-3.119685117e-01,1.541853397e-06,1.484396174e-06,-1.417428961e-01,-4.271196029e-03,1.292367455e+01,-1.959258774e-07,-1.809960882e-07,1.039701772e-02,4.273279090e-04
-4.800294323e+01,-1.467980499e+01,-4.707457028e+00,-5.995662553e+00,1.547068387e+01,4.906965010e+00,-3.458726905e-01,9.045710252e-01,2.488890469e-01,-8.227822900e-01,-1.650898122e-01,-5.436466299e-01,-4.507106013e-01,-3.927564317e-01,8.015612969e-01,-1.419199906e-01,1.665842578e-01,-3.123167152e-01,1.537093844e-06,1.479999305e-06,-1.414903253e-01,-4.260815114e-03,1.294796717e+01,-1.959258774e-07,-1.809960882e-07,1.039701772e-02,4.273279090e-04
-4.814696130e+01,-1.430310445e+01,-4.588019700e+00,-5.864092241e+00,1.553479907e+01,4.925472009e+00,-3.377798302e-01,9.073834639e-01,2.497684816e-01,-8.238225100e-01,-1.568617738e-01,-5.445083474e-01,-4.549315954e-01,-3.896318679e-01,8.007023546e-01,-1.417998851e-01,1.677256584e-01,-3.126531380e-01,1.532334291e-06,1.475602435e-06,-1.412377544e-01,-4.250434199e-03,1.297225979e+01,-1.959258774e-07,-1.809960882e-07,1.039701772e-02,4.273279090e-04
-4.828778366e+01,-1.392489018e+01,-4.468137640e+00,-5.731564367e+00,1.559796594e+01,4.943833125e+00,-3.296448557e-01,9.101333464e-01,2.506387054e-01,-8.247905980e-01,-1.486182568e-01,-5.453584722e-01,-4.591318891e-01,-3.864433681e-01,7.998514146e-01,-1.416694230e-01,1.688622100e-01,-3.129770441e-01,1.527574738e-06,1.471205566e-06,-1.409851836e-01,-4.240053284e-03,1.299655241e+01,-1.959258774e-07,-1.809960882e-07,1.039701772e-02,4.273279090e-04
-4.842538707e+01,-1.354518533e+01,-4.347814404e+00,-5.598085486e+00,1.566016699e+01,4.962046689e+00,-3.214684504e-01,9.128198921e-01,2.514995941e-01,-8.256861819e-01,-1.403602827e-01,-5.461969643e-01,-4.633103627e-01,-3.831910421e-01,7.990086335e-01,-1.415298516e-01,1.699942117e-01,-3.132876977e-01,1.522815186e-06,1.466808697e-06,-1.407326128e-01,-4.229672369e-03,1.302084503e+01,-1.959258774e-07,-1.809960882e-07,1.039701772e-02,4.273279090e-04
-4.855974832e+01,-1.316401304e+01,-4.227053543e+00,-5.463662150e+00,1.572138473e+01,4.980111033e+00,-3.132512977e-01,9.154423205e-01,2.523510231e-01,-8.265088893e-01,-1.320888731e-01,-5.470237844e-01,-4.674658965e-01,-3.798749997e-01,7.981741680e-01,-1.413824182e-01,1.711219623e-01,-3.135843628e-01,1.518055633e-06,1.462411828e-06,-1.404800420e-01,-4.219291454e-03,1.304513766e+01,-1.959258774e-07,-1.809960882e-07,1.039701772e-02,4.273279090e-04
-4.869084418e+01,-1.278139644e+01,-4.105858613e+00,-5.328300914e+00,1.578160169e+01,4.998024489e+00,-3.049940811e-01,9.179998511e-01,2.531928684e-01,-8.272583482e-01,-1.238050495e-01,-5.478388925e-01,-4.715973706e-01,-3.764953505e-01,7.973481749e-01,-1.412283703e-01,1.722457609e-01,-3.138663036e-01,1.513296080e-06,1.458014959e-06,-1.402274712e-01,-4.208910539e-03,1.306943028e+01,-1.959258774e-07,-1.809960882e-07,1.039701772e-02,4.273279090e-04
-4.881865143e+01,-1.239735867e+01,-3.984233167e+00,-5.192008331e+00,1.584080037e+01,5.015785387e+00,-2.966974840e-01,9.204917033e-01,2.540250054e-01,-8.279341865e-01,-1.155098333e-01,-5.486422492e-01,-4.757036655e-01,-3.730522043e-01,7.965308106e-01,-1.410689550e-01,1.733659066e-01,-3.141327840e-01,1.508536527e-06,1.453618090e-06,-1.399749004e-01,-4.198529624e-03,1.309372290e+01,-1.959258774e-07,-1.809960882e-07,1.039701772e-02,4.273279090e-04
-4.894314685e+01,-1.201192288e+01,-3.862180758e+00,-5.054790955e+00,1.589896330e+01,5.033392059e+00,-2.883621899e-01,9.229170967e-01,2.548473099e-01,-8.285360319e-01,-1.072042459e-01,-5.494338148e-01,-4.797836612e-01,-3.695456708e-01,7.957222321e-01,-1.409054199e-01,1.744826982e-01,-3.143830682e-01,1.503776975e-06,1.449221221e-06,-1.397223296e-01,-4.188148709e-03,1.311801552e+01,-1.959258774e-07,-1.809960882e-07,1.039701772e-02,4.273279090e-04
-4.906430721e+01,-1.162511220e+01,-3.739704940e+00,-4.916655339e+00,1.595607298e+01,5.050842837e+00,-2.799888822e-01,9.252752506e-01,2.556596575e-01,-8.290635124e-01,-9.888930902e-02,-5.502135496e-01,-4.838362382e-01,-3.659758597e-01,7.949225957e-01,-1.407390122e-01,1.755964349e-01,-3.146164202e-01,1.499017422e-06,1.444824352e-06,-1.394697587e-01,-4.177767794e-03,1.314230814e+01,-1.959258774e-07,-1.809960882e-07,1.039701772e-02,4.273279090e-04
-4.918210928e+01,-1.123694978e+01,-3.616809266e+00,-4.777608038e+00,1.601211194e+01,5.068136053e+00,-2.715782443e-01,9.275653846e-01,2.564619239e-01,-8.295162558e-01,-9.056604399e-02,-5.509814140e-01,-4.878602767e-01,-3.623428807e-01,7.941320584e-01,-1.405709792e-01,1.767074156e-01,-3.148321042e-01,1.494257869e-06,1.440427483e-06,-1.392171879e-01,-4.167386878e-03,1.316660076e+01,-1.959258774e-07,-1.809960882e-07,1.039701772e-02,4.273279090e-04
-4.929652986e+01,-1.084745875e+01,-3.493497291e+00,-4.637655605e+00,1.606706269e+01,5.085270037e+00,-2.631309598e-01,9.297867182e-01,2.572539848e-01,-8.298938898e-01,-8.223547234e-02,-5.517373683e-01,-4.918546570e-01,-3.586468436e-01,7.933507767e-01,-1.404025683e-01,1.778159393e-01,-3.150293842e-01,1.489498316e-06,1.436030614e-06,-1.389646171e-01,-4.157005963e-03,1.319089338e+01,-1.959258774e-07,-1.809960882e-07,1.039701772e-02,4.273279090e-04
-4.940754570e+01,-1.045666224e+01,-3.369772567e+00,-4.496804593e+00,1.612090775e+01,5.102243121e+00,-2.546477119e-01,9.319384708e-01,2.580357159e-01,-8.301960424e-01,-7.389861556e-02,-5.524813728e-01,-4.958182592e-01,-3.548878581e-01,7.925789073e-01,-1.402350269e-01,1.789223051e-01,-3.152075243e-01,1.484738764e-06,1.431633745e-06,-1.387120463e-01,-4.146625048e-03,1.321518600e+01,-1.959258774e-07,-1.809960882e-07,1.039701772e-02,4.273279090e-04
-4.951513359e+01,-1.006458341e+01,-3.245638649e+00,-4.355061557e+00,1.617362963e+01,5.119053637e+00,-2.461291843e-01,9.340198619e-01,2.588069927e-01,-8.304223415e-01,-6.555649513e-02,-5.532133880e-01,-4.997499638e-01,-3.510660339e-01,7.918166068e-01,-1.400696022e-01,1.800268119e-01,-3.153657886e-01,1.479979211e-06,1.427236876e-06,-1.384594755e-01,-4.136244133e-03,1.323947863e+01,-1.959258774e-07,-1.809960882e-07,1.039701772e-02,4.273279090e-04
-4.961927030e+01,-9.671245396e+00,-3.121099089e+00,-4.212433049e+00,1.622521085e+01,5.135699917e+00,-2.375760602e-01,9.360301109e-01,2.595676910e-01,-8.305724148e-01,-5.721013255e-02,-5.539333741e-01,-5.036486509e-01,-3.471814806e-01,7.910640320e-01,-1.399075417e-01,1.811297587e-01,-3.155034411e-01,1.475219658e-06,1.422840006e-06,-1.382069047e-01,-4.125863218e-03,1.326377125e+01,-1.959258774e-07,-1.809960882e-07,1.039701772e-02,4.273279090e-04
-4.971993262e+01,-9.276671328e+00,-2.996157443e+00,-4.068925625e+00,1.627563392e+01,5.152180291e+00,-2.289890232e-01,9.379684374e-01,2.603176865e-01,-8.306458902e-01,-4.886054930e-02,-5.546412916e-01,-5.075132008e-01,-3.432343082e-01,7.903213395e-01,-1.397500926e-01,1.822314445e-01,-3.156197460e-01,1.470460105e-06,1.418443137e-06,-1.379543339e-01,-4.115482303e-03,1.328806387e+01,-1.959258774e-07,-1.809960882e-07,1.039701772e-02,4.273279090e-04
-4.981709731e+01,-8.880884350e+00,-2.870817262e+00,-3.924545837e+00,1.632488137e+01,5.168493092e+00,-2.203687567e-01,9.398340608e-01,2.610568548e-01,-8.306423955e-01,-4.050876687e-02,-5.553371007e-01,-5.113424939e-01,-3.392246261e-01,7.895886860e-01,-1.395985022e-01,1.833321685e-01,-3.157139672e-01,1.465700553e-06,1.414046268e-06,-1.377017630e-01,-4.105101388e-03,1.331235649e+01,-1.959258774e-07,-1.809960882e-07,1.039701772e-02,4.273279090e-04
-4.991074116e+01,-8.483907600e+00,-2.745082102e+00,-3.779300239e+00,1.637293569e+01,5.184636650e+00,-2.117159441e-01,9.416262006e-01,2.617850716e-01,-8.305615586e-01,-3.215580675e-02,-5.560207618e-01,-5.151354103e-01,-3.351525443e-01,7.888662281e-01,-1.394540181e-01,1.844322294e-01,-3.157853690e-01,1.460941000e-06,1.409649399e-06,-1.374491922e-01,-4.094720473e-03,1.333664911e+01,-1.959258774e-07,-1.809960882e-07,1.039701772e-02,4.273279090e-04
-5.000084093e+01,-8.085764220e+00,-2.618955514e+00,-3.633195384e+00,1.641977942e+01,5.200609297e+00,-2.030312689e-01,9.433440763e-01,2.625022125e-01,-8.304030074e-01,-2.380269043e-02,-5.566922353e-01,-5.188908303e-01,-3.310181723e-01,7.881541226e-01,-1.393178874e-01,1.855319264e-01,-3.158332153e-01,1.456181447e-06,1.405252530e-06,-1.371966214e-01,-4.084339558e-03,1.336094173e+01,-1.959258774e-07,-1.809960882e-07,1.039701772e-02,4.273279090e-04
-5.008737342e+01,-7.686477348e+00,-2.492441054e+00,-3.486237827e+00,1.646539507e+01,5.216409366e+00,-1.943154145e-01,9.449869073e-01,2.632081533e-01,-8.301663696e-01,-1.545043939e-02,-5.573514815e-01,-5.226076343e-01,-3.268216200e-01,7.874525260e-01,-1.391913575e-01,1.866315585e-01,-3.158567703e-01,1.451421894e-06,1.400855661e-06,-1.369440506e-01,-4.073958643e-03,1.338523435e+01,-1.959258774e-07,-1.809960882e-07,1.039701772e-02,4.273279090e-04
-5.017031538e+01,-7.286070124e+00,-2.365542275e+00,-3.338434122e+00,1.650976515e+01,5.232035186e+00,-1.855690644e-01,9.465539132e-01,2.639027695e-01,-8.298512732e-01,-7.100075134e-03,-5.579984608e-01,-5.262847024e-01,-3.225629970e-01,7.867615951e-01,-1.390756758e-01,1.877314246e-01,-3.158552980e-01,1.446662341e-06,1.396458792e-06,-1.366914798e-01,-4.063577728e-03,1.340952698e+01,-1.959258774e-07,-1.809960882e-07,1.039701772e-02,4.273279090e-04
-5.024964361e+01,-6.884565687e+00,-2.238262730e+00,-3.189790821e+00,1.655287218e+01,5.247485091e+00,-1.767929020e-01,9.480443133e-01,2.645859369e-01,-8.294573460e-01,1.247380860e-03,-5.586331335e-01,-5.299209150e-01,-3.182424131e-01,7.860814865e-01,-1.389720895e-01,1.888318238e-01,-3.158280626e-01,1.441902789e-06,1.392061923e-06,-1.364389090e-01,-4.053196813e-03,1.343381960e+01,-1.959258774e-07,-1.809960882e-07,1.039701772e-02,4.273279090e-04
-5.032533488e+01,-6.481987177e+00,-2.110605973e+00,-3.040314478e+00,1.659469867e+01,5.262757410e+00,-1.679876107e-01,9.494573272e-01,2.652575311e-01,-8.289842158e-01,9.590907102e-03,-5.592554599e-01,-5.335151522e-01,-3.138599779e-01,7.854123569e-01,-1.388818461e-01,1.899330551e-01,-3.157743280e-01,1.437143236e-06,1.387665054e-06,-1.361863382e-01,-4.042815898e-03,1.345811222e+01,-1.959258774e-07,-1.809960882e-07,1.039701772e-02,4.273279090e-04
-5.039820522e+01,-6.078747812e+00,-1.982593891e+00,-2.890789185e+00,1.663559863e+01,5.278506607e+00,-1.591867523e-01,9.508190296e-01,2.659033816e-01,-8.284286614e-01,1.792120293e-02,-5.598862417e-01,-5.371177073e-01,-3.094288575e-01,7.847376453e-01,-1.384286129e-01,1.917168799e-01,-3.156394348e-01,1.433247553e-06,1.385305293e-06,-1.361375405e-01,-3.970527864e-03,1.348240484e+01,-1.366575347e-07,-4.123429082e-08,-3.583438186e-03,4.674647673e-03
-5.046779572e+01,-5.674686527e+00,-1.854205017e+00,-2.740712563e+00,1.667540658e+01,5.294225341e+00,-1.503633005e-01,9.521220328e-01,2.665105252e-01,-8.277989419e-01,2.623475436e-02,-5.605080999e-01,-5.406933792e-01,-3.049211352e-01,7.840783557e-01,-1.377037245e-01,1.939306604e-01,-3.154744082e-01,1.429927784e-06,1.384303604e-06,-1.362245916e-01,-3.856968418e-03,1.350669746e+01,-1.366575347e-07,-4.123429082e-08,-3.583438186e-03,4.674647673e-03
-5.053349845e+01,-5.269569266e+00,-1.725434712e+00,-2.589529097e+00,1.671385524e+01,5.309403576e+00,-1.414925535e-01,9.533485744e-01,2.670841284e-01,-8.270992139e-01,3.453505841e-02,-5.611047159e-01,-5.442028939e-01,-3.003238654e-01,7.834492538e-01,-1.369507533e-01,1.961135890e-01,-3.153228411e-01,1.426608014e-06,1.383301915e-06,-1.363116427e-01,-3.743408972e-03,1.353099008e+01,-1.366575347e-07,-4.123429082e-08,-3.583438186e-03,4.674647673e-03
-5.059530612e+01,-4.863438087e+00,-1.596296631e+00,-2.437266951e+00,1.675093162e+01,5.324040552e+00,-1.325760269e-01,9.544982610e-01,2.676244204e-01,-8.263299233e-01,4.282145368e-02,-5.616762961e-01,-5.476455434e-01,-2.956389660e-01,7.828500869e-01,-1.361704250e-01,1.982655586e-01,-3.151839204e-01,1.423288245e-06,1.382300226e-06,-1.363986938e-01,-3.629849527e-03,1.355528270e+01,-1.366575347e-07,-4.123429082e-08,-3.583438186e-03,4.674647673e-03
-5.065321143e+01,-4.456335052e+00,-1.466804433e+00,-2.283954288e+00,1.678662272e+01,5.338135514e+00,-1.236152360e-01,9.555706990e-01,2.681316306e-01,-8.254915162e-01,5.109327877e-02,-5.622230469e-01,-5.510206195e-01,-2.908683551e-01,7.822806025e-01,-1.353634653e-01,2.003864616e-01,-3.150568326e-01,1.419968475e-06,1.381298537e-06,-1.364857449e-01,-3.516290081e-03,1.357957532e+01,-1.366575347e-07,-4.123429082e-08,-3.583438186e-03,4.674647673e-03
-5.070720710e+01,-4.048302221e+00,-1.336971775e+00,-2.129619271e+00,1.682091555e+01,5.351687702e+00,-1.146116965e-01,9.565654949e-01,2.686059884e-01,-8.245844386e-01,5.934987230e-02,-5.627451747e-01,-5.543274143e-01,-2.860139508e-01,7.817405478e-01,-1.345306001e-01,2.024761906e-01,-3.149407646e-01,1.416648706e-06,1.380296848e-06,-1.365727960e-01,-3.402730635e-03,1.360386795e+01,-1.366575347e-07,-4.123429082e-08,-3.583438186e-03,4.674647673e-03
-5.075728582e+01,-3.639381653e+00,-1.206812314e+00,-1.974290062e+00,1.685379713e+01,5.364696360e+00,-1.055669239e-01,9.574822554e-01,2.690477231e-01,-8.236091365e-01,6.759057287e-02,-5.632428858e-01,-5.575652197e-01,-2.810776712e-01,7.812296704e-01,-1.336725552e-01,2.045346382e-01,-3.148349031e-01,1.413328936e-06,1.379295159e-06,-1.366598471e-01,-3.289171189e-03,1.362816057e+01,-1.366575347e-07,-4.123429082e-08,-3.583438186e-03,4.674647673e-03
-5.080344031e+01,-3.229615411e+00,-1.076339706e+00,-1.817994827e+00,1.688525444e+01,5.377160730e+00,-9.648243359e-02,9.583205870e-01,2.694570640e-01,-8.225660559e-01,7.581471908e-02,-5.637163866e-01,-5.607333276e-01,-2.760614343e-01,7.807477174e-01,-1.327900563e-01,2.065616970e-01,-3.147384348e-01,1.410009167e-06,1.378293470e-06,-1.367468982e-01,-3.175611744e-03,1.365245319e+01,-1.366575347e-07,-4.123429082e-08,-3.583438186e-03,4.674647673e-03
-5.084566327e+01,-2.819045553e+00,-9.455676103e-01,-1.660761726e+00,1.691527452e+01,5.389080054e+00,-8.735974120e-02,9.590800961e-01,2.698342406e-01,-8.214556427e-01,8.402164956e-02,-5.641658835e-01,-5.638310300e-01,-2.709671582e-01,7.802944364e-01,-1.318838293e-01,2.085572596e-01,-3.146505465e-01,1.406689397e-06,1.377291781e-06,-1.368339494e-01,-3.062052298e-03,1.367674581e+01,-1.366575347e-07,-4.123429082e-08,-3.583438186e-03,4.674647673e-03
-5.088394741e+01,-2.407714141e+00,-8.145096826e-01,-1.502618924e+00,1.694384435e+01,5.400453576e+00,-7.820036222e-02,9.597603894e-01,2.701794821e-01,-8.202783431e-01,9.221070291e-02,-5.645915828e-01,-5.668576189e-01,-2.657967609e-01,7.798695747e-01,-1.309545998e-01,2.105212186e-01,-3.145704249e-01,1.403369628e-06,1.376290092e-06,-1.369210005e-01,-2.948492852e-03,1.370103843e+01,-1.366575347e-07,-4.123429082e-08,-3.583438186e-03,4.674647673e-03
-5.091828543e+01,-1.995663234e+00,-6.831795805e-01,-1.343594584e+00,1.697095095e+01,5.411280537e+00,-6.900581215e-02,9.603610733e-01,2.704930180e-01,-8.190346029e-01,1.003812177e-01,-5.649936910e-01,-5.698123861e-01,-2.605521605e-01,7.794728797e-01,-1.300030937e-01,2.124534666e-01,-3.144972568e-01,1.400049858e-06,1.375288404e-06,-1.370080516e-01,-2.834933406e-03,1.372533105e+01,-1.366575347e-07,-4.123429082e-08,-3.583438186e-03,4.674647673e-03
-5.094867004e+01,-1.582934894e+00,-5.515909612e-01,-1.183716869e+00,1.699658132e+01,5.421560181e+00,-5.977760652e-02,9.608817544e-01,2.707750775e-01,-8.177248683e-01,1.085325326e-01,-5.653724143e-01,-5.726946236e-01,-2.552352751e-01,7.791040986e-01,-1.290300368e-01,2.143538961e-01,-3.144302289e-01,1.396730089e-06,1.374286715e-06,-1.370951027e-01,-2.721373960e-03,1.374962367e+01,-1.366575347e-07,-4.123429082e-08,-3.583438186e-03,4.674647673e-03
-5.097509394e+01,-1.169571180e+00,-4.197574819e-01,-1.023013942e+00,1.702072248e+01,5.431291749e+00,-5.051726085e-02,9.613220392e-01,2.710258901e-01,-8.163495852e-01,1.166639862e-01,-5.657279593e-01,-5.755036234e-01,-2.498480227e-01,7.787629790e-01,-1.280361549e-01,2.162223997e-01,-3.143685279e-01,1.393410319e-06,1.373285026e-06,-1.371821538e-01,-2.607814515e-03,1.377391630e+01,-1.366575347e-07,-4.123429082e-08,-3.583438186e-03,4.674647673e-03
-5.099754984e+01,-7.556141527e-01,-2.876927998e-01,-8.615139666e-01,1.704336142e+01,5.440474484e+00,-4.122629064e-02,9.616815342e-01,2.712456851e-01,-8.149091995e-01,1.247749171e-01,-5.660605322e-01,-5.782386774e-01,-2.443923214e-01,7.784492682e-01,-1.270221736e-01,2.180588701e-01,-3.143113406e-01,1.390090550e-06,1.372283337e-06,-1.372692049e-01,-2.494255069e-03,1.379820892e+01,-1.366575347e-07,-4.123429082e-08,-3.583438186e-03,4.674647673e-03
-5.101603045e+01,-3.411058731e-01,-1.554105721e-01,-6.992451055e-01,1.706448516e+01,5.449107629e+00,-3.190621141e-02,9.619598460e-01,2.714346918e-01,-8.134041574e-01,1.328646639e-01,-5.663703394e-01,-5.808990776e-01,-2.388700893e-01,7.781627135e-01,-1.259888189e-01,2.198631998e-01,-3.142578537e-01,1.386770781e-06,1.371281648e-06,-1.373562560e-01,-2.380695623e-03,1.382250154e+01,-1.366575347e-07,-4.123429082e-08,-3.583438186e-03,4.674647673e-03
-5.103052848e+01,7.391159879e-02,-2.292445600e-02,-5.362355219e-01,1.708408070e+01,5.457190426e+00,-2.255853869e-02,9.621565811e-01,2.715931396e-01,-8.118349048e-01,1.409325653e-01,-5.666575873e-01,-5.834841159e-01,-2.332832444e-01,7.779030624e-01,-1.249368166e-01,2.216352815e-01,-3.142072541e-01,1.383451011e-06,1.370279959e-06,-1.374433071e-01,-2.267136177e-03,1.384679416e+01,-1.366575347e-07,-4.123429082e-08,-3.583438186e-03,4.674647673e-03
-5.104103662e+01,4.893962025e-01,1.097518913e-01,-3.725133792e-01,1.710213505e+01,5.464722117e+00,-1.318478798e-02,9.622713460e-01,2.717212578e-01,-8.102018878e-01,1.489779597e-01,-5.669224823e-01,-5.859930842e-01,-2.276337047e-01,7.776700621e-01,-1.238668923e-01,2.233750076e-01,-3.141587283e-01,1.380131242e-06,1.369278270e-06,-1.375303582e-01,-2.153576732e-03,1.387108678e+01,-1.366575347e-07,-4.123429082e-08,-3.583438186e-03,4.674647673e-03
-5.104754759e+01,9.053058777e-01,2.426048126e-01,-2.081068404e-01,1.711863522e+01,5.471701946e+00,-3.786474809e-03,9.623037473e-01,2.718192759e-01,-8.085055523e-01,1.570001859e-01,-5.671652308e-01,-5.884252746e-01,-2.219233884e-01,7.774634601e-01,-1.227797718e-01,2.250822708e-01,-3.141114632e-01,1.376811472e-06,1.368276581e-06,-1.376174093e-01,-2.040017286e-03,1.389537940e+01,-1.366575347e-07,-4.123429082e-08,-3.583438186e-03,4.674647673e-03
-5.105005409e+01,1.321598564e+00,3.756206507e-01,-4.304406876e-02,1.713356821e+01,5.478129154e+00,5.634885317e-03,9.622533916e-01,2.718874231e-01,-8.067463443e-01,1.649985824e-01,-5.673860390e-01,-5.907799789e-01,-2.161542136e-01,7.772830038e-01,-1.216761811e-01,2.267569637e-01,-3.140646455e-01,1.373491703e-06,1.367274892e-06,-1.377044604e-01,-1.926457840e-03,1.391967202e+01,-1.366575347e-07,-4.123429082e-08,-3.583438186e-03,4.674647673e-03
-5.104854883e+01,1.738232201e+00,5.087857485e-01,1.226467726e-01,1.714692104e+01,5.484002984e+00,1.507777688e-02,9.621198852e-01,2.719259288e-01,-8.049247098e-01,1.729724879e-01,-5.675851135e-01,-5.930564891e-01,-2.103280982e-01,7.771284405e-01,-1.205568457e-01,2.283989788e-01,-3.140174619e-01,1.370171933e-06,1.366273203e-06,-1.377915115e-01,-1.812898394e-03,1.394396464e+01,-1.366575347e-07,-4.123429082e-08,-3.583438186e-03,4.674647673e-03
-5.104302451e+01,2.155164728e+00,6.420864487e-01,2.889375205e-01,1.715868070e+01,5.489322679e+00,2.454068436e-02,9.619028348e-01,2.719350224e-01,-8.030410949e-01,1.809212409e-01,-5.677626606e-01,-5.952540971e-01,-2.044469603e-01,7.769995176e-01,-1.194224916e-01,2.300082088e-01,-3.139690992e-01,1.366852164e-06,1.365271514e-06,-1.378785626e-01,-1.699338949e-03,1.396825727e+01,-1.366575347e-07,-4.123429082e-08,-3.583438186e-03,4.674647673e-03
-5.103347385e+01,2.572354085e+00,7.755090941e-01,4.558000118e-01,1.716883421e+01,5.494087481e+00,3.402209224e-02,9.616018469e-01,2.719149333e-01,-8.010959455e-01,1.888441801e-01,-5.679188866e-01,-5.973720950e-01,-1.985127180e-01,7.768959824e-01,-1.182738445e-01,2.315845463e-01,-3.139187442e-01,1.363532394e-06,1.364269825e-06,-1.379656137e-01,-1.585779503e-03,1.399254989e+01,-1.366575347e-07,-4.123429082e-08,-3.583438186e-03,4.674647673e-03
-5.101988953e+01,2.989758212e+00,9.090400276e-01,6.232060832e-01,1.717736857e+01,5.498296633e+00,4.352048501e-02,9.612165280e-01,2.718658907e-01,-7.990897077e-01,1.967406441e-01,-5.680539979e-01,-5.994097746e-01,-1.925272894e-01,7.768175824e-01,-1.171116302e-01,2.331278838e-01,-3.138655835e-01,1.360212625e-06,1.363268136e-06,-1.380526648e-01,-1.472220057e-03,1.401684251e+01,-1.366575347e-07,-4.123429082e-08,-3.583438186e-03,4.674647673e-03
-5.100226429e+01,3.407335048e+00,1.042665592e+00,7.911275717e-01,1.718427079e+01,5.501949376e+00,5.303434715e-02,9.607464846e-01,2.717881240e-01,-7.970228274e-01,2.046099715e-01,-5.681682009e-01,-6.013664278e-01,-1.864925925e-01,7.767640649e-01,-1.159365745e-01,2.346381138e-01,-3.138088039e-01,1.356892855e-06,1.362266447e-06,-1.381397160e-01,-1.358660611e-03,1.404113513e+01,-1.366575347e-07,-4.123429082e-08,-3.583438186e-03,4.674647673e-03
-5.098059081e+01,3.825042532e+00,1.176372130e+00,9.595363141e-01,1.718952787e+01,5.505044954e+00,6.256216314e-02,9.601913234e-01,2.716818626e-01,-7.948957507e-01,2.124515008e-01,-5.682617020e-01,-6.032413467e-01,-1.804105455e-01,7.767351772e-01,-1.147494031e-01,2.361151291e-01,-3.137475922e-01,1.353573086e-06,1.361264759e-06,-1.382267671e-01,-1.245101165e-03,1.406542775e+01,-1.366575347e-07,-4.123429082e-08,-3.583438186e-03,4.674647673e-03
-5.095486180e+01,4.242838605e+00,1.310145984e+00,1.128404147e+00,1.719312683e+01,5.507582610e+00,7.210241748e-02,9.595506508e-01,2.715473359e-01,-7.927089236e-01,2.202645707e-01,-5.683347075e-01,-6.050338232e-01,-1.742830662e-01,7.767306669e-01,-1.135508418e-01,2.375588222e-01,-3.136811350e-01,1.350253316e-06,1.360263070e-06,-1.383138182e-01,-1.131541720e-03,1.408972037e+01,-1.366575347e-07,-4.123429082e-08,-3.583438186e-03,4.674647673e-03
-5.092506997e+01,4.660681206e+00,1.443973498e+00,1.297702908e+00,1.719505468e+01,5.509561585e+00,8.165359463e-02,9.588240733e-01,2.713847731e-01,-7.904627920e-01,2.280485199e-01,-5.683874239e-01,-6.067431493e-01,-1.681120729e-01,7.767502811e-01,-1.123416165e-01,2.389690857e-01,-3.136086192e-01,1.346933547e-06,1.359261381e-06,-1.384008693e-01,-1.017982274e-03,1.411401299e+01,-1.366575347e-07,-4.123429082e-08,-3.583438186e-03,4.674647673e-03
-5.089120804e+01,5.078528274e+00,1.577841014e+00,1.467404433e+00,1.719529840e+01,5.510981122e+00,9.121417909e-02,9.580111975e-01,2.711944037e-01,-7.881578020e-01,2.358026869e-01,-5.684200575e-01,-6.083686168e-01,-1.618994835e-01,7.767937674e-01,-1.111224529e-01,2.403458121e-01,-3.135292315e-01,1.343613777e-06,1.358259692e-06,-1.384879204e-01,-9.044228281e-04,1.413830562e+01,-1.366575347e-07,-4.123429082e-08,-3.583438186e-03,4.674647673e-03
-5.085326869e+01,5.496337749e+00,1.711734874e+00,1.637480559e+00,1.719384503e+01,5.511840463e+00,1.007826553e-01,9.571116299e-01,2.709764570e-01,-7.857943996e-01,2.435264103e-01,-5.684328146e-01,-6.099095177e-01,-1.556472162e-01,7.768608730e-01,-1.098940768e-01,2.416888941e-01,-3.134421586e-01,1.340294008e-06,1.357258003e-06,-1.385749715e-01,-7.908633823e-04,1.416259824e+01,-1.366575347e-07,-4.123429082e-08,-3.583438186e-03,4.674647673e-03
-5.081124464e+01,5.914067571e+00,1.845641422e+00,1.807903123e+00,1.719068155e+01,5.512138852e+00,1.103575079e-01,9.561249770e-01,2.707311624e-01,-7.833730308e-01,2.512190287e-01,-5.684259017e-01,-6.113651440e-01,-1.493571890e-01,7.769513454e-01,-1.086572140e-01,2.429982243e-01,-3.133465872e-01,1.336974238e-06,1.356256314e-06,-1.386620226e-01,-6.773039365e-04,1.418689086e+01,-1.366575347e-07,-4.123429082e-08,-3.583438186e-03,4.674647673e-03
-5.076512860e+01,6.331675679e+00,1.979547001e+00,1.978643962e+00,1.718579499e+01,5.511875530e+00,1.199372212e-01,9.550508455e-01,2.704587492e-01,-7.808941416e-01,2.588798808e-01,-5.683995251e-01,-6.127347876e-01,-1.430313200e-01,7.770649319e-01,-1.074125902e-01,2.442736951e-01,-3.132417042e-01,1.333654469e-06,1.355254625e-06,-1.387490737e-01,-5.637444907e-04,1.421118348e+01,-1.366575347e-07,-4.123429082e-08,-3.583438186e-03,4.674647673e-03
-5.071491327e+01,6.749120014e+00,2.113437953e+00,2.149674913e+00,1.717917234e+01,5.511049741e+00,1.295202797e-01,9.538888417e-01,2.701594467e-01,-7.783581779e-01,2.665083051e-01,-5.683538912e-01,-6.140177405e-01,-1.366715272e-01,7.772013799e-01,-1.061609313e-01,2.455151993e-01,-3.131266961e-01,1.330334699e-06,1.354252936e-06,-1.388361248e-01,-4.501850450e-04,1.423547610e+01,-1.366575347e-07,-4.123429082e-08,-3.583438186e-03,4.674647673e-03
-5.066059136e+01,7.166358513e+00,2.247300621e+00,2.320967812e+00,1.717080061e+01,5.509660726e+00,1.391051679e-01,9.526385723e-01,2.698334843e-01,-7.757655858e-01,2.741036403e-01,-5.682892064e-01,-6.152132946e-01,-1.302797287e-01,7.773604367e-01,-1.049029630e-01,2.467226294e-01,-3.130007499e-01,1.327014930e-06,1.353251247e-06,-1.389231759e-01,-3.366255992e-04,1.425976872e+01,-1.366575347e-07,-4.123429082e-08,-3.583438186e-03,4.674647673e-03
-5.060215557e+01,7.583349118e+00,2.381121348e+00,2.492494497e+00,1.716066682e+01,5.507707728e+00,1.486903704e-01,9.512996437e-01,2.694810915e-01,-7.731168114e-01,2.816652249e-01,-5.682056770e-01,-6.163207418e-01,-1.238578426e-01,7.775418498e-01,-1.036394111e-01,2.478958781e-01,-3.128630522e-01,1.323695161e-06,1.352249558e-06,-1.390102270e-01,-2.230661534e-04,1.428406134e+01,-1.366575347e-07,-4.123429082e-08,-3.583438186e-03,4.674647673e-03
-5.053959861e+01,8.000049768e+00,2.514886477e+00,2.664226804e+00,1.714875796e+01,5.505189989e+00,1.582743715e-01,9.498716625e-01,2.691024974e-01,-7.704123005e-01,2.891923976e-01,-5.681035094e-01,-6.173393742e-01,-1.174077868e-01,7.777453666e-01,-1.023710015e-01,2.490348378e-01,-3.127127898e-01,1.320375391e-06,1.351247869e-06,-1.390972781e-01,-1.095067076e-04,1.430835396e+01,-1.366575347e-07,-4.123429082e-08,-3.583438186e-03,4.674647673e-03
-5.047291319e+01,8.416418402e+00,2.648582350e+00,2.836136570e+00,1.713506105e+01,5.502106753e+00,1.678556559e-01,9.483542353e-01,2.686979316e-01,-7.676524992e-01,2.966844970e-01,-5.679829101e-01,-6.182684836e-01,-1.109314796e-01,7.779707342e-01,-1.010984598e-01,2.501394011e-01,-3.125491494e-01,1.317055622e-06,1.350246180e-06,-1.391843292e-01,4.052738146e-06,1.433264659e+01,-1.366575347e-07,-4.123429082e-08,-3.583438186e-03,4.674647673e-03
-5.040209201e+01,8.832412960e+00,2.782195310e+00,3.008195632e+00,1.711956309e+01,5.498457261e+00,1.774327079e-01,9.467469685e-01,2.682676232e-01,-7.648378536e-01,3.041408617e-01,-5.678440853e-01,-6.191073620e-01,-1.044308389e-01,7.782177003e-01,-9.982251182e-02,2.512094608e-01,-3.123713177e-01,1.313735852e-06,1.349244491e-06,-1.392713803e-01,1.176121839e-04,1.435693921e+01,-1.366575347e-07,-4.123429082e-08,-3.583438186e-03,4.674647673e-03
-5.032712778e+01,9.247991382e+00,2.915711701e+00,3.180375826e+00,1.710225109e+01,5.494240757e+00,1.870040120e-01,9.450494688e-01,2.678118018e-01,-7.619688096e-01,3.115608303e-01,-5.676872414e-01,-6.198553013e-01,-9.790778281e-02,7.784860121e-01,-9.854388342e-02,2.522449093e-01,-3.121784816e-01,1.310416083e-06,1.348242802e-06,-1.393584315e-01,2.311716297e-04,1.438123183e+01,-1.366575347e-07,-4.123429082e-08,-3.583438186e-03,4.674647673e-03
-5.024801320e+01,9.663111606e+00,3.049117864e+00,3.352648990e+00,1.708311205e+01,5.489456482e+00,1.965680528e-01,9.432613425e-01,2.673306966e-01,-7.590458132e-01,3.189437414e-01,-5.675125849e-01,-6.205115936e-01,-9.136422940e-02,7.787754170e-01,-9.726330036e-02,2.532456392e-01,-3.119698277e-01,1.307096313e-06,1.347241113e-06,-1.394454826e-01,3.447310755e-04,1.440552445e+01,-1.366575347e-07,-4.123429082e-08,-3.583438186e-03,4.674647673e-03
-5.016474098e+01,1.007773157e+01,3.182400143e+00,3.524986961e+00,1.706213299e+01,5.484103679e+00,2.061233147e-01,9.413821963e-01,2.668245370e-01,-7.560693104e-01,3.262889336e-01,-5.673203220e-01,-6.210755307e-01,-8.480209672e-02,7.790856623e-01,-9.598148841e-02,2.542115432e-01,-3.117445427e-01,1.303776544e-06,1.346239425e-06,-1.395325337e-01,4.582905213e-04,1.442981707e+01,-1.366575347e-07,-4.123429082e-08,-3.583438186e-03,4.674647673e-03
-5.007730383e+01,1.049180922e+01,3.315544881e+00,3.697361574e+00,1.703930091e+01,5.478181590e+00,2.156682821e-01,9.394116367e-01,2.662935524e-01,-7.530397472e-01,3.335957455e-01,-5.671106592e-01,-6.215464046e-01,-7.822330284e-02,7.794164955e-01,-9.469917336e-02,2.551425137e-01,-3.115018135e-01,1.300456774e-06,1.345237736e-06,-1.396195848e-01,5.718499670e-04,1.445410969e+01,-1.366575347e-07,-4.123429082e-08,-3.583438186e-03,4.674647673e-03
-4.998569445e+01,1.090530250e+01,3.448538420e+00,3.869744668e+00,1.701460282e+01,5.471689459e+00,2.252014397e-01,9.373492702e-01,2.657379721e-01,-7.499575697e-01,3.408635158e-01,-5.668838029e-01,-6.219235072e-01,-7.162976583e-02,7.797676639e-01,-9.341708100e-02,2.560384435e-01,-3.112408268e-01,1.297137005e-06,1.344236047e-06,-1.397066359e-01,6.854094128e-04,1.447840231e+01,-1.366575347e-07,-4.123429082e-08,-3.583438186e-03,4.674647673e-03
-4.988990555e+01,1.131816933e+01,3.581367103e+00,4.042108079e+00,1.698802572e+01,5.464626527e+00,2.347212718e-01,9.351947034e-01,2.651580254e-01,-7.468232238e-01,3.480915830e-01,-5.666399594e-01,-6.222061305e-01,-6.502340374e-02,7.801389150e-01,-9.213593710e-02,2.568992251e-01,-3.109607692e-01,1.293817235e-06,1.343234358e-06,-1.397936870e-01,7.989688586e-04,1.450269494e+01,-1.366575347e-07,-4.123429082e-08,-3.583438186e-03,4.674647673e-03
-4.978992984e+01,1.173036766e+01,3.714017273e+00,4.214423643e+00,1.695955662e+01,5.456992037e+00,2.442262630e-01,9.329475427e-01,2.645539417e-01,-7.436371556e-01,3.552792857e-01,-5.663793351e-01,-6.223935664e-01,-5.840613464e-02,7.805299960e-01,-9.085646745e-02,2.577247511e-01,-3.106608276e-01,1.290497466e-06,1.342232669e-06,-1.398807381e-01,9.125283044e-04,1.452698756e+01,-1.366575347e-07,-4.123429082e-08,-3.583438186e-03,4.674647673e-03
-4.968576001e+01,1.214185544e+01,3.846475273e+00,4.386663198e+00,1.692918253e+01,5.448785232e+00,2.537148977e-01,9.306073948e-01,2.639259505e-01,-7.403998110e-01,3.624259626e-01,-5.661021363e-01,-6.224851069e-01,-5.177987660e-02,7.809406543e-01,-8.957939783e-02,2.585149140e-01,-3.103401887e-01,1.287177696e-06,1.341230980e-06,-1.399677892e-01,1.026087750e-03,1.455128018e+01,-1.366575347e-07,-4.123429082e-08,-3.583438186e-03,4.674647673e-03
-4.957738878e+01,1.255259059e+01,3.978727446e+00,4.558798580e+00,1.689689045e+01,5.440005354e+00,2.631856604e-01,9.281738661e-01,2.632742809e-01,-7.371116361e-01,3.695309523e-01,-5.658085695e-01,-6.224800440e-01,-4.514654767e-02,7.813706373e-01,-8.830545403e-02,2.592696065e-01,-3.099980392e-01,1.283857927e-06,1.340229291e-06,-1.400548403e-01,1.139647196e-03,1.457557280e+01,-1.366575347e-07,-4.123429082e-08,-3.583438186e-03,4.674647673e-03
-4.946480886e+01,1.296253107e+01,4.110760133e+00,4.730801626e+00,1.686266740e+01,5.430651646e+00,2.726370356e-01,9.256465632e-01,2.625991624e-01,-7.337730768e-01,3.765935934e-01,-5.654988410e-01,-6.223776695e-01,-3.850806591e-02,7.818196925e-01,-8.703536183e-02,2.599887212e-01,-3.096335659e-01,1.280538157e-06,1.339227602e-06,-1.401418914e-01,1.253206642e-03,1.459986542e+01,-1.366575347e-07,-4.123429082e-08,-3.583438186e-03,4.674647673e-03
-4.934801295e+01,1.337163481e+01,4.242559679e+00,4.902644174e+00,1.682650038e+01,5.420723349e+00,2.820675078e-01,9.230250925e-01,2.619008244e-01,-7.303845791e-01,3.836132244e-01,-5.651731571e-01,-6.221772754e-01,-3.186634940e-02,7.822875670e-01,-8.576984701e-02,2.606721506e-01,-3.092459556e-01,1.277218388e-06,1.338225913e-06,-1.402289425e-01,1.366766087e-03,1.462415804e+01,-1.366575347e-07,-4.123429082e-08,-3.583438186e-03,4.674647673e-03
-4.922699375e+01,1.377985974e+01,4.374112426e+00,5.074298059e+00,1.678837639e+01,5.410219708e+00,2.914755615e-01,9.203090608e-01,2.611794961e-01,-7.269465892e-01,3.905891840e-01,-5.648317244e-01,-6.218781537e-01,-2.522331620e-02,7.827740085e-01,-8.450963537e-02,2.613197873e-01,-3.088343948e-01,1.273898618e-06,1.337224224e-06,-1.403159936e-01,1.480325533e-03,1.464845066e+01,-1.366575347e-07,-4.123429082e-08,-3.583438186e-03,4.674647673e-03
-4.910174397e+01,1.418716381e+01,4.505404716e+00,5.245735119e+00,1.674828245e+01,5.399139963e+00,3.008596811e-01,9.174980744e-01,2.604354070e-01,-7.234595529e-01,3.975208108e-01,-5.644747491e-01,-6.214795963e-01,-1.858088436e-02,7.832787641e-01,-8.325545267e-02,2.619315239e-01,-3.083980705e-01,1.270578849e-06,1.336222535e-06,-1.404030447e-01,1.593884979e-03,1.467274328e+01,-1.366575347e-07,-4.123429082e-08,-3.583438186e-03,4.674647673e-03
-4.897250061e+01,1.459374402e+01,4.636488619e+00,5.417175400e+00,1.670640755e+01,5.387453511e+00,3.102274892e-01,9.145983069e-01,2.596624260e-01,-7.199203844e-01,4.044076312e-01,-5.641048554e-01,-6.209892213e-01,-1.192511403e-02,7.838019698e-01,-8.196376149e-02,2.625383487e-01,-3.079252126e-01,1.268953132e-06,1.336978121e-06,-1.404872376e-01,1.713212898e-03,1.469703591e+01,2.120188279e-07,3.204547472e-07,-2.995149036e-03,5.861936774e-03
-4.883990101e+01,1.500013790e+01,4.767509786e+00,5.589163615e+00,1.666327525e+01,5.375116977e+00,3.195990362e-01,9.116293518e-01,2.588421169e-01,-7.163239235e-01,4.112484574e-01,-5.637270776e-01,-6.204280744e-01,-5.218418172e-03,7.843455757e-01,-8.049222942e-02,2.632260281e-01,-3.074017224e-01,1.274103625e-06,1.344762806e-06,-1.405599976e-01,1.855614708e-03,1.472132853e+01,2.120188279e-07,3.204547472e-07,-2.995149036e-03,5.861936774e-03
-4.870292997e+01,1.540526114e+01,4.898170962e+00,5.760567400e+00,1.661804517e+01,5.362285564e+00,3.289328174e-01,9.085657736e-01,2.580004931e-01,-7.126881011e-01,4.180417026e-01,-5.633301904e-01,-6.197613872e-01,1.468908242e-03,7.849084594e-01,-7.901147007e-02,2.638657432e-01,-3.068840627e-01,1.279254117e-06,1.352547492e-06,-1.406327577e-01,1.998016518e-03,1.474562115e+01,2.120188279e-07,3.204547472e-07,-2.995149036e-03,5.861936774e-03
-4.856161855e+01,1.580907935e+01,5.028464688e+00,5.931362877e+00,1.657074082e+01,5.348965740e+00,3.382279461e-01,9.054085902e-01,2.571378730e-01,-7.090134064e-01,4.247874583e-01,-5.629142041e-01,-6.189903525e-01,8.135538863e-03,7.854903586e-01,-7.752177358e-02,2.644582227e-01,-3.063719547e-01,1.284404610e-06,1.360332177e-06,-1.407055177e-01,2.140418329e-03,1.476991377e+01,2.120188279e-07,3.204547472e-07,-2.995149036e-03,5.861936774e-03
-4.841599778e+01,1.621155816e+01,5.158383502e+00,6.101526167e+00,1.652138571e+01,5.335163970e+00,3.474835359e-01,9.021588200e-01,2.562545748e-01,-7.053003285e-01,4.314858161e-01,-5.624791289e-01,-6.181161628e-01,1.478014734e-02,7.860910110e-01,-7.602343008e-02,2.650041953e-01,-3.058651200e-01,1.289555103e-06,1.368116862e-06,-1.407782777e-01,2.282820139e-03,1.479420639e+01,2.120188279e-07,3.204547472e-07,-2.995149036e-03,5.861936774e-03
-4.826609871e+01,1.661266319e+01,5.287919946e+00,6.271033393e+00,1.647000335e+01,5.320886721e+00,3.566987004e-01,8.988174808e-01,2.553509169e-01,-7.015493567e-01,4.381368674e-01,-5.620249752e-01,-6.171400111e-01,2.140140732e-02,7.867101545e-01,-7.451672972e-02,2.655043897e-01,-3.053632801e-01,1.294705595e-06,1.375901547e-06,-1.408510377e-01,2.425221949e-03,1.481849901e+01,2.120188279e-07,3.204547472e-07,-2.995149036e-03,5.861936774e-03
-4.811195239e+01,1.701236007e+01,5.417066558e+00,6.439860676e+00,1.641661723e+01,5.306140460e+00,3.658725530e-01,8.953855910e-01,2.544272176e-01,-6.977609800e-01,4.447407037e-01,-5.615517532e-01,-6.160630898e-01,2.799799246e-02,7.873475267e-01,-7.300196264e-02,2.659595348e-01,-3.048661563e-01,1.299856088e-06,1.383686232e-06,-1.409237978e-01,2.567623760e-03,1.484279163e+01,2.120188279e-07,3.204547472e-07,-2.995149036e-03,5.861936774e-03
-4.795358984e+01,1.741061441e+01,5.545815880e+00,6.607984139e+00,1.636125088e+01,5.290931653e+00,3.750042072e-01,8.918641685e-01,2.534837952e-01,-6.939356877e-01,4.512974166e-01,-5.610594732e-01,-6.148865919e-01,3.456857641e-02,7.880028654e-01,-7.147941898e-02,2.663703592e-01,-3.043734703e-01,1.305006581e-06,1.391470918e-06,-1.409965578e-01,2.710025570e-03,1.486708426e+01,2.120188279e-07,3.204547472e-07,-2.995149036e-03,5.861936774e-03
-4.779104213e+01,1.780739184e+01,5.674160450e+00,6.775379902e+00,1.630392779e+01,5.275266766e+00,3.840927766e-01,8.882542315e-01,2.525209680e-01,-6.900739689e-01,4.578070976e-01,-5.605481455e-01,-6.136117099e-01,4.111183281e-02,7.886759083e-01,-6.994938887e-02,2.667375916e-01,-3.038849434e-01,1.310157073e-06,1.399255603e-06,-1.410693178e-01,2.852427380e-03,1.489137688e+01,2.120188279e-07,3.204547472e-07,-2.995149036e-03,5.861936774e-03
-4.762434028e+01,1.820265798e+01,5.802092808e+00,6.942024089e+00,1.624467148e+01,5.259152267e+00,3.931373747e-01,8.845567981e-01,2.515390544e-01,-6.861763129e-01,4.642698381e-01,-5.600177803e-01,-6.122396367e-01,4.762643532e-02,7.893663933e-01,-6.841216246e-02,2.670619609e-01,-3.034002971e-01,1.315307566e-06,1.407040288e-06,-1.411420778e-01,2.994829191e-03,1.491566950e+01,2.120188279e-07,3.204547472e-07,-2.995149036e-03,5.861936774e-03
-4.745351534e+01,1.859637846e+01,5.929605496e+00,7.107892820e+00,1.618350544e+01,5.242594621e+00,4.021371150e-01,8.807728864e-01,2.505383725e-01,-6.822432087e-01,4.706857298e-01,-5.594683880e-01,-6.107715648e-01,5.411105758e-02,7.900740580e-01,-6.686802989e-02,2.673441956e-01,-3.029192529e-01,1.320458059e-06,1.414824973e-06,-1.412148378e-01,3.137231001e-03,1.493996212e+01,2.120188279e-07,3.204547472e-07,-2.995149036e-03,5.861936774e-03
-4.727859835e+01,1.898851891e+01,6.056691052e+00,7.272962219e+00,1.612045320e+01,5.225600295e+00,4.110911110e-01,8.769035146e-01,2.495192409e-01,-6.782751455e-01,4.770548640e-01,-5.588999787e-01,-6.092086871e-01,6.056437324e-02,7.907986403e-01,-6.531728130e-02,2.675850246e-01,-3.024415323e-01,1.325608551e-06,1.422609658e-06,-1.412875979e-01,3.279632811e-03,1.496425474e+01,2.120188279e-07,3.204547472e-07,-2.995149036e-03,5.861936774e-03
-4.709962036e+01,1.937904493e+01,6.183342016e+00,7.437208406e+00,1.605553826e+01,5.208175755e+00,4.199984762e-01,8.729497008e-01,2.484819777e-01,-6.742726125e-01,4.833773323e-01,-5.583125628e-01,-6.075521962e-01,6.698505596e-02,7.915398778e-01,-6.376020683e-02,2.677851765e-01,-3.019668567e-01,1.330759044e-06,1.430394344e-06,-1.413603579e-01,3.422034622e-03,1.498854736e+01,2.120188279e-07,3.204547472e-07,-2.995149036e-03,5.861936774e-03
-4.691661240e+01,1.976792216e+01,6.309550929e+00,7.600607504e+00,1.598878412e+01,5.190327469e+00,4.288583242e-01,8.689124630e-01,2.474269013e-01,-6.702360989e-01,4.896532262e-01,-5.577061506e-01,-6.058032849e-01,7.337177938e-02,7.922975084e-01,-6.219709662e-02,2.679453802e-01,-3.014949476e-01,1.335909537e-06,1.438179029e-06,-1.414331179e-01,3.564436432e-03,1.501283998e+01,2.120188279e-07,3.204547472e-07,-2.995149036e-03,5.861936774e-03
-4.672960553e+01,2.015511621e+01,6.435310331e+00,7.763135635e+00,1.592021429e+01,5.172061902e+00,4.376697683e-01,8.647928193e-01,2.463543300e-01,-6.661660939e-01,4.958826372e-01,-5.570807523e-01,-6.039631458e-01,7.972321715e-02,7.930712697e-01,-6.062824081e-02,2.680663642e-01,-3.010255265e-01,1.341060029e-06,1.445963714e-06,-1.415058779e-01,3.706838242e-03,1.503713260e+01,2.120188279e-07,3.204547472e-07,-2.995149036e-03,5.861936774e-03
-4.653863077e+01,2.054059272e+01,6.560612761e+00,7.924768920e+00,1.584985228e+01,5.153385521e+00,4.464319223e-01,8.605917880e-01,2.452645821e-01,-6.620630866e-01,5.020656569e-01,-5.564363783e-01,-6.020329717e-01,8.603804293e-02,7.938608995e-01,-5.905392953e-02,2.681488575e-01,-3.005583148e-01,1.346210522e-06,1.453748399e-06,-1.415786379e-01,3.849240053e-03,1.506142523e+01,2.120188279e-07,3.204547472e-07,-2.995149036e-03,5.861936774e-03
-4.634371918e+01,2.092431730e+01,6.685450759e+00,8.085483481e+00,1.577772160e+01,5.134304793e+00,4.551438995e-01,8.563103871e-01,2.441579760e-01,-6.579275661e-01,5.082023766e-01,-5.557730387e-01,-6.000139553e-01,9.231493036e-02,7.946661357e-01,-5.747445294e-02,2.681935886e-01,-3.000930340e-01,1.351361015e-06,1.461533084e-06,-1.416513980e-01,3.991641863e-03,1.508571785e+01,2.120188279e-07,3.204547472e-07,-2.995149036e-03,5.861936774e-03
-4.614490180e+01,2.130625558e+01,6.809816865e+00,8.245255440e+00,1.570384575e+01,5.114826184e+00,4.638048135e-01,8.519496347e-01,2.430348299e-01,-6.537600217e-01,5.142928881e-01,-5.550907439e-01,-5.979072893e-01,9.855255309e-02,7.954867158e-01,-5.589010117e-02,2.682012864e-01,-2.996294056e-01,1.356511508e-06,1.469317770e-06,-1.417241580e-01,4.134043673e-03,1.511001047e+01,2.120188279e-07,3.204547472e-07,-2.995149036e-03,5.861936774e-03
-4.594220967e+01,2.168637318e+01,6.933703620e+00,8.404060920e+00,1.562824825e+01,5.094956160e+00,4.724137778e-01,8.475105490e-01,2.418954622e-01,-6.495609426e-01,5.203372827e-01,-5.543895042e-01,-5.957141664e-01,1.047495848e-01,7.963223777e-01,-5.430116436e-02,2.681726795e-01,-2.991671510e-01,1.361662000e-06,1.477102455e-06,-1.417969180e-01,4.276445483e-03,1.513430309e+01,2.120188279e-07,3.204547472e-07,-2.995149036e-03,5.861936774e-03
-4.573567383e+01,2.206463573e+01,7.057103563e+00,8.561876041e+00,1.555095259e+01,5.074701188e+00,4.809699058e-01,8.429941480e-01,2.407401911e-01,-6.453308178e-01,5.263356519e-01,-5.536693298e-01,-5.934357793e-01,1.109046990e-01,7.971728592e-01,-5.270793265e-02,2.681084967e-01,-2.987059917e-01,1.366812493e-06,1.484887140e-06,-1.418696780e-01,4.418847294e-03,1.515859571e+01,2.120188279e-07,3.204547472e-07,-2.995149036e-03,5.861936774e-03
-4.552532532e+01,2.244100884e+01,7.180009234e+00,8.718676927e+00,1.547198230e+01,5.054067734e+00,4.894723113e-01,8.384014499e-01,2.395693351e-01,-6.410701366e-01,5.322880873e-01,-5.529302310e-01,-5.910733208e-01,1.170165696e-01,7.980378979e-01,-5.111069619e-02,2.680094667e-01,-2.982456492e-01,1.371962986e-06,1.492671825e-06,-1.419424381e-01,4.561249104e-03,1.518288833e+01,2.120188279e-07,3.204547472e-07,-2.995149036e-03,5.861936774e-03
-4.531119518e+01,2.281545814e+01,7.302413173e+00,8.874439698e+00,1.539136087e+01,5.033062266e+00,4.979201075e-01,8.337334727e-01,2.383832123e-01,-6.367793882e-01,5.381946804e-01,-5.521722181e-01,-5.886279835e-01,1.230838700e-01,7.989172317e-01,-4.950974511e-02,2.678763182e-01,-2.977858450e-01,1.377113478e-06,1.500456510e-06,-1.420151981e-01,4.703650914e-03,1.520718095e+01,2.120188279e-07,3.204547472e-07,-2.995149036e-03,5.861936774e-03
-4.509331447e+01,2.318794925e+01,7.424307920e+00,9.029140477e+00,1.530911181e+01,5.011691248e+00,5.063124081e-01,8.289912347e-01,2.371821412e-01,-6.324590616e-01,5.440555227e-01,-5.513953013e-01,-5.861009602e-01,1.291052740e-01,7.998105982e-01,-4.790536955e-02,2.677097800e-01,-2.973263005e-01,1.382263971e-06,1.508241196e-06,-1.420879581e-01,4.846052725e-03,1.523147358e+01,2.120188279e-07,3.204547472e-07,-2.995149036e-03,5.861936774e-03
-4.487171422e+01,2.355844780e+01,7.545686015e+00,9.182755386e+00,1.522525863e+01,4.989961149e+00,5.146483266e-01,8.241757539e-01,2.359664400e-01,-6.281096461e-01,5.498707056e-01,-5.505994910e-01,-5.834934436e-01,1.350794552e-01,8.007177353e-01,-4.629785965e-02,2.675105808e-01,-2.968667371e-01,1.387414464e-06,1.516025881e-06,-1.421607181e-01,4.988454535e-03,1.525576620e+01,2.120188279e-07,3.204547472e-07,-2.995149036e-03,5.861936774e-03
-4.464642547e+01,2.392691941e+01,7.666539997e+00,9.335260546e+00,1.513982484e+01,4.967878434e+00,5.229269764e-01,8.192880484e-01,2.347364270e-01,-6.237316309e-01,5.556403208e-01,-5.497847974e-01,-5.808066263e-01,1.410050872e-01,8.016383807e-01,-4.468750555e-02,2.672794494e-01,-2.964068765e-01,1.392564956e-06,1.523810566e-06,-1.422334781e-01,5.130856345e-03,1.528005882e+01,2.120188279e-07,3.204547472e-07,-2.995149036e-03,5.861936774e-03
-4.441747926e+01,2.429332970e+01,7.786862408e+00,9.486632079e+00,1.505283394e+01,4.945449570e+00,5.311474712e-01,8.143291363e-01,2.334924206e-01,-6.193255051e-01,5.613644597e-01,-5.489512308e-01,-5.780417012e-01,1.468808437e-01,8.025722721e-01,-4.307459740e-02,2.670171144e-01,-2.959464399e-01,1.397715449e-06,1.531595251e-06,-1.423062382e-01,5.273258156e-03,1.530435144e+01,2.120188279e-07,3.204547472e-07,-2.995149036e-03,5.861936774e-03
-4.418490664e+01,2.465764430e+01,7.906645786e+00,9.636846108e+00,1.496430945e+01,4.922681024e+00,5.393089243e-01,8.093000358e-01,2.322347391e-01,-6.148917578e-01,5.670432138e-01,-5.480988015e-01,-5.751998609e-01,1.527053984e-01,8.035191473e-01,-4.145942534e-02,2.667243046e-01,-2.954851489e-01,1.402865942e-06,1.539379936e-06,-1.423789982e-01,5.415659966e-03,1.532864406e+01,2.120188279e-07,3.204547472e-07,-2.995149036e-03,5.861936774e-03
-4.394873866e+01,2.501982882e+01,8.025882672e+00,9.785878754e+00,1.487427487e+01,4.899579261e+00,5.474104493e-01,8.042017650e-01,2.309637008e-01,-6.104308783e-01,5.726766746e-01,-5.472275197e-01,-5.722822981e-01,1.584774249e-01,8.044787440e-01,-3.984227949e-02,2.664017488e-01,-2.950227250e-01,1.408016434e-06,1.547164622e-06,-1.424517582e-01,5.558061776e-03,1.535293668e+01,2.120188279e-07,3.204547472e-07,-2.995149036e-03,5.861936774e-03
-4.370900634e+01,2.537984890e+01,8.144565606e+00,9.933706139e+00,1.478275370e+01,4.876150749e+00,5.554511598e-01,7.990353419e-01,2.296796240e-01,-6.059433558e-01,5.782649337e-01,-5.463373958e-01,-5.692902055e-01,1.641955968e-01,8.054508001e-01,-3.822345002e-02,2.660501756e-01,-2.945588897e-01,1.413166927e-06,1.554949307e-06,-1.425245182e-01,5.700463587e-03,1.537722930e+01,2.120188279e-07,3.204547472e-07,-2.995149036e-03,5.861936774e-03
-4.346574074e+01,2.573767014e+01,8.262687127e+00,1.008030438e+01,1.468976946e+01,4.852401953e+00,5.634301692e-01,7.938017847e-01,2.283828270e-01,-6.014296793e-01,5.838080825e-01,-5.454284400e-01,-5.662247759e-01,1.698585878e-01,8.064350532e-01,-3.660322704e-02,2.656703137e-01,-2.940933643e-01,1.418317420e-06,1.562733992e-06,-1.425972782e-01,5.842865397e-03,1.540152192e+01,2.120188279e-07,3.204547472e-07,-2.995149036e-03,5.861936774e-03
-4.321897290e+01,2.609325819e+01,8.380239775e+00,1.022564961e+01,1.459534566e+01,4.828339341e+00,5.713465911e-01,7.885021116e-01,2.270736281e-01,-5.968903381e-01,5.893062126e-01,-5.445006625e-01,-5.630872020e-01,1.754650716e-01,8.074312410e-01,-3.498190072e-02,2.652628920e-01,-2.936258704e-01,1.423467912e-06,1.570518677e-06,-1.426700383e-01,5.985267207e-03,1.542581455e+01,2.120188279e-07,3.204547472e-07,-2.995149036e-03,5.861936774e-03
-4.296873385e+01,2.644657866e+01,8.497216092e+00,1.036971795e+01,1.449950579e+01,4.803969379e+00,5.791995389e-01,7.831373406e-01,2.257523457e-01,-5.923258213e-01,5.947594154e-01,-5.435540737e-01,-5.598786764e-01,1.810137217e-01,8.084391015e-01,-3.335976118e-02,2.648286392e-01,-2.931561294e-01,1.428618405e-06,1.578303363e-06,-1.427427983e-01,6.127669018e-03,1.545010717e+01,2.120188279e-07,3.204547472e-07,-2.995149036e-03,5.861936774e-03
-4.271505465e+01,2.679759716e+01,8.613608615e+00,1.051248551e+01,1.440227337e+01,4.779298533e+00,5.869881262e-01,7.777084898e-01,2.244192981e-01,-5.877366181e-01,6.001677825e-01,-5.425886839e-01,-5.566003920e-01,1.865032119e-01,8.094583722e-01,-3.173709856e-02,2.643682839e-01,-2.926838629e-01,1.433768898e-06,1.586088048e-06,-1.428155583e-01,6.270070828e-03,1.547439979e+01,2.120188279e-07,3.204547472e-07,-2.995149036e-03,5.861936774e-03
-4.245796633e+01,2.714627934e+01,8.729409886e+00,1.065392842e+01,1.430367191e+01,4.754333269e+00,5.947114666e-01,7.722165774e-01,2.230748035e-01,-5.831232177e-01,6.055314054e-01,-5.416045033e-01,-5.532535413e-01,1.919322158e-01,8.104887910e-01,-3.011420301e-02,2.638825549e-01,-2.922087922e-01,1.438919390e-06,1.593872733e-06,-1.428883183e-01,6.412472638e-03,1.549869241e+01,2.120188279e-07,3.204547472e-07,-2.995149036e-03,5.861936774e-03
-4.219749994e+01,2.749259081e+01,8.844612444e+00,1.079402279e+01,1.420372491e+01,4.729080055e+00,6.023686734e-01,7.666626214e-01,2.217191804e-01,-5.784861093e-01,6.108503756e-01,-5.406015422e-01,-5.498393172e-01,1.972994071e-01,8.115300956e-01,-2.849136467e-02,2.633721809e-01,-2.917306389e-01,1.444069883e-06,1.601657418e-06,-1.429610784e-01,6.554874449e-03,1.552298503e+01,2.120188279e-07,3.204547472e-07,-2.995149036e-03,5.861936774e-03
-4.193368651e+01,2.783649718e+01,8.959208829e+00,1.093274477e+01,1.410245589e+01,4.703545357e+00,6.099588602e-01,7.610476401e-01,2.203527469e-01,-5.738257819e-01,6.161247845e-01,-5.395798109e-01,-5.463589123e-01,2.026034593e-01,8.125820237e-01,-2.686887368e-02,2.628378908e-01,-2.912491243e-01,1.449220376e-06,1.609442103e-06,-1.430338384e-01,6.697276259e-03,1.554727765e+01,2.120188279e-07,3.204547472e-07,-2.995149036e-03,5.861936774e-03
-4.166655710e+01,2.817796410e+01,9.073191582e+00,1.107007045e+01,1.399988834e+01,4.677735641e+00,6.174811406e-01,7.553726514e-01,2.189758215e-01,-5.691427249e-01,6.213547238e-01,-5.385393196e-01,-5.428135194e-01,2.078430462e-01,8.136443132e-01,-2.524702017e-02,2.622804131e-01,-2.907639701e-01,1.454370869e-06,1.617226789e-06,-1.431065984e-01,6.839678069e-03,1.557157027e+01,2.120188279e-07,3.204547472e-07,-2.995149036e-03,5.861936774e-03
-4.139614274e+01,2.851695717e+01,9.186553241e+00,1.120597597e+01,1.389604577e+01,4.651657374e+00,6.249346280e-01,7.496386735e-01,2.175887224e-01,-5.644374272e-01,6.265402849e-01,-5.374800787e-01,-5.392043311e-01,2.130168413e-01,8.147167017e-01,-2.362609429e-02,2.617004766e-01,-2.902748976e-01,1.459521361e-06,1.625011474e-06,-1.431793584e-01,6.982079880e-03,1.559586290e+01,2.120188279e-07,3.204547472e-07,-2.995149036e-03,5.861936774e-03
-4.112247448e+01,2.885344202e+01,9.299286348e+00,1.134043745e+01,1.379095170e+01,4.625317022e+00,6.323184360e-01,7.438467246e-01,2.161917680e-01,-5.597103782e-01,6.316815594e-01,-5.364020984e-01,-5.355325402e-01,2.181235185e-01,8.157989270e-01,-2.200638618e-02,2.610988101e-01,-2.897816283e-01,1.464671854e-06,1.632796159e-06,-1.432521184e-01,7.124481690e-03,1.562015552e+01,2.120188279e-07,3.204547472e-07,-2.995149036e-03,5.861936774e-03
-4.084558335e+01,2.918738428e+01,9.411383442e+00,1.147343101e+01,1.368462963e+01,4.598721052e+00,6.396316780e-01,7.379978227e-01,2.147852765e-01,-5.549620670e-01,6.367786386e-01,-5.353053889e-01,-5.317993393e-01,2.231617512e-01,8.168907269e-01,-2.038818597e-02,2.604761423e-01,-2.892838837e-01,1.469822347e-06,1.640580844e-06,-1.433248785e-01,7.266883500e-03,1.564444814e+01,2.120188279e-07,3.204547472e-07,-2.995149036e-03,5.861936774e-03
-4.056550041e+01,2.951874956e+01,9.522837062e+00,1.160493277e+01,1.357710307e+01,4.571875930e+00,6.468734677e-01,7.320929860e-01,2.133695664e-01,-5.501929828e-01,6.418316142e-01,-5.341899607e-01,-5.280059213e-01,2.281302131e-01,8.179918391e-01,-1.877178382e-02,2.598332019e-01,-2.887813853e-01,1.474972839e-06,1.648365529e-06,-1.433976385e-01,7.409285311e-03,1.566874076e+01,2.120188279e-07,3.204547472e-07,-2.995149036e-03,5.861936774e-03
-4.028225668e+01,2.984750350e+01,9.633639750e+00,1.173491886e+01,1.346839553e+01,4.544788123e+00,6.540429184e-01,7.261332325e-01,2.119449558e-01,-5.454036147e-01,6.468405777e-01,-5.330558239e-01,-5.241534787e-01,2.330275779e-01,8.191020014e-01,-1.715746985e-02,2.591707176e-01,-2.882738545e-01,1.480123332e-06,1.656150215e-06,-1.434703985e-01,7.551687121e-03,1.569303338e+01,2.120188279e-07,3.204547472e-07,-2.995149036e-03,5.861936774e-03
-3.999588322e+01,3.017361171e+01,9.743784044e+00,1.186336539e+01,1.335853051e+01,4.517464097e+00,6.611391438e-01,7.201195805e-01,2.105117631e-01,-5.405944519e-01,6.518056205e-01,-5.319029888e-01,-5.202432044e-01,2.378525193e-01,8.202209514e-01,-1.554553422e-02,2.584894182e-01,-2.877610128e-01,1.485273825e-06,1.663934900e-06,-1.435431585e-01,7.694088931e-03,1.571732600e+01,2.120188279e-07,3.204547472e-07,-2.995149036e-03,5.861936774e-03
-3.970641107e+01,3.049703981e+01,9.853262485e+00,1.199024849e+01,1.324753152e+01,4.489910318e+00,6.681612572e-01,7.140530479e-01,2.090703067e-01,-5.357659835e-01,6.567268342e-01,-5.307314657e-01,-5.162762911e-01,2.426037109e-01,8.213484271e-01,-1.393626705e-02,2.577900324e-01,-2.872425816e-01,1.490424317e-06,1.671719585e-06,-1.436159185e-01,7.836490742e-03,1.574161862e+01,2.120188279e-07,3.204547472e-07,-2.995149036e-03,5.861936774e-03
-3.941387127e+01,3.081775344e+01,9.962067613e+00,1.211554427e+01,1.313542207e+01,4.462133254e+00,6.751083724e-01,7.079346529e-01,2.076209047e-01,-5.309186988e-01,6.616043102e-01,-5.295412649e-01,-5.122539313e-01,2.472798263e-01,8.224841661e-01,-1.232995850e-02,2.570732890e-01,-2.867182825e-01,1.495574810e-06,1.679504270e-06,-1.436886786e-01,7.978892552e-03,1.576591124e+01,2.120188279e-07,3.204547472e-07,-2.995149036e-03,5.861936774e-03
-3.911829486e+01,3.113571821e+01,1.007019197e+01,1.223922887e+01,1.302222566e+01,4.434139371e+00,6.819796026e-01,7.017654137e-01,2.061638757e-01,-5.260530869e-01,6.664381402e-01,-5.283323967e-01,-5.081773180e-01,2.518795392e-01,8.236279061e-01,-1.072689869e-02,2.563399166e-01,-2.861878369e-01,1.500725303e-06,1.687288955e-06,-1.437614386e-01,8.121294362e-03,1.579020387e+01,2.120188279e-07,3.204547472e-07,-2.995149036e-03,5.861936774e-03
-3.881971289e+01,3.145089974e+01,1.017762809e+01,1.236127840e+01,1.290796581e+01,4.405935134e+00,6.887740616e-01,6.955463483e-01,2.046995378e-01,-5.211696370e-01,6.712284155e-01,-5.271048713e-01,-5.040476437e-01,2.564015233e-01,8.247793850e-01,-9.127377778e-03,2.555906440e-01,-2.856509663e-01,1.505875795e-06,1.695073641e-06,-1.438341986e-01,8.263696172e-03,1.581449649e+01,2.120188279e-07,3.204547472e-07,-2.995149036e-03,5.861936774e-03
-3.851815639e+01,3.176326367e+01,1.028436852e+01,1.248166899e+01,1.279266602e+01,4.377527012e+00,6.954908627e-01,6.892784749e-01,2.032282094e-01,-5.162688382e-01,6.759752277e-01,-5.258586990e-01,-4.998661012e-01,2.608444521e-01,8.259383404e-01,-7.531685896e-03,2.548262000e-01,-2.851073921e-01,1.511026288e-06,1.702858326e-06,-1.439069586e-01,8.406097983e-03,1.583878911e+01,2.120188279e-07,3.204547472e-07,-2.995149036e-03,5.861936774e-03
-3.821365641e+01,3.207277560e+01,1.039040579e+01,1.260037676e+01,1.267634980e+01,4.348921469e+00,7.021291195e-01,6.829628115e-01,2.017502088e-01,-5.113511798e-01,6.806786684e-01,-5.245938901e-01,-4.956338832e-01,2.652069994e-01,8.271045102e-01,-5.940113184e-03,2.540473132e-01,-2.845568358e-01,1.516176781e-06,1.710643011e-06,-1.439797186e-01,8.548499793e-03,1.586308173e+01,2.120188279e-07,3.204547472e-07,-2.995149036e-03,5.861936774e-03
-3.790624400e+01,3.237940117e+01,1.049573245e+01,1.271737782e+01,1.255904066e+01,4.320124973e+00,7.086879455e-01,6.766003764e-01,2.002658543e-01,-5.064171508e-01,6.853388290e-01,-5.233104549e-01,-4.913521824e-01,2.694878387e-01,8.282776320e-01,-4.352949785e-03,2.532547124e-01,-2.839990189e-01,1.521327273e-06,1.718427696e-06,-1.440524787e-01,8.690901603e-03,1.588737435e+01,2.120188279e-07,3.204547472e-07,-2.995149036e-03,5.861936774e-03
-3.759595018e+01,3.268310600e+01,1.060034104e+01,1.283264830e+01,1.244076210e+01,4.291143990e+00,7.151664542e-01,6.701921875e-01,1.987754643e-01,-5.014672405e-01,6.899558010e-01,-5.220084036e-01,-4.870221915e-01,2.736856438e-01,8.294574437e-01,-2.770485838e-03,2.524491263e-01,-2.834336628e-01,1.526477766e-06,1.726212381e-06,-1.441252387e-01,8.833303414e-03,1.591166697e+01,2.120188279e-07,3.204547472e-07,-2.995149036e-03,5.861936774e-03
-3.728278178e+01,3.298488309e+01,1.070470126e+01,1.294679116e+01,1.232169509e+01,4.262688699e+00,7.216160040e-01,6.637108230e-01,1.972856057e-01,-4.964765869e-01,6.945517286e-01,-5.206697430e-01,-4.826349822e-01,2.778415305e-01,8.306635311e-01,-1.412748170e-03,2.524642114e-01,-2.828379687e-01,1.510376490e-06,2.314651468e-04,-1.444355102e-01,8.933252760e-03,1.593595959e+01,-8.815112791e-07,1.182135587e-02,-1.521652768e-02,3.677504737e-03
-3.696685479e+01,3.328380437e+01,1.080839109e+01,1.305934691e+01,1.220172592e+01,4.233965823e+00,7.280005020e-01,6.571798630e-01,1.957678821e-01,-4.914663696e-01,6.991029230e-01,-5.193175899e-01,-4.781885120e-01,2.819395184e-01,8.318781985e-01,-1.262722208e-04,2.526522188e-01,-2.822202034e-01,1.488962272e-06,5.186368686e-04,-1.448051595e-01,9.022588990e-03,1.596025222e+01,-8.815112791e-07,1.182135587e-02,-1.521652768e-02,3.677504737e-03
-3.664822351e+01,3.357959297e+01,1.091128172e+01,1.317016212e+01,1.208083891e+01,4.204780861e+00,7.343073044e-01,6.506076186e-01,1.942188603e-01,-4.864433311e-01,7.036032884e-01,-5.179575862e-01,-4.736856865e-01,2.859706754e-01,8.330959387e-01,1.142959740e-03,2.528024752e-01,-2.815857697e-01,1.467548054e-06,8.058085905e-04,-1.451748089e-01,9.111925220e-03,1.598454484e+01,-8.815112791e-07,1.182135587e-02,-1.521652768e-02,3.677504737e-03
-3.632692946e+01,3.387224453e+01,1.101337022e+01,1.327923790e+01,1.195906003e+01,4.175145828e+00,7.405364481e-01,6.439951575e-01,1.926393738e-01,-4.814076703e-01,7.080530562e-01,-5.165898099e-01,-4.691281117e-01,2.899348499e-01,8.343164901e-01,2.395301751e-03,2.529151443e-01,-2.809354377e-01,1.446133836e-06,1.092980312e-03,-1.455444582e-01,9.201261450e-03,1.600883746e+01,-8.815112791e-07,1.182135587e-02,-1.521652768e-02,3.677504737e-03
-3.600301415e+01,3.416175469e+01,1.111465366e+01,1.338657535e+01,1.183641525e+01,4.145072738e+00,7.466879702e-01,6.373435473e-01,1.910302558e-01,-4.763595860e-01,7.124524578e-01,-5.152143394e-01,-4.645173934e-01,2.938318905e-01,8.355395907e-01,3.631107853e-03,2.529903895e-01,-2.802699770e-01,1.424719618e-06,1.380152034e-03,-1.459141076e-01,9.290597680e-03,1.603313008e+01,-8.815112791e-07,1.182135587e-02,-1.521652768e-02,3.677504737e-03
-3.567651910e+01,3.444811910e+01,1.121512912e+01,1.349217559e+01,1.171293054e+01,4.114573605e+00,7.527619076e-01,6.306538557e-01,1.893923397e-01,-4.712992772e-01,7.168017244e-01,-5.138312528e-01,-4.598551377e-01,2.976616454e-01,8.367649789e-01,4.850732084e-03,2.530283743e-01,-2.795901578e-01,1.403305400e-06,1.667323756e-03,-1.462837569e-01,9.379933910e-03,1.605742270e+01,-8.815112791e-07,1.182135587e-02,-1.521652768e-02,3.677504737e-03
-3.534748582e+01,3.473133341e+01,1.131479367e+01,1.359603973e+01,1.158863188e+01,4.083660443e+00,7.587582974e-01,6.239271502e-01,1.877264589e-01,-4.662269427e-01,7.211010874e-01,-5.124406284e-01,-4.551429504e-01,3.014239632e-01,8.379923927e-01,6.054528484e-03,2.530292623e-01,-2.788967498e-01,1.381891182e-06,1.954495478e-03,-1.466534062e-01,9.469270140e-03,1.608171532e+01,-8.815112791e-07,1.182135587e-02,-1.521652768e-02,3.677504737e-03
-3.501595584e+01,3.501139327e+01,1.141364440e+01,1.369816887e+01,1.146354522e+01,4.052345266e+00,7.646771765e-01,6.171644986e-01,1.860334466e-01,-4.611427813e-01,7.253507782e-01,-5.110425443e-01,-4.503824374e-01,3.051186921e-01,8.392215703e-01,7.242851091e-03,2.529932170e-01,-2.781905229e-01,1.360476964e-06,2.241667200e-03,-1.470230556e-01,9.558606370e-03,1.610600794e+01,-8.815112791e-07,1.182135587e-02,-1.521652768e-02,3.677504737e-03
-3.468197067e+01,3.528829431e+01,1.151167837e+01,1.379856412e+01,1.133769655e+01,4.020640089e+00,7.705185819e-01,6.103669684e-01,1.843141362e-01,-4.560469920e-01,7.295510281e-01,-5.096370788e-01,-4.455752048e-01,3.087456806e-01,8.404522500e-01,8.416053946e-03,2.529204020e-01,-2.774722470e-01,1.339062747e-06,2.528838922e-03,-1.473927049e-01,9.647942600e-03,1.613030056e+01,-8.815112791e-07,1.182135587e-02,-1.521652768e-02,3.677504737e-03
-3.434557182e+01,3.556203219e+01,1.160889266e+01,1.389722659e+01,1.121111182e+01,3.988556925e+00,7.762825507e-01,6.035356272e-01,1.825693611e-01,-4.509397736e-01,7.337020685e-01,-5.082243100e-01,-4.407228583e-01,3.123047770e-01,8.416841698e-01,9.574491087e-03,2.528109806e-01,-2.767426921e-01,1.317648529e-06,2.816010643e-03,-1.477623543e-01,9.737278830e-03,1.615459319e+01,-8.815112791e-07,1.182135587e-02,-1.521652768e-02,3.677504737e-03
-3.400680081e+01,3.583260255e+01,1.170528434e+01,1.399415739e+01,1.108381703e+01,3.956107790e+00,7.819691198e-01,5.966715428e-01,1.807999545e-01,-4.458213250e-01,7.378041307e-01,-5.068043163e-01,-4.358270040e-01,3.157958298e-01,8.429170680e-01,1.071851655e-02,2.526651165e-01,-2.760026281e-01,1.296234311e-06,3.103182365e-03,-1.481320036e-01,9.826615060e-03,1.617888581e+01,-8.815112791e-07,1.182135587e-02,-1.521652768e-02,3.677504737e-03
-3.366569916e+01,3.610000104e+01,1.180085050e+01,1.408935763e+01,1.095583812e+01,3.923304696e+00,7.875783262e-01,5.897757826e-01,1.790067499e-01,-4.406918451e-01,7.418574460e-01,-5.053771758e-01,-4.308892478e-01,3.192186874e-01,8.441506828e-01,1.184848439e-02,2.524829733e-01,-2.752528247e-01,1.274820093e-06,3.390354087e-03,-1.485016530e-01,9.915951290e-03,1.620317843e+01,-8.815112791e-07,1.182135587e-02,-1.521652768e-02,3.677504737e-03
-3.332230838e+01,3.636422330e+01,1.189558820e+01,1.418282841e+01,1.082720109e+01,3.890159659e+00,7.931102070e-01,5.828494144e-01,1.771905804e-01,-4.355515328e-01,7.458622458e-01,-5.039429667e-01,-4.259111956e-01,3.225731982e-01,8.453847524e-01,1.296474862e-02,2.522647143e-01,-2.744940519e-01,1.253405875e-06,3.677525809e-03,-1.488713023e-01,1.000528752e-02,1.622747105e+01,-8.815112791e-07,1.182135587e-02,-1.521652768e-02,3.677504737e-03
-3.297666999e+01,3.662526498e+01,1.198949452e+01,1.427457085e+01,1.069793188e+01,3.856684692e+00,7.985647991e-01,5.758935058e-01,1.753522796e-01,-4.304005869e-01,7.498187614e-01,-5.025017672e-01,-4.208944532e-01,3.258592105e-01,8.466190148e-01,1.406766330e-02,2.520105031e-01,-2.737270797e-01,1.231991657e-06,3.964697531e-03,-1.492409517e-01,1.009462375e-02,1.625176367e+01,-8.815112791e-07,1.182135587e-02,-1.521652768e-02,3.677504737e-03
-3.262882551e+01,3.688312172e+01,1.208256654e+01,1.436458605e+01,1.056805648e+01,3.822891810e+00,8.039421394e-01,5.689091244e-01,1.734926807e-01,-4.252392063e-01,7.537272242e-01,-5.010536555e-01,-4.158406268e-01,3.290765728e-01,8.478532084e-01,1.515758246e-02,2.517205033e-01,-2.729526779e-01,1.210577439e-06,4.251869253e-03,-1.496106010e-01,1.018395998e-02,1.627605629e+01,-8.815112791e-07,1.182135587e-02,-1.521652768e-02,3.677504737e-03
-3.227881646e+01,3.713778917e+01,1.217480132e+01,1.445287512e+01,1.043760086e+01,3.788793027e+00,8.092422651e-01,5.618973378e-01,1.716126170e-01,-4.200675900e-01,7.575878655e-01,-4.995987100e-01,-4.107513221e-01,3.322251334e-01,8.490870713e-01,1.623486015e-02,2.513948784e-01,-2.721716164e-01,1.189163221e-06,4.539040975e-03,-1.499802503e-01,1.027329621e-02,1.630034891e+01,-8.815112791e-07,1.182135587e-02,-1.521652768e-02,3.677504737e-03
-3.192668434e+01,3.738926298e+01,1.226619596e+01,1.453943917e+01,1.030659099e+01,3.754400356e+00,8.144652131e-01,5.548592137e-01,1.697129219e-01,-4.148859367e-01,7.614009166e-01,-4.981370087e-01,-4.056281450e-01,3.353047408e-01,8.503203416e-01,1.729985039e-02,2.510337919e-01,-2.713846650e-01,1.167749003e-06,4.826212696e-03,-1.503498997e-01,1.036263244e-02,1.632464154e+01,-8.815112791e-07,1.182135587e-02,-1.521652768e-02,3.677504737e-03
-3.157247068e+01,3.763753879e+01,1.235674751e+01,1.462427931e+01,1.017505283e+01,3.719725813e+00,8.196110204e-01,5.477958197e-01,1.677944287e-01,-4.096944453e-01,7.651666090e-01,-4.966686298e-01,-4.004727017e-01,3.383152434e-01,8.515527575e-01,1.835290724e-02,2.506374072e-01,-2.705925938e-01,1.146334785e-06,5.113384418e-03,-1.507195490e-01,1.045196867e-02,1.634893416e+01,-8.815112791e-07,1.182135587e-02,-1.521652768e-02,3.677504737e-03
-3.121621699e+01,3.788261225e+01,1.244645306e+01,1.470739665e+01,1.004301236e+01,3.684781412e+00,8.246797240e-01,5.407082234e-01,1.658579707e-01,-4.044933148e-01,7.688851739e-01,-4.951936517e-01,-3.952865978e-01,3.412564895e-01,8.527840573e-01,1.939438472e-02,2.502058881e-01,-2.697961725e-01,1.124920567e-06,5.400556140e-03,-1.510891984e-01,1.054130490e-02,1.637322678e+01,-8.815112791e-07,1.182135587e-02,-1.521652768e-02,3.677504737e-03
-3.085796479e+01,3.812447900e+01,1.253530968e+01,1.478879229e+01,9.910495553e+00,3.649579165e+00,8.296713609e-01,5.335974925e-01,1.639043814e-01,-3.992827440e-01,7.725568427e-01,-4.937121525e-01,-3.900714394e-01,3.441283275e-01,8.540139791e-01,2.042463688e-02,2.497393979e-01,-2.689961712e-01,1.103506349e-06,5.687727862e-03,-1.514588477e-01,1.063064113e-02,1.639751940e+01,-8.815112791e-07,1.182135587e-02,-1.521652768e-02,3.677504737e-03
-3.049775559e+01,3.836313469e+01,1.262331445e+01,1.486846735e+01,9.777528371e+00,3.614131089e+00,8.345859680e-01,5.264646945e-01,1.619344940e-01,-3.940629318e-01,7.761818468e-01,-4.922242104e-01,-3.848288325e-01,3.469306059e-01,8.552422611e-01,2.144401777e-02,2.492381001e-01,-2.681933596e-01,1.082092131e-06,5.974899584e-03,-1.518284971e-01,1.071997736e-02,1.642181202e+01,-8.815112791e-07,1.182135587e-02,-1.521652768e-02,3.677504737e-03
-3.013563092e+01,3.859857497e+01,1.271046443e+01,1.494642293e+01,9.644136790e+00,3.578449197e+00,8.394235825e-01,5.193108971e-01,1.599491418e-01,-3.888340770e-01,7.797604174e-01,-4.907299036e-01,-3.795603828e-01,3.496631731e-01,8.564686414e-01,2.245288140e-02,2.487021584e-01,-2.673885076e-01,1.060677913e-06,6.262071306e-03,-1.521981464e-01,1.080931359e-02,1.644610464e+01,-8.815112791e-07,1.182135587e-02,-1.521652768e-02,3.677504737e-03
-2.977163229e+01,3.883079547e+01,1.279675672e+01,1.502266014e+01,9.510346779e+00,3.542545502e+00,8.441842412e-01,5.121371680e-01,1.579491582e-01,-3.835963786e-01,7.832927859e-01,-4.892293103e-01,-3.742676965e-01,3.523258774e-01,8.576928583e-01,2.345158184e-02,2.481317362e-01,-2.665823853e-01,1.039263695e-06,6.549243027e-03,-1.525677958e-01,1.089864982e-02,1.647039726e+01,-8.815112791e-07,1.182135587e-02,-1.521652768e-02,3.677504737e-03
-2.940580120e+01,3.905979186e+01,1.288218838e+01,1.509718010e+01,9.376184309e+00,3.506432021e+00,8.488679812e-01,5.049445747e-01,1.559353765e-01,-3.783500354e-01,7.867791838e-01,-4.877225089e-01,-3.689523792e-01,3.549185672e-01,8.589146499e-01,2.444047311e-02,2.475269971e-01,-2.657757623e-01,1.017849477e-06,6.836414749e-03,-1.529374451e-01,1.098798605e-02,1.649468988e+01,-8.815112791e-07,1.182135587e-02,-1.521652768e-02,3.677504737e-03
-2.903817919e+01,3.928555976e+01,1.296675648e+01,1.516998390e+01,9.241675350e+00,3.470120765e+00,8.534748395e-01,4.977341849e-01,1.539086301e-01,-3.730952463e-01,7.902198422e-01,-4.862095774e-01,-3.636160371e-01,3.574410910e-01,8.601337545e-01,2.541990926e-02,2.468881045e-01,-2.649694088e-01,9.964352589e-07,7.123586471e-03,-1.533070944e-01,1.107732228e-02,1.651898251e+01,-8.815112791e-07,1.182135587e-02,-1.521652768e-02,3.677504737e-03
-2.866880777e+01,3.950809484e+01,1.305045810e+01,1.524107265e+01,9.106845874e+00,3.433623750e+00,8.580048531e-01,4.905070662e-01,1.518697523e-01,-3.678322101e-01,7.936149926e-01,-4.846905940e-01,-3.582602761e-01,3.598932971e-01,8.613499101e-01,2.639024432e-02,2.462152220e-01,-2.641640945e-01,9.750210409e-07,7.410758193e-03,-1.536767438e-01,1.116665851e-02,1.654327513e+01,-8.815112791e-07,1.182135587e-02,-1.521652768e-02,3.677504737e-03
-2.829772845e+01,3.972739272e+01,1.313329032e+01,1.531044747e+01,8.971721850e+00,3.396952990e+00,8.624580589e-01,4.832642863e-01,1.498195765e-01,-3.625611259e-01,7.969648662e-01,-4.831656371e-01,-3.528867019e-01,3.622750339e-01,8.625628550e-01,2.735183233e-02,2.455085132e-01,-2.633605893e-01,9.536068229e-07,7.697929915e-03,-1.540463931e-01,1.125599474e-02,1.656756775e+01,-8.815112791e-07,1.182135587e-02,-1.521652768e-02,3.677504737e-03
-2.792498275e+01,3.994344907e+01,1.321525022e+01,1.537810947e+01,8.836329249e+00,3.360120500e+00,8.668344940e-01,4.760069128e-01,1.477589359e-01,-3.572821923e-01,8.002696946e-01,-4.816347847e-01,-3.474969207e-01,3.645861499e-01,8.637723273e-01,2.830502734e-02,2.447681414e-01,-2.625596632e-01,9.321926050e-07,7.985101637e-03,-1.544160425e-01,1.134533097e-02,1.659186037e+01,-8.815112791e-07,1.182135587e-02,-1.521652768e-02,3.677504737e-03
-2.755061219e+01,4.015625953e+01,1.329633486e+01,1.544405975e+01,8.700694042e+00,3.323138292e+00,8.711341953e-01,4.687360132e-01,1.456886638e-01,-3.519956083e-01,8.035297089e-01,-4.800981152e-01,-3.420925383e-01,3.668264934e-01,8.649780653e-01,2.925018338e-02,2.439942704e-01,-2.617620860e-01,9.107783870e-07,8.272273359e-03,-1.547856918e-01,1.143466720e-02,1.661615299e+01,-8.815112791e-07,1.182135587e-02,-1.521652768e-02,3.677504737e-03
-2.717465828e+01,4.036581973e+01,1.337654132e+01,1.550829942e+01,8.564842199e+00,3.286018382e+00,8.753571999e-01,4.614526553e-01,1.436095938e-01,-3.467015729e-01,8.067451405e-01,-4.785557067e-01,-3.366751606e-01,3.689959128e-01,8.661798071e-01,3.018765449e-02,2.431870635e-01,-2.609686276e-01,8.893641690e-07,8.559445080e-03,-1.551553412e-01,1.152400343e-02,1.664044561e+01,-8.815112791e-07,1.182135587e-02,-1.521652768e-02,3.677504737e-03
-2.679716253e+01,4.057212534e+01,1.345586668e+01,1.557082959e+01,8.428799692e+00,3.248772784e+00,8.795035447e-01,4.541579067e-01,1.415225590e-01,-3.414002848e-01,8.099162208e-01,-4.770076375e-01,-3.312463935e-01,3.710942566e-01,8.673772908e-01,3.111779471e-02,2.423466843e-01,-2.601800580e-01,8.679499510e-07,8.846616802e-03,-1.555249905e-01,1.161333966e-02,1.666473823e+01,-8.815112791e-07,1.182135587e-02,-1.521652768e-02,3.677504737e-03
-2.641816648e+01,4.077517198e+01,1.353430801e+01,1.563165137e+01,8.292592489e+00,3.211413511e+00,8.835732668e-01,4.468528349e-01,1.394283928e-01,-3.360919429e-01,8.130431812e-01,-4.754539857e-01,-3.258078431e-01,3.731213731e-01,8.685702548e-01,3.204095808e-02,2.414732964e-01,-2.593971470e-01,8.465357331e-07,9.133788524e-03,-1.558946399e-01,1.170267589e-02,1.668903086e+01,-8.815112791e-07,1.182135587e-02,-1.521652768e-02,3.677504737e-03
-2.603771162e+01,4.097495532e+01,1.361186239e+01,1.569076586e+01,8.156246563e+00,3.173952578e+00,8.875664031e-01,4.395385077e-01,1.373279285e-01,-3.307767462e-01,8.161262529e-01,-4.738948296e-01,-3.203611151e-01,3.750771107e-01,8.697584371e-01,3.295749864e-02,2.405670632e-01,-2.586206644e-01,8.251215151e-07,9.420960246e-03,-1.562642892e-01,1.179201212e-02,1.671332348e+01,-8.815112791e-07,1.182135587e-02,-1.521652768e-02,3.677504737e-03
-2.565583949e+01,4.117147099e+01,1.368852690e+01,1.574817418e+01,8.019787883e+00,3.136402000e+00,8.914829906e-01,4.322159926e-01,1.352219995e-01,-3.254548934e-01,8.191656673e-01,-4.723302473e-01,-3.149078156e-01,3.769613178e-01,8.709415759e-01,3.386777043e-02,2.396281483e-01,-2.578513803e-01,8.037072971e-07,9.708131968e-03,-1.566339386e-01,1.188134835e-02,1.673761610e+01,-8.815112791e-07,1.182135587e-02,-1.521652768e-02,3.677504737e-03
-2.527259158e+01,4.136471465e+01,1.376429860e+01,1.580387744e+01,7.883242421e+00,3.098773790e+00,8.953230664e-01,4.248863573e-01,1.331114391e-01,-3.201265835e-01,8.221616558e-01,-4.707603172e-01,-3.094495505e-01,3.787738428e-01,8.721194095e-01,3.477212749e-02,2.386567152e-01,-2.570900645e-01,7.822930791e-07,9.995303690e-03,-1.570035879e-01,1.197068458e-02,1.676190872e+01,-8.815112791e-07,1.182135587e-02,-1.521652768e-02,3.677504737e-03
-2.488800943e+01,4.155468192e+01,1.383917457e+01,1.585787674e+01,7.746636146e+00,3.061079962e+00,8.990866674e-01,4.175506694e-01,1.309970807e-01,-3.147920154e-01,8.251144496e-01,-4.691851173e-01,-3.039879256e-01,3.805145341e-01,8.732916759e-01,3.567092385e-02,2.376529274e-01,-2.563374869e-01,7.608788612e-07,1.028247541e-02,-1.573732372e-01,1.206002081e-02,1.678620134e+01,-8.815112791e-07,1.182135587e-02,-1.521652768e-02,3.677504737e-03
-2.450213455e+01,4.174136848e+01,1.391315189e+01,1.591017318e+01,7.609995030e+00,3.023332531e+00,9.027738306e-01,4.102099965e-01,1.288797576e-01,-3.094513879e-01,8.280242802e-01,-4.676047260e-01,-2.985245470e-01,3.821832402e-01,8.744581134e-01,3.656451356e-02,2.366169484e-01,-2.555944174e-01,7.394646432e-07,1.056964713e-02,-1.577428866e-01,1.214935704e-02,1.681049396e+01,-8.815112791e-07,1.182135587e-02,-1.521652768e-02,3.677504737e-03
-2.411500845e+01,4.192476995e+01,1.398622764e+01,1.596076789e+01,7.473345042e+00,2.985543511e+00,9.063845931e-01,4.028654063e-01,1.267603030e-01,-3.041048999e-01,8.308913789e-01,-4.660192214e-01,-2.930610205e-01,3.837798093e-01,8.756184602e-01,3.745325065e-02,2.355489418e-01,-2.548616258e-01,7.180504252e-07,1.085681886e-02,-1.581125359e-01,1.223869327e-02,1.683478658e+01,-8.815112791e-07,1.182135587e-02,-1.521652768e-02,3.677504737e-03
-2.372667265e+01,4.210488198e+01,1.405839888e+01,1.600966197e+01,7.336712154e+00,2.947724917e+00,9.099189917e-01,3.955179663e-01,1.246395504e-01,-2.987527503e-01,8.337159770e-01,-4.644286818e-01,-2.875989521e-01,3.853040900e-01,8.767724544e-01,3.833748917e-02,2.344490711e-01,-2.541398822e-01,6.966362072e-07,1.114399058e-02,-1.584821853e-01,1.232802950e-02,1.685907920e+01,-8.815112791e-07,1.182135587e-02,-1.521652768e-02,3.677504737e-03
-2.333716867e+01,4.228170023e+01,1.412966270e+01,1.605685652e+01,7.200122336e+00,2.909888761e+00,9.133770636e-01,3.881687443e-01,1.225183331e-01,-2.933951379e-01,8.364983059e-01,-4.628331852e-01,-2.821399476e-01,3.867559306e-01,8.779198343e-01,3.921758315e-02,2.333174998e-01,-2.534299563e-01,6.752219893e-07,1.143116230e-02,-1.588518346e-01,1.241736573e-02,1.688337183e+01,-8.815112791e-07,1.182135587e-02,-1.521652768e-02,3.677504737e-03
-2.294653802e+01,4.245522033e+01,1.420001616e+01,1.610235266e+01,7.063601559e+00,2.872047059e+00,9.167588457e-01,3.808188079e-01,1.203974844e-01,-2.880322617e-01,8.392385969e-01,-4.612328101e-01,-2.766856131e-01,3.881351795e-01,8.790603379e-01,4.009388664e-02,2.321543914e-01,-2.527326181e-01,6.538077713e-07,1.171833402e-02,-1.592214840e-01,1.250670196e-02,1.690766445e+01,-8.815112791e-07,1.182135587e-02,-1.521652768e-02,3.677504737e-03
-2.255482222e+01,4.262543793e+01,1.426945635e+01,1.614615149e+01,6.927175793e+00,2.834211825e+00,9.200643750e-01,3.734692246e-01,1.182778377e-01,-2.826643205e-01,8.419370813e-01,-4.596276345e-01,-2.712375544e-01,3.894416850e-01,8.801937035e-01,4.096675367e-02,2.309599094e-01,-2.520486374e-01,6.323935533e-07,1.200550574e-02,-1.595911333e-01,1.259603819e-02,1.693195707e+01,-8.815112791e-07,1.182135587e-02,-1.521652768e-02,3.677504737e-03
-2.216206279e+01,4.279234868e+01,1.433798034e+01,1.618825412e+01,6.790871008e+00,2.796395072e+00,9.232936885e-01,3.661210621e-01,1.161602262e-01,-2.772915131e-01,8.445939906e-01,-4.580177368e-01,-2.657973775e-01,3.906752957e-01,8.813196693e-01,4.183653828e-02,2.297342175e-01,-2.513787842e-01,6.109793353e-07,1.229267746e-02,-1.599607827e-01,1.268537442e-02,1.695624969e+01,-8.815112791e-07,1.182135587e-02,-1.521652768e-02,3.677504737e-03
-2.176830123e+01,4.295594823e+01,1.440558520e+01,1.622866166e+01,6.654713176e+00,2.758608816e+00,9.264468232e-01,3.587753880e-01,1.140454834e-01,-2.719140386e-01,8.472095560e-01,-4.564031950e-01,-2.603666883e-01,3.918358599e-01,8.824379734e-01,4.270359451e-02,2.284774790e-01,-2.507238284e-01,5.895651174e-07,1.257984919e-02,-1.603304320e-01,1.277471065e-02,1.698054231e+01,-8.815112791e-07,1.182135587e-02,-1.521652768e-02,3.677504737e-03
-2.137357908e+01,4.311623221e+01,1.447226801e+01,1.626737523e+01,6.518728267e+00,2.720865070e+00,9.295238160e-01,3.514332700e-01,1.119344426e-01,-2.665320957e-01,8.497840088e-01,-4.547840875e-01,-2.549470928e-01,3.929232259e-01,8.835483540e-01,4.356827640e-02,2.271898576e-01,-2.500845398e-01,5.681508994e-07,1.286702091e-02,-1.607000813e-01,1.286404688e-02,1.700483493e+01,-8.815112791e-07,1.182135587e-02,-1.521652768e-02,3.677504737e-03
-2.097793784e+01,4.327319628e+01,1.453802585e+01,1.630439592e+01,6.382942251e+00,2.683175848e+00,9.325247041e-01,3.440957757e-01,1.098279370e-01,-2.611458833e-01,8.523175806e-01,-4.531604923e-01,-2.495401967e-01,3.939372423e-01,8.846505494e-01,4.443093798e-02,2.258715166e-01,-2.494616884e-01,5.467366814e-07,1.315419263e-02,-1.610697307e-01,1.295338311e-02,1.702912755e+01,-8.815112791e-07,1.182135587e-02,-1.521652768e-02,3.677504737e-03
-2.058141903e+01,4.342683608e+01,1.460285578e+01,1.633972485e+01,6.247381099e+00,2.645553165e+00,9.354495243e-01,3.367639727e-01,1.077268000e-01,-2.557556004e-01,8.548105025e-01,-4.515324878e-01,-2.441476062e-01,3.948777573e-01,8.857442976e-01,4.529193331e-02,2.245226198e-01,-2.488560440e-01,5.253224634e-07,1.344136435e-02,-1.614393800e-01,1.304271934e-02,1.705342018e+01,-8.815112791e-07,1.182135587e-02,-1.521652768e-02,3.677504737e-03
-2.018406417e+01,4.357714725e+01,1.466675489e+01,1.637336312e+01,6.112070782e+00,2.608009035e+00,9.382983138e-01,3.294389287e-01,1.056318651e-01,-2.503614457e-01,8.572630059e-01,-4.499001522e-01,-2.387709270e-01,3.957446194e-01,8.868293369e-01,4.615161642e-02,2.231433305e-01,-2.482683765e-01,5.039082455e-07,1.372853607e-02,-1.618090294e-01,1.313205557e-02,1.707771280e+01,-8.815112791e-07,1.182135587e-02,-1.521652768e-02,3.677504737e-03
-1.978591478e+01,4.372412545e+01,1.472972025e+01,1.640531185e+01,5.977037270e+00,2.570555471e+00,9.410711094e-01,3.221217112e-01,1.035439654e-01,-2.449636181e-01,8.596753222e-01,-4.482635636e-01,-2.334117652e-01,3.965376771e-01,8.879054054e-01,4.701034134e-02,2.217338124e-01,-2.476994559e-01,4.824940275e-07,1.401570780e-02,-1.621786787e-01,1.322139180e-02,1.710200542e+01,-8.815112791e-07,1.182135587e-02,-1.521652768e-02,3.677504737e-03
-1.938701236e+01,4.386776632e+01,1.479174893e+01,1.643557214e+01,5.842306534e+00,2.533204489e+00,9.437679481e-01,3.148133880e-01,1.014639343e-01,-2.395623166e-01,8.620476827e-01,-4.466228004e-01,-2.280717266e-01,3.972567785e-01,8.889722413e-01,4.786846212e-02,2.202942288e-01,-2.471500519e-01,4.610798095e-07,1.430287952e-02,-1.625483281e-01,1.331072803e-02,1.712629804e+01,-8.815112791e-07,1.182135587e-02,-1.521652768e-02,3.677504737e-03
-1.898703560e+01,4.400814911e+01,1.485306948e+01,1.646409138e+01,5.707919472e+00,2.496773862e+00,9.464054508e-01,3.074923525e-01,9.939414463e-02,-2.341443892e-01,8.643908228e-01,-4.449567821e-01,-2.227399767e-01,3.979026638e-01,8.900475029e-01,4.850469638e-02,2.199112258e-01,-2.466480411e-01,4.833728671e-02,6.306042008e-02,-1.632200245e-01,1.334920669e-02,1.715059066e+01,4.974436252e+00,4.999999472e+00,-4.630076695e-02,-1.556344967e-03
-1.858595478e+01,4.414534869e+01,1.491378353e+01,1.649099721e+01,5.573805906e+00,2.461205799e+00,9.489997462e-01,3.001330980e-01,9.729420074e-02,-2.287022261e-01,8.667036293e-01,-4.432691557e-01,-2.173722690e-01,3.985002795e-01,8.911358173e-01,4.878164980e-02,2.211190275e-01,-2.461846775e-01,1.691793829e-01,1.845235139e-01,-1.643447915e-01,1.331139899e-02,1.717488328e+01,4.974436252e+00,4.999999472e+00,-4.630076695e-02,-1.556344967e-03
-1.818438776e+01,4.427926114e+01,1.497353439e+01,1.651645066e+01,5.439907313e+00,2.425100461e+00,9.515293228e-01,2.927637214e-01,9.514495059e-02,-2.232554690e-01,8.689676298e-01,-4.415979257e-01,-2.119715515e-01,3.990589223e-01,8.922083742e-01,4.902114048e-02,2.222841580e-01,-2.457103007e-01,2.900214791e-01,3.059866077e-01,-1.654695585e-01,1.327359129e-02,1.719917590e+01,4.974436252e+00,4.999999472e+00,-4.630076695e-02,-1.556344967e-03
-1.778235710e+01,4.440989437e+01,1.503231685e+01,1.654046987e+01,5.306227540e+00,2.388469070e+00,9.539941979e-01,2.853847259e-01,9.294763135e-02,-2.178041940e-01,8.711829054e-01,-4.399433272e-01,-2.065390136e-01,3.995787161e-01,8.932650069e-01,4.922421107e-02,2.234068033e-01,-2.452258257e-01,4.108635753e-01,4.274497016e-01,-1.665943255e-01,1.323578359e-02,1.722346852e+01,4.974436252e+00,4.999999472e+00,-4.630076695e-02,-1.556344967e-03
-1.737988539e+01,4.453725632e+01,1.509012573e+01,1.656307298e+01,5.172770436e+00,2.351322847e+00,9.563943890e-01,2.779966149e-01,9.070348021e-02,-2.123484777e-01,8.733495371e-01,-4.383055952e-01,-2.010758444e-01,4.000597848e-01,8.943055488e-01,4.939190424e-02,2.244871500e-01,-2.447321676e-01,5.317056715e-01,5.489127954e-01,-1.677190925e-01,1.319797589e-02,1.724776115e+01,4.974436252e+00,4.999999472e+00,-4.630076695e-02,-1.556344967e-03
-1.697699520e+01,4.466135488e+01,1.514695583e+01,1.658427813e+01,5.039539849e+00,2.313673012e+00,9.587299135e-01,2.705998917e-01,8.841373436e-02,-2.068883964e-01,8.754676057e-01,-4.366849646e-01,-1.955832331e-01,4.005022525e-01,8.953298331e-01,4.952526264e-02,2.255253843e-01,-2.442302415e-01,6.525477677e-01,6.703758892e-01,-1.688438595e-01,1.316016820e-02,1.727205377e+01,4.974436252e+00,4.999999472e+00,-4.630076695e-02,-1.556344967e-03
-1.657370908e+01,4.478219800e+01,1.520280197e+01,1.660410347e+01,4.906539628e+00,2.275530788e+00,9.610007889e-01,2.631950594e-01,8.607963097e-02,-2.014240263e-01,8.775371924e-01,-4.350816703e-01,-1.900623691e-01,4.009062429e-01,8.963376931e-01,4.962532894e-02,2.265216926e-01,-2.437209624e-01,7.733898639e-01,7.918389830e-01,-1.699686265e-01,1.312236050e-02,1.729634639e+01,4.974436252e+00,4.999999472e+00,-4.630076695e-02,-1.556344967e-03
-1.617004963e+01,4.489979358e+01,1.525765896e+01,1.662256714e+01,4.773773621e+00,2.236907394e+00,9.632070325e-01,2.557826216e-01,8.370240724e-02,-1.959554440e-01,8.795583780e-01,-4.334959474e-01,-1.845144415e-01,4.012718801e-01,8.973289622e-01,4.969314581e-02,2.274762612e-01,-2.432052455e-01,8.942319602e-01,9.133020769e-01,-1.710933935e-01,1.308455280e-02,1.732063901e+01,4.974436252e+00,4.999999472e+00,-4.630076695e-02,-1.556344967e-03
-1.576603940e+01,4.501414953e+01,1.531152160e+01,1.663968727e+01,4.641245676e+00,2.197814053e+00,9.653486618e-01,2.483630813e-01,8.128330034e-02,-1.904827256e-01,8.815312436e-01,-4.319280309e-01,-1.789406397e-01,4.015992879e-01,8.983034736e-01,4.972975590e-02,2.283892764e-01,-2.426840057e-01,1.015074056e+00,1.034765171e+00,-1.722181605e-01,1.304674510e-02,1.734493163e+01,4.974436252e+00,4.999999472e+00,-4.630076695e-02,-1.556344967e-03
-1.536170098e+01,4.512527379e+01,1.536438470e+01,1.665548202e+01,4.508959643e+00,2.158261985e+00,9.674256942e-01,2.409369419e-01,7.882354747e-02,-1.850059477e-01,8.834558701e-01,-4.303781556e-01,-1.733421528e-01,4.018885903e-01,8.992610606e-01,4.973620188e-02,2.292609246e-01,-2.421581582e-01,1.135916153e+00,1.156228265e+00,-1.733429275e-01,1.300893740e-02,1.736922425e+01,4.974436252e+00,4.999999472e+00,-4.630076695e-02,-1.556344967e-03
-1.495705693e+01,4.523317427e+01,1.541624308e+01,1.666996951e+01,4.376919368e+00,2.118262411e+00,9.694381472e-01,2.335047067e-01,7.632438579e-02,-1.795251865e-01,8.853323385e-01,-4.288465567e-01,-1.677201701e-01,4.021399112e-01,9.002015565e-01,4.971352642e-02,2.300913921e-01,-2.416286180e-01,1.256758249e+00,1.277691358e+00,-1.744676945e-01,1.297112970e-02,1.739351687e+01,4.974436252e+00,4.999999472e+00,-4.630076695e-02,-1.556344967e-03
-1.455212982e+01,4.533785888e+01,1.546709154e+01,1.668316791e+01,4.245128701e+00,2.077826554e+00,9.713860380e-01,2.260668790e-01,7.378705250e-02,-1.740405184e-01,8.871607298e-01,-4.273334690e-01,-1.620758808e-01,4.023533745e-01,9.011247947e-01,4.966277218e-02,2.308808653e-01,-2.410963003e-01,1.377600345e+00,1.399154452e+00,-1.755924615e-01,1.293332200e-02,1.741780950e+01,4.974436252e+00,4.999999472e+00,-4.630076695e-02,-1.556344967e-03
-1.414694224e+01,4.543933555e+01,1.551692490e+01,1.669509533e+01,4.113591490e+00,2.036965633e+00,9.732693843e-01,2.186239620e-01,7.121278478e-02,-1.685520198e-01,8.889411250e-01,-4.258391276e-01,-1.564104742e-01,4.025291040e-01,9.020306085e-01,4.958498181e-02,2.316295305e-01,-2.405621199e-01,1.498442441e+00,1.520617546e+00,-1.767172285e-01,1.289551430e-02,1.744210212e+01,4.974436252e+00,4.999999472e+00,-4.630076695e-02,-1.556344967e-03
-1.374151674e+01,4.553761219e+01,1.556573796e+01,1.670576994e+01,3.982311583e+00,1.995690870e+00,9.750882033e-01,2.111764591e-01,6.860281981e-02,-1.630597670e-01,8.906736050e-01,-4.243637674e-01,-1.507251395e-01,4.026672239e-01,9.029188310e-01,4.948119799e-02,2.323375739e-01,-2.400269921e-01,1.619284537e+00,1.642080640e+00,-1.778419955e-01,1.285770660e-02,1.746639474e+01,4.974436252e+00,4.999999472e+00,-4.630076695e-02,-1.556344967e-03
-1.333587590e+01,4.563269672e+01,1.561352553e+01,1.671520987e+01,3.851292829e+00,1.954013487e+00,9.768425125e-01,2.037248735e-01,6.595839477e-02,-1.575638364e-01,8.923582509e-01,-4.229076234e-01,-1.450210659e-01,4.027678579e-01,9.037892958e-01,4.935246338e-02,2.330051820e-01,-2.394918319e-01,1.740126634e+00,1.763543734e+00,-1.789667625e-01,1.281989890e-02,1.749068736e+01,4.974436252e+00,4.999999472e+00,-4.630076695e-02,-1.556344967e-03
-1.293004230e+01,4.572459707e+01,1.566028243e+01,1.672343325e+01,3.720539076e+00,1.911944704e+00,9.785323293e-01,1.962697085e-01,6.328074686e-02,-1.520643043e-01,8.939951435e-01,-4.214709306e-01,-1.392994428e-01,4.028311299e-01,9.046418359e-01,4.919982063e-02,2.336325412e-01,-2.389575544e-01,1.860968730e+00,1.885006827e+00,-1.800915295e-01,1.278209121e-02,1.751497998e+01,4.974436252e+00,4.999999472e+00,-4.630076695e-02,-1.556344967e-03
-1.252403850e+01,4.581332114e+01,1.570600346e+01,1.673045824e+01,3.590054173e+00,1.869495743e+00,9.801576712e-01,1.888114674e-01,6.057111324e-02,-1.465612471e-01,8.955843639e-01,-4.200539240e-01,-1.335614593e-01,4.028571640e-01,9.054762849e-01,4.902431242e-02,2.342198376e-01,-2.384250746e-01,1.981810826e+00,2.006469921e+00,-1.812162965e-01,1.274428351e-02,1.753927260e+01,4.974436252e+00,4.999999472e+00,-4.630076695e-02,-1.556344967e-03
-1.211788709e+01,4.589887686e+01,1.575068343e+01,1.673630298e+01,3.459841967e+00,1.826677824e+00,9.817185555e-01,1.813506536e-01,5.783073112e-02,-1.410547411e-01,8.971259931e-01,-4.186568384e-01,-1.278083047e-01,4.028460840e-01,9.062924758e-01,4.882698140e-02,2.347672577e-01,-2.378953076e-01,2.102652922e+00,2.127933015e+00,-1.823410635e-01,1.270647581e-02,1.756356522e+01,4.974436252e+00,4.999999472e+00,-4.630076695e-02,-1.556344967e-03
-1.171161062e+01,4.598127214e+01,1.579431715e+01,1.674098560e+01,3.329906308e+00,1.783502169e+00,9.832149997e-01,1.738877702e-01,5.506083766e-02,-1.355448628e-01,8.986201121e-01,-4.172799090e-01,-1.220411682e-01,4.027980138e-01,9.070902422e-01,4.860887025e-02,2.352749878e-01,-2.373691685e-01,2.223495018e+00,2.249396109e+00,-1.834658305e-01,1.266866811e-02,1.758785784e+01,4.974436252e+00,4.999999472e+00,-4.630076695e-02,-1.556344967e-03
-1.130523167e+01,4.606051491e+01,1.583689944e+01,1.674452426e+01,3.200251043e+00,1.739979999e+00,9.846470212e-01,1.664233206e-01,5.226267005e-02,-1.300316884e-01,9.000668017e-01,-4.159233706e-01,-1.162612391e-01,4.027130774e-01,9.078694171e-01,4.837102161e-02,2.357432142e-01,-2.368475723e-01,2.344337115e+00,2.370859203e+00,-1.845905975e-01,1.263086041e-02,1.761215047e+01,4.974436252e+00,4.999999472e+00,-4.630076695e-02,-1.556344967e-03
-1.089877281e+01,4.613661308e+01,1.587842510e+01,1.674693708e+01,3.070880021e+00,1.696122535e+00,9.860146375e-01,1.589578080e-01,4.943746548e-02,-1.245152943e-01,9.014661431e-01,-4.145874584e-01,-1.104697066e-01,4.025913987e-01,9.086298341e-01,4.811447816e-02,2.361721233e-01,-2.363314341e-01,2.465179211e+00,2.492322297e+00,-1.857153644e-01,1.259305271e-02,1.763644309e+01,4.974436252e+00,4.999999472e+00,-4.630076695e-02,-1.556344967e-03
-1.049225663e+01,4.620957457e+01,1.591888894e+01,1.674824222e+01,2.941797091e+00,1.651940999e+00,9.873178658e-01,1.514917358e-01,4.658646113e-02,-1.189957570e-01,9.028182171e-01,-4.132724071e-01,-1.046677599e-01,4.024331016e-01,9.093713263e-01,4.784028256e-02,2.365619014e-01,-2.358216690e-01,2.586021307e+00,2.613785390e+00,-1.868401314e-01,1.255524501e-02,1.766073571e+01,4.974436252e+00,4.999999472e+00,-4.630076695e-02,-1.556344967e-03
-1.008570568e+01,4.627940730e+01,1.595828577e+01,1.674845781e+01,2.813006100e+00,1.607446611e+00,9.885567238e-01,1.440256072e-01,4.371089418e-02,-1.134731526e-01,9.041231048e-01,-4.119784519e-01,-9.885658838e-02,4.022383100e-01,9.100937270e-01,4.754947747e-02,2.369127348e-01,-2.353191921e-01,2.706863403e+00,2.735248484e+00,-1.879648984e-01,1.251743731e-02,1.768502833e+01,4.974436252e+00,4.999999472e+00,-4.630076695e-02,-1.556344967e-03
-9.679142534e+00,4.634611919e+01,1.599661040e+01,1.674760200e+01,2.684510897e+00,1.562650593e+00,9.897312287e-01,1.365599256e-01,4.081200182e-02,-1.079475577e-01,9.053808871e-01,-4.107058276e-01,-9.303738117e-02,4.020071478e-01,9.107968697e-01,4.724310556e-02,2.372248099e-01,-2.348249184e-01,2.827705499e+00,2.856711578e+00,-1.890896654e-01,1.247962961e-02,1.770932095e+01,4.974436252e+00,4.999999472e+00,-4.630076695e-02,-1.556344967e-03
-9.272589775e+00,4.640971815e+01,1.603385764e+01,1.674569293e+01,2.556315331e+00,1.517564166e+00,9.908413981e-01,1.290951941e-01,3.789102123e-02,-1.024190484e-01,9.065916451e-01,-4.094547693e-01,-8.721132753e-02,4.017397390e-01,9.114805875e-01,4.692220948e-02,2.374983129e-01,-2.343397629e-01,2.948547596e+00,2.978174672e+00,-1.902144324e-01,1.244182192e-02,1.773361357e+01,4.974436252e+00,4.999999472e+00,-4.630076695e-02,-1.556344967e-03
-8.866069969e+00,4.647021211e+01,1.607002230e+01,1.674274874e+01,2.428423249e+00,1.472198551e+00,9.918872492e-01,1.216319161e-01,3.494918959e-02,-9.688770135e-02,9.077554596e-01,-4.082255120e-01,-8.137961672e-02,4.014362074e-01,9.121447137e-01,4.658783191e-02,2.377334304e-01,-2.338646408e-01,3.069389692e+00,3.099637766e+00,-1.913391994e-01,1.240401422e-02,1.775790619e+01,4.974436252e+00,4.999999472e+00,-4.630076695e-02,-1.556344967e-03
-8.459605688e+00,4.652760898e+01,1.610509919e+01,1.673878757e+01,2.300838501e+00,1.426564969e+00,9.928687996e-01,1.141705950e-01,3.198774408e-02,-9.135359272e-02,9.088724117e-01,-4.070182905e-01,-7.554343797e-02,4.010966771e-01,9.127890818e-01,4.624101550e-02,2.379303485e-01,-2.334004671e-01,3.190231788e+00,3.221100860e+00,-1.924639664e-01,1.236620652e-02,1.778219882e+01,4.974436252e+00,4.999999472e+00,-4.630076695e-02,-1.556344967e-03
-8.053219506e+00,4.658191668e+01,1.613908312e+01,1.673382756e+01,2.173564934e+00,1.380674641e+00,9.937860667e-01,1.067117338e-01,2.900792190e-02,-8.581679891e-02,9.099425824e-01,-4.058333400e-01,-6.970398052e-02,4.007212719e-01,9.134135249e-01,4.588280292e-02,2.380892536e-01,-2.329481570e-01,3.311073884e+00,3.342563953e+00,-1.935887334e-01,1.232839882e-02,1.780649144e+01,4.974436252e+00,4.999999472e+00,-4.630076695e-02,-1.556344967e-03
-7.646933993e+00,4.663314313e+01,1.617196890e+01,1.672788686e+01,2.046606398e+00,1.334538789e+00,9.946390679e-01,9.925583608e-02,2.601096022e-02,-8.027739628e-02,9.109660526e-01,-4.046708953e-01,-6.386243363e-02,4.003101157e-01,9.140178764e-01,4.551423683e-02,2.382103320e-01,-2.325086253e-01,3.431915980e+00,3.464027047e+00,-1.947135004e-01,1.229059112e-02,1.783078406e+01,4.974436252e+00,4.999999472e+00,-4.630076695e-02,-1.556344967e-03
-7.240771721e+00,4.668129625e+01,1.620375134e+01,1.672098361e+01,1.919966740e+00,1.288168633e+00,9.954278205e-01,9.180340496e-02,2.299809622e-02,-7.473546118e-02,9.119429033e-01,-4.035311915e-01,-5.801998652e-02,3.998633325e-01,9.146019695e-01,4.513635989e-02,2.382937702e-01,-2.320827873e-01,3.552758077e+00,3.585490141e+00,-1.958382674e-01,1.225278342e-02,1.785507668e+01,4.974436252e+00,4.999999472e+00,-4.630076695e-02,-1.556344967e-03
-6.834755264e+00,4.672638395e+01,1.623442525e+01,1.671313595e+01,1.793649808e+00,1.241575395e+00,9.961523421e-01,8.435494378e-02,1.997056710e-02,-6.919106998e-02,9.128732155e-01,-4.024144635e-01,-5.217782845e-02,3.993810462e-01,9.151656377e-01,4.475021477e-02,2.383397543e-01,-2.316715580e-01,3.673600173e+00,3.706953235e+00,-1.969630344e-01,1.221497572e-02,1.787936930e+01,4.974436252e+00,4.999999472e+00,-4.630076695e-02,-1.556344967e-03
-6.428907192e+00,4.676841416e+01,1.626398544e+01,1.670436201e+01,1.667659452e+00,1.194770296e+00,9.968126501e-01,7.691095581e-02,1.692961003e-02,-6.364429903e-02,9.137570702e-01,-4.013209463e-01,-4.633714865e-02,3.988633806e-01,9.157087141e-01,4.435684414e-02,2.383484708e-01,-2.312758525e-01,3.794442269e+00,3.828416329e+00,-1.980878014e-01,1.217716802e-02,1.790366192e+01,4.974436252e+00,4.999999472e+00,-4.630076695e-02,-1.556344967e-03
-6.023250077e+00,4.680739480e+01,1.629242672e+01,1.669467996e+01,1.541999519e+00,1.147764558e+00,9.974087618e-01,6.947194435e-02,1.387646219e-02,-5.809522469e-02,9.145945483e-01,-4.002508749e-01,-4.049913636e-02,3.983104598e-01,9.162310321e-01,4.395729064e-02,2.383201060e-01,-2.308965858e-01,3.915284365e+00,3.949879423e+00,-1.992125684e-01,1.213936032e-02,1.792795454e+01,4.974436252e+00,4.999999472e+00,-4.630076695e-02,-1.556344967e-03
-5.617806493e+00,4.684333377e+01,1.631974389e+01,1.668410791e+01,1.416673858e+00,1.100569400e+00,9.979406947e-01,6.203841267e-02,1.081236078e-02,-5.254392332e-02,9.153857308e-01,-3.992044843e-01,-3.466498084e-02,3.977224076e-01,9.167324250e-01,4.355259695e-02,2.382548462e-01,-2.305346730e-01,4.036126461e+00,4.071342516e+00,-2.003373354e-01,1.210155262e-02,1.795224716e+01,4.974436252e+00,4.999999472e+00,-4.630076695e-02,-1.556344967e-03
-5.212599010e+00,4.687623900e+01,1.634593177e+01,1.667266403e+01,1.291686317e+00,1.053196045e+00,9.984084662e-01,5.461086408e-02,7.738542967e-03,-4.699047126e-02,9.161306987e-01,-3.981820093e-01,-2.883587132e-02,3.970993480e-01,9.172127260e-01,4.314380574e-02,2.381528778e-01,-2.301910292e-01,4.156968558e+00,4.192805610e+00,-2.014621024e-01,1.206374493e-02,1.797653979e+01,4.974436252e+00,4.999999472e+00,-4.630076695e-02,-1.556344967e-03
-4.807650201e+00,4.690611842e+01,1.637098517e+01,1.666036644e+01,1.167040744e+00,1.005655714e+00,9.988120938e-01,4.718980186e-02,4.656245942e-03,-4.143494489e-02,9.168295331e-01,-3.971836851e-01,-2.301299704e-02,3.964414049e-01,9.176717686e-01,4.273195965e-02,2.380143870e-01,-2.298665694e-01,4.277810654e+00,4.314268704e+00,-2.025868694e-01,1.202593723e-02,1.800083241e+01,4.974436252e+00,4.999999472e+00,-4.630076695e-02,-1.556344967e-03
-4.402982637e+00,4.693297992e+01,1.639489890e+01,1.664723330e+01,1.042740989e+00,9.579596274e-01,9.991515948e-01,3.977572928e-02,1.566706887e-03,-3.587742055e-02,9.174823148e-01,-3.962097465e-01,-1.719754724e-02,3.957487021e-01,9.181093860e-01,4.231810136e-02,2.378395603e-01,-2.295622087e-01,4.398652750e+00,4.435731798e+00,-2.037116364e-01,1.198812953e-02,1.802512503e+01,4.974436252e+00,4.999999472e+00,-4.630076695e-02,-1.556344967e-03
-3.998618891e+00,4.695683145e+01,1.641766776e+01,1.663328273e+01,9.187908993e-01,9.101190068e-01,9.994269867e-01,3.236914965e-02,-1.528837014e-03,-3.031797461e-02,9.180891248e-01,-3.952604287e-01,-1.139071117e-02,3.950213637e-01,9.185254114e-01,4.190327353e-02,2.376285840e-01,-2.292788622e-01,4.519494846e+00,4.557194892e+00,-2.048364034e-01,1.195032183e-02,1.804941765e+01,4.974436252e+00,4.999999472e+00,-4.630076695e-02,-1.556344967e-03
-3.594581535e+00,4.697768091e+01,1.643928657e+01,1.661853290e+01,7.951943232e-01,8.621450733e-01,9.996382868e-01,2.497056625e-02,-4.629148578e-03,-2.475668343e-02,9.186500441e-01,-3.943359664e-01,-5.593678076e-03,3.942595135e-01,9.189196783e-01,4.148851883e-02,2.373816443e-01,-2.290174450e-01,4.640336943e+00,4.678657985e+00,-2.059611704e-01,1.191251413e-02,1.807371027e+01,4.974436252e+00,4.999999472e+00,-4.630076695e-02,-1.556344967e-03
-3.190893140e+00,4.699553622e+01,1.645975014e+01,1.660300192e+01,6.719551092e-01,8.140490480e-01,9.997855127e-01,1.758048236e-02,-7.732990621e-03,-1.919362335e-02,9.191651538e-01,-3.934365948e-01,1.923628105e-04,3.934632754e-01,9.192920198e-01,4.107487991e-02,2.370989277e-01,-2.287788720e-01,4.761179039e+00,4.800121079e+00,-2.070859374e-01,1.187470643e-02,1.809800289e+01,4.974436252e+00,4.999999472e+00,-4.630076695e-02,-1.556344967e-03
-2.787576280e+00,4.701040529e+01,1.647905327e+01,1.658670796e+01,5.490771057e-01,7.658421522e-01,9.998686817e-01,1.019940128e-02,-1.083912596e-02,-1.362887073e-02,9.196345347e-01,-3.925625487e-01,5.966222243e-03,3.926327735e-01,9.196422694e-01,4.066339944e-02,2.367806204e-01,-2.285640585e-01,4.882021135e+00,4.921584173e+00,-2.082107044e-01,1.183689873e-02,1.812229551e+01,4.974436252e+00,4.999999472e+00,-4.630076695e-02,-1.556344967e-03
-2.384653524e+00,4.702229606e+01,1.649719078e+01,1.656966915e+01,4.265641610e-01,7.175356069e-01,9.998878113e-01,2.827826289e-03,-1.394631741e-02,-8.062501945e-03,9.200582679e-01,-3.917140632e-01,1.172671098e-02,3.917681315e-01,9.199702602e-01,4.025512008e-02,2.364269089e-01,-2.283739193e-01,5.002863231e+00,5.043047267e+00,-2.093354714e-01,1.179909103e-02,1.814658814e+01,4.974436252e+00,4.999999472e+00,-4.630076695e-02,-1.556344967e-03
-1.982147447e+00,4.703121644e+01,1.651415748e+01,1.655190362e+01,3.044201237e-01,6.691406334e-01,9.998429188e-01,-4.533739326e-03,-1.705332780e-02,-2.494593337e-03,9.204364343e-01,-3.908913733e-01,1.747263978e-02,3.908694735e-01,9.202758257e-01,3.985108450e-02,2.360379793e-01,-2.282093698e-01,5.123705327e+00,5.164510361e+00,-2.104602384e-01,1.176128333e-02,1.817088076e+01,4.974436252e+00,4.999999472e+00,-4.630076695e-02,-1.556344967e-03
-1.580080619e+00,4.703717434e+01,1.652994817e+01,1.653342954e+01,1.826488419e-01,6.206684528e-01,9.997340217e-01,-1.188479228e-02,-2.015891992e-02,3.074778731e-03,9.207691149e-01,-3.900947139e-01,2.320281940e-02,3.899369232e-01,9.205587991e-01,3.945233535e-02,2.356140182e-01,-2.280713248e-01,5.244547424e+00,5.285973455e+00,-2.115850054e-01,1.172347564e-02,1.819517338e+01,4.974436252e+00,4.999999472e+00,-4.630076695e-02,-1.556344967e-03
-1.178475613e+00,4.704017769e+01,1.654455766e+01,1.651426502e+01,6.125416416e-02,5.721302863e-01,9.995611375e-01,-1.922482927e-02,-2.326185662e-02,8.645537905e-03,9.210563908e-01,-3.893243199e-01,2.891606060e-02,3.889706048e-01,9.208190136e-01,3.905991531e-02,2.351552117e-01,-2.279606994e-01,5.365389520e+00,5.407436548e+00,-2.127097724e-01,1.168566794e-02,1.821946600e+01,4.974436252e+00,4.999999472e+00,-4.630076695e-02,-1.556344967e-03
-7.773550012e-01,4.704023439e+01,1.655798077e+01,1.649442823e+01,-5.976006119e-02,5.235373550e-01,9.993242834e-01,-2.655334703e-02,-2.636090069e-02,1.421760782e-02,9.212983428e-01,-3.885804265e-01,3.461117413e-02,3.879706420e-01,9.210563027e-01,3.867486704e-02,2.346617463e-01,-2.278784088e-01,5.486231616e+00,5.528899642e+00,-2.138345394e-01,1.164786024e-02,1.824375862e+01,4.974436252e+00,4.999999472e+00,-4.630076695e-02,-1.556344967e-03
-3.767413547e-01,4.703735238e+01,1.657021231e+01,1.647393729e+01,-1.803899858e-01,4.749008801e-01,9.990234771e-01,-3.386984226e-02,-2.945481495e-02,1.979091213e-02,9.214950519e-01,-3.878632685e-01,4.028697076e-02,3.869371588e-01,9.212704996e-01,3.829823319e-02,2.341338083e-01,-2.278253680e-01,5.607073712e+00,5.650362736e+00,-2.149593064e-01,1.161005254e-02,1.826805124e+01,4.974436252e+00,4.999999472e+00,-4.630076695e-02,-1.556344967e-03
2.334275411e-02,4.703153957e+01,1.658124707e+01,1.645281036e+01,-3.006317612e-01,4.262320828e-01,9.986587358e-01,-4.117381168e-02,-3.254236223e-02,2.536537448e-02,9.216465992e-01,-3.871730809e-01,4.594226123e-02,3.858702791e-01,9.214614376e-01,3.793105643e-02,2.335715840e-01,-2.278024920e-01,5.727915808e+00,5.771825830e+00,-2.160840734e-01,1.157224484e-02,1.829234386e+01,4.974436252e+00,4.999999472e+00,-4.630076695e-02,-1.556344967e-03
4.228747532e-01,4.702280388e+01,1.659107989e+01,1.643106557e+01,-4.204815392e-01,3.775421841e-01,9.982300770e-01,-4.846475199e-02,-3.562230534e-02,3.094091849e-02,9.217530656e-01,-3.865100987e-01,5.157585632e-02,3.847701269e-01,9.216289501e-01,3.757437943e-02,2.329752597e-01,-2.278106960e-01,5.848757905e+00,5.893288924e+00,-2.172088404e-01,1.153443714e-02,1.831663648e+01,4.974436252e+00,4.999999472e+00,-4.630076695e-02,-1.556344967e-03
8.218320705e-01,4.701115322e+01,1.659970555e+01,1.640872106e+01,-5.399354712e-01,3.288424054e-01,9.977375181e-01,-5.574215991e-02,-3.869340709e-02,3.651746783e-02,9.218145321e-01,-3.858745569e-01,5.718656677e-02,3.836368260e-01,9.217728702e-01,3.722924484e-02,2.323450218e-01,-2.278508950e-01,5.969600001e+00,6.014752018e+00,-2.183336074e-01,1.149662944e-02,1.834092911e+01,4.974436252e+00,4.999999472e+00,-4.630076695e-02,-1.556344967e-03
1.220192134e+00,4.699659551e+01,1.660711888e+01,1.638579498e+01,-6.589897090e-01,2.801439677e-01,9.971810766e-01,-6.300553216e-02,-4.175443031e-02,4.209494612e-02,9.218310797e-01,-3.852666904e-01,6.277320335e-02,3.824705004e-01,9.218930314e-01,3.689669534e-02,2.316810567e-01,-2.279240040e-01,6.090442097e+00,6.136215111e+00,-2.194583744e-01,1.145882174e-02,1.836522173e+01,4.974436252e+00,4.999999472e+00,-4.630076695e-02,-1.556344967e-03
