{
    "A_00": [
        [1.0,0.020015549248393334,0.1000000000000003,0.0010954664047537713],
        [0.0,1.2132171527079219,0.0,0.10738085018331643],
        [0.0,0.414880378043111,1.0,0.032212680664676835],
        [0.0,4.327039348034111,0.0,1.21888535427558]
    ],
    "A_01": [
        [1.0,0.006359544704662343,0.1000000000000003,0.0011304155093697684],
        [0.0,1.1340811177272676,0.0,0.10504932871301798],
        [0.0,0.02416306729794917,1.0,0.012763746379086187],
        [0.0,2.2654660669204922,0.0,1.1091368372578567]
    ],
    "A_02": [
        [1.0,-3.587678116253137e-06,0.1000000000000003,-0.0007984469109503621],
        [0.0,1.1224481670623783,0.0,0.10372706380116707],
        [0.0,0.08926434185604276,1.0,-0.01274942280995647],
        [0.0,2.9586763917496786,0.0,1.1415012136106044]
    ],
    "A_03": [
        [1.0,0.017727229123131377,0.1000000000000003,-0.00015546663460377553],
        [0.0,1.2121610613258234,0.0,0.10629159321841536],
        [0.0,0.3774045789170691,1.0,0.00797550569246341],
        [0.0,4.454037562951548,0.0,1.2062769368598836]
    ],
    "A_04": [
        [1.0,0.02005287808517033,0.1000000000000003,0.001218797488266937],
        [0.0,1.2174343733532997,0.0,0.10762613986381078],
        [0.0,0.4174952378175718,1.0,0.03462552714800784],
        [0.0,4.412097414766413,0.0,1.2248979015342056]
    ],
    "A_05": [
        [1.0,0.0034072807411893507,0.1000000000000003,0.0011305336970507285],
        [0.0,1.100289752330321,0.0,0.10432593186159031],
        [0.0,0.030870197658182334,1.0,0.017280814571580577],
        [0.0,1.8555396257671086,0.0,1.1040239224071735]
    ],
    "A_06": [
        [1.0,0.002256842022678612,0.1000000000000003,-9.831512954692786e-05],
        [0.0,1.0956985798031822,0.0,0.10345196061319817],
        [0.0,0.12454735519493791,1.0,0.0027046136052838944],
        [0.0,2.3047668064722378,0.0,1.122067395088216]
    ],
    "A_07": [
        [1.0,0.01221711593772933,0.1000000000000003,0.000461622657442279],
        [0.0,1.1284640781419522,0.0,0.10426907405122957],
        [0.0,0.23931399889443583,1.0,0.014467129949181111],
        [0.0,2.5623755428689052,0.0,1.1266259145389121]
    ],
    "A_08": [
        [1.0,0.0010231509425031706,0.1000000000000003,0.00027742310280140335],
        [0.0,1.048257616753022,0.0,0.10202206273786323],
        [0.0,0.04003493370624165,1.0,0.005790037272224102],
        [0.0,1.0570013647230598,0.0,1.0602259932978204]
    ],
    "A_09": [
        [1.0,0.0049291853666808445,0.1000000000000003,0.00017292465377661073],
        [0.0,1.0682408869084035,0.0,0.10227620911064056],
        [0.0,0.09970397401650136,1.0,0.005091107396962267],
        [0.0,1.3800467312701357,0.0,1.0684382504374652]
    ],
    "B_00": [
        [0.004882140040913824],
        [0.005180171842493099],
        [0.09858283950442377],
        [0.10928699398472191]
    ],
    "B_01": [
        [0.004978202240543539],
        [0.00595808060681739],
        [0.09968112952642312],
        [0.12296046469859691]
    ],
    "B_02": [
        [0.004923794317919847],
        [0.0060705697320567464],
        [0.09779372383111024],
        [0.12103998701895569]
    ],
    "B_03": [
        [0.004838616721998832],
        [0.005124094280789004],
        [0.09695373181932904],
        [0.10453342141223511]
    ],
    "B_04": [
        [0.004872017817848364],
        [0.0050652816377637425],
        [0.09843355358678482],
        [0.10732691556291392]
    ],
    "B_05": [
        [0.004974206080168486],
        [0.005899629367828726],
        [0.09988287503179562],
        [0.12226606036476809]
    ],
    "B_06": [
        [0.00498018445530521],
        [0.006270494418211444],
        [0.09956773395335156],
        [0.1269734079910114]
    ],
    "B_07": [
        [0.004977556133471459],
        [0.006068847169309362],
        [0.09999503028243018],
        [0.12444414929896297]
    ],
    "B_08": [
        [0.004999338882669527],
        [0.006247743623991897],
        [0.10011332616211617],
        [0.1266044929080034]
    ],
    "B_09": [
        [0.005004698693304601],
        [0.006315442718620222],
        [0.1002015141390184],
        [0.12775342451662644]
    ],
    "C_00": [
        [1.0,0.0,0.0,0.0],
        [0.0,0.0,0.0,1.0]
    ],
    "C_01": [
        [1.0,0.0,0.0,0.0],
        [0.0,0.0,0.0,1.0]
    ],
    "C_02": [
        [1.0,0.0,0.0,0.0],
        [0.0,0.0,0.0,1.0]
    ],
    "C_03": [
        [1.0,0.0,0.0,0.0],
        [0.0,0.0,0.0,1.0]
    ],
    "C_04": [
        [1.0,0.0,0.0,0.0],
        [0.0,0.0,0.0,1.0]
    ],
    "C_05": [
        [1.0,0.0,0.0,0.0],
        [0.0,0.0,0.0,1.0]
    ],
    "C_06": [
        [1.0,0.0,0.0,0.0],
        [0.0,0.0,0.0,1.0]
    ],
    "C_07": [
        [1.0,0.0,0.0,0.0],
        [0.0,0.0,0.0,1.0]
    ],
    "C_08": [
        [1.0,0.0,0.0,0.0],
        [0.0,0.0,0.0,1.0]
    ],
    "C_09": [
        [1.0,0.0,0.0,0.0],
        [0.0,0.0,0.0,1.0]
    ],
    "D_00": [
        [0.0],
        [0.0]
    ],
    "D_01": [
        [0.0],
        [0.0]
    ],
    "D_02": [
        [0.0],
        [0.0]
    ],
    "D_03": [
        [0.0],
        [0.0]
    ],
    "D_04": [
        [0.0],
        [0.0]
    ],
    "D_05": [
        [0.0],
        [0.0]
    ],
    "D_06": [
        [0.0],
        [0.0]
    ],
    "D_07": [
        [0.0],
        [0.0]
    ],
    "D_08": [
        [0.0],
        [0.0]
    ],
    "D_09": [
        [0.0],
        [0.0]
    ],
    "Q_00": [
        [200.0,0.0,0.0,0.0],
        [0.0,200.0,0.0,0.0],
        [0.0,0.0,0.002,0.0],
        [0.0,0.0,0.0,0.002]
    ],
    "Q_01": [
        [200.0,0.0,0.0,0.0],
        [0.0,200.0,0.0,0.0],
        [0.0,0.0,0.002,0.0],
        [0.0,0.0,0.0,0.002]
    ],
    "Q_02": [
        [200.0,0.0,0.0,0.0],
        [0.0,200.0,0.0,0.0],
        [0.0,0.0,0.002,0.0],
        [0.0,0.0,0.0,0.002]
    ],
    "Q_03": [
        [200.0,0.0,0.0,0.0],
        [0.0,200.0,0.0,0.0],
        [0.0,0.0,0.002,0.0],
        [0.0,0.0,0.0,0.002]
    ],
    "Q_04": [
        [200.0,0.0,0.0,0.0],
        [0.0,200.0,0.0,0.0],
        [0.0,0.0,0.002,0.0],
        [0.0,0.0,0.0,0.002]
    ],
    "Q_05": [
        [200.0,0.0,0.0,0.0],
        [0.0,200.0,0.0,0.0],
        [0.0,0.0,0.002,0.0],
        [0.0,0.0,0.0,0.002]
    ],
    "Q_06": [
        [200.0,0.0,0.0,0.0],
        [0.0,200.0,0.0,0.0],
        [0.0,0.0,0.002,0.0],
        [0.0,0.0,0.0,0.002]
    ],
    "Q_07": [
        [200.0,0.0,0.0,0.0],
        [0.0,200.0,0.0,0.0],
        [0.0,0.0,0.002,0.0],
        [0.0,0.0,0.0,0.002]
    ],
    "Q_08": [
        [200.0,0.0,0.0,0.0],
        [0.0,200.0,0.0,0.0],
        [0.0,0.0,0.002,0.0],
        [0.0,0.0,0.0,0.002]
    ],
    "Q_09": [
        [200.0,0.0,0.0,0.0],
        [0.0,200.0,0.0,0.0],
        [0.0,0.0,0.002,0.0],
        [0.0,0.0,0.0,0.002]
    ],
    "Q_10": [
        [2000.0,0.0,0.0,0.0],
        [0.0,2000.0,0.0,0.0],
        [0.0,0.0,0.02,0.0],
        [0.0,0.0,0.0,0.02]
    ],
    "R_00": [[0.002]],
    "R_01": [[0.002]],
    "R_02": [[0.002]],
    "R_03": [[0.002]],
    "R_04": [[0.002]],
    "R_05": [[0.002]],
    "R_06": [[0.002]],
    "R_07": [[0.002]],
    "R_08": [[0.002]],
    "R_09": [[0.002]],
    "S_00": [[0.0,0.0,0.0,0.0]],
    "S_01": [[0.0,0.0,0.0,0.0]],
    "S_02": [[0.0,0.0,0.0,0.0]],
    "S_03": [[0.0,0.0,0.0,0.0]],
    "S_04": [[0.0,0.0,0.0,0.0]],
    "S_05": [[0.0,0.0,0.0,0.0]],
    "S_06": [[0.0,0.0,0.0,0.0]],
    "S_07": [[0.0,0.0,0.0,0.0]],
    "S_08": [[0.0,0.0,0.0,0.0]],
    "S_09": [[0.0,0.0,0.0,0.0]],
    "Zl_00": [[0.0]],
    "Zl_01": [[0.0]],
    "Zl_02": [[0.0]],
    "Zl_03": [[0.0]],
    "Zl_04": [[0.0]],
    "Zl_05": [[0.0]],
    "Zl_06": [[0.0]],
    "Zl_07": [[0.0]],
    "Zl_08": [[0.0]],
    "Zl_09": [[0.0]],
    "Zu_00": [[0.0]],
    "Zu_01": [[0.0]],
    "Zu_02": [[0.0]],
    "Zu_03": [[0.0]],
    "Zu_04": [[0.0]],
    "Zu_05": [[0.0]],
    "Zu_06": [[0.0]],
    "Zu_07": [[0.0]],
    "Zu_08": [[0.0]],
    "Zu_09": [[0.0]],
    "b_00": [[2.7755575615628914e-17,0.0,0.0,0.0]],