{
    "A_0": [
        [1.0000000000e+00, 5.2641946321e-02, 2.0000000000e-01, 8.8745840316e-03],
        [0.0000000000e+00, 5.4869478087e-01, 0.0000000000e+00, 1.5520430690e-01],
        [0.0000000000e+00, 5.0009094684e-01, 1.0000000000e+00, 1.5210433641e-01],
        [0.0000000000e+00, -5.2054398182e+00, 0.0000000000e+00, 2.2347354857e-01]
    ],
    "A_1": [
        [1.0000000000e+00, 1.3478190061e-01, 2.0000000000e-01, 2.8312069602e-02],
        [0.0000000000e+00, 3.5072334591e+00, 0.0000000000e+00, 3.4818975816e-01],
        [0.0000000000e+00, 2.8674588175e+00, 1.0000000000e+00, 3.9532682379e-01],
        [0.0000000000e+00, 3.2208171895e+01, 0.0000000000e+00, 3.4949243032e+00]
    ],
    "A_2": [
        [1.0000000000e+00, -8.9186542039e-02, 2.0000000000e-01, -5.9423016187e-03],
        [0.0000000000e+00, 1.1561709067e+00, 0.0000000000e+00, 2.0781914012e-01],
        [0.0000000000e+00, -1.0314458191e+00, 1.0000000000e+00, -1.6496658044e-01],
        [0.0000000000e+00, 1.0657123760e+00, 0.0000000000e+00, 1.0143559957e+00]
    ],
    "A_3": [
        [1.0000000000e+00, -8.1987866509e-02, 2.0000000000e-01, -1.6942823111e-02],
        [0.0000000000e+00, 5.6293879805e-01, 0.0000000000e+00, 1.4037897882e-01],
        [0.0000000000e+00, -4.4419195063e-01, 1.0000000000e+00, -2.1130051187e-01],
        [0.0000000000e+00, -6.7878877139e+00, 0.0000000000e+00, -6.8794059246e-02]
    ],
    "A_4": [
        [1.0000000000e+00, -7.3929066725e-02, 2.0000000000e-01, -1.6057065575e-02],
        [0.0000000000e+00, 5.0126024990e-01, 0.0000000000e+00, 1.4416750808e-01],
        [0.0000000000e+00, -3.2244805148e-01, 1.0000000000e+00, -1.9250579260e-01],
        [0.0000000000e+00, -6.0035558008e+00, 0.0000000000e+00, 1.0134106710e-01]
    ],
    "B_0": [
        [1.8923991455e-02],
        [-2.0335773167e-02],
        [1.7552660580e-01],
        [-1.4142731225e-01]
    ],
    "B_1": [
        [1.8032438352e-02],
        [-2.4674601377e-03],
        [1.8184230322e-01],
        [1.7612984585e-02]
    ],
    "B_2": [
        [1.8852966252e-02],
        [2.2564267494e-02],
        [1.7317603060e-01],
        [2.0041497723e-01]
    ],
    "B_3": [
        [1.7883709439e-02],
        [1.6684409912e-02],
        [1.6403947593e-01],
        [6.6795695660e-02]
    ],
    "B_4": [
        [1.7969144467e-02],
        [1.6047042408e-02],
        [1.6741932241e-01],
        [7.6573559427e-02]
    ],
    "b_0": [
        [-9.8903405897e-04, 4.6967584763e-03, 7.6754714528e-03, 3.5514655955e-02]
    ],
    "b_1": [
        [-1.1475282667e-01, 3.0569564221e-03, -1.6468079183e+00, -2.6634613801e+00]
    ],
    "b_2": [
        [1.4798877932e-01, -1.2084369197e+00, 1.1479600243e+00, -9.6463925665e+00]
    ],
    "b_3": [
        [9.9405367206e-02, 2.0350337953e+00, 3.0213409107e-01, 1.5071246483e+01]
    ],
    "b_4": [
        [-7.1322838083e-02, -1.7951498731e+00, -1.9051543271e-01, -1.3772540219e+01]
    ],
    "Q_0": [
        [4.0000000000e+02, 0.0000000000e+00, 0.0000000000e+00, 0.0000000000e+00],
        [0.0000000000e+00, 4.0000000000e+02, 0.0000000000e+00, 0.0000000000e+00],
        [0.0000000000e+00, 0.0000000000e+00, 4.0000000000e-03, 0.0000000000e+00],
        [0.0000000000e+00, 0.0000000000e+00, 0.0000000000e+00, 4.0000000000e-03]
    ],
    "Q_1": [
        [4.0000000000e+02, 0.0000000000e+00, 0.0000000000e+00, 0.0000000000e+00],
        [0.0000000000e+00, 4.0000000000e+02, 0.0000000000e+00, 0.0000000000e+00],
        [0.0000000000e+00, 0.0000000000e+00, 4.0000000000e-03, 0.0000000000e+00],
        [0.0000000000e+00, 0.0000000000e+00, 0.0000000000e+00, 4.0000000000e-03]
    ],
    "Q_2": [
        [4.0000000000e+02, 0.0000000000e+00, 0.0000000000e+00, 0.0000000000e+00],
        [0.0000000000e+00, 4.0000000000e+02, 0.0000000000e+00, 0.0000000000e+00],
        [0.0000000000e+00, 0.0000000000e+00, 4.0000000000e-03, 0.0000000000e+00],
        [0.0000000000e+00, 0.0000000000e+00, 0.0000000000e+00, 4.0000000000e-03]
    ],
    "Q_3": [
        [4.0000000000e+02, 0.0000000000e+00, 0.0000000000e+00, 0.0000000000e+00],
        [0.0000000000e+00, 4.0000000000e+02, 0.0000000000e+00, 0.0000000000e+00],
        [0.0000000000e+00, 0.0000000000e+00, 4.0000000000e-03, 0.0000000000e+00],
        [0.0000000000e+00, 0.0000000000e+00, 0.0000000000e+00, 4.0000000000e-03]
    ],
    "Q_4": [
        [4.0000000000e+02, 0.0000000000e+00, 0.0000000000e+00, 0.0000000000e+00],
        [0.0000000000e+00, 4.0000000000e+02, 0.0000000000e+00, 0.0000000000e+00],
        [0.0000000000e+00, 0.0000000000e+00, 4.0000000000e-03, 0.0000000000e+00],
        [0.0000000000e+00, 0.0000000000e+00, 0.0000000000e+00, 4.0000000000e-03]
    ],
    "Q_5": [
        [2.0000000000e+03, 0.0000000000e+00, 0.0000000000e+00, 0.0000000000e+00],
        [0.0000000000e+00, 2.0000000000e+03, 0.0000000000e+00, 0.0000000000e+00],
        [0.0000000000e+00, 0.0000000000e+00, 2.0000000000e-02, 0.0000000000e+00],
        [0.0000000000e+00, 0.0000000000e+00, 0.0000000000e+00, 2.0000000000e-02]
    ],
    "R_0": [
        [4.0000000000e-03]
    ],
    "R_1": [
        [4.0000000000e-03]
    ],
    "R_2": [
        [4.0000000000e-03]
    ],
    "R_3": [
        [4.0000000000e-03]
    ],
    "R_4": [
        [4.0000000000e-03]
    ],
    "S_0": [
        [0.0000000000e+00, 0.0000000000e+00, 0.0000000000e+00, 0.0000000000e+00]
    ],
    "S_1": [
        [0.0000000000e+00, 0.0000000000e+00, 0.0000000000e+00, 0.0000000000e+00]
    ],
    "S_2": [
        [0.0000000000e+00, 0.0000000000e+00, 0.0000000000e+00, 0.0000000000e+00]
    ],
    "S_3": [
        [0.0000000000e+00, 0.0000000000e+00, 0.0000000000e+00, 0.0000000000e+00]
    ],
    "S_4": [
        [0.0000000000e+00, 0.0000000000e+00, 0.0000000000e+00, 0.0000000000e+00]
    ],
    "q_0": [
        [0.0000000000e+00, 1.2566370614e+03, 0.0000000000e+00, 0.0000000000e+00]
    ],
    "q_1": [
        [3.6171317369e+02, 8.3727643213e+02, 3.4900226435e-02, -3.6023813946e-02]
    ],
    "q_2": [
        [4.8858491558e+02, 2.3402114493e+02, -2.0543671533e-02, -3.1351761101e-02]
    ],
    "q_3": [
        [-4.2269747380e+01, 2.3657782115e+01, -3.0014888959e-02, -4.2872282848e-04]
    ],
    "q_4": [
        [-7.3438117423e+01, -8.9832967983e+01, 2.6018033768e-02, -4.1420828663e-03]
    ],
    "q_5": [
        [6.7809611899e+01, 8.6696689729e+01, -8.4401519507e-02, 4.2538799661e-02]
    ],
    "r_0": [
        [1.8489968578e-01]
    ],
    "r_1": [
        [-3.2000000000e-01]
    ],
    "r_2": [
        [-3.0906748201e-02]
    ],
    "r_3": [
        [3.1999999946e-01]
    ],
    "r_4": [
        [-2.4510683778e-01]
    ],
    "lbx_0": [
        [0.0000000000e+00],
        [0.0000000000e+00],
        [0.0000000000e+00],
        [0.0000000000e+00]
    ],
    "ubx_0": [
        [-0.0000000000e+00],
        [-0.0000000000e+00],
        [-0.0000000000e+00],
        [-0.0000000000e+00]
    ],
    "lbu_0": [
        [-1.2622492145e+02]
    ],
    "lbu_1": [
        [-1.5489831640e-11]
    ],
    "lbu_2": [
        [-7.2273312950e+01]
    ],
    "lbu_3": [
        [-1.5999999987e+02]
    ],
    "lbu_4": [
        [-1.8723290556e+01]
    ],
    "ubu_0": [
        [3.3775078554e+01]
    ],
    "ubu_1": [
        [1.6000000000e+02]
    ],
    "ubu_2": [
        [8.7726687050e+01]
    ],
    "ubu_3": [
        [1.3466210191e-07]
    ],
    "ubu_4": [
        [1.4127670944e+02]
    ],
    "lbx_mask_0": [
        [1.0000000000e+00],
        [1.0000000000e+00],
        [1.0000000000e+00],
        [1.0000000000e+00]
    ],
    "ubx_mask_0": [
        [1.0000000000e+00],
        [1.0000000000e+00],
        [1.0000000000e+00],
        [1.0000000000e+00]
    ],
    "lbu_mask_0": [
        [1.0000000000e+00]
    ],
    "lbu_mask_1": [
        [1.0000000000e+00]
    ],
    "lbu_mask_2": [
        [1.0000000000e+00]
    ],
    "lbu_mask_3": [
        [1.0000000000e+00]
    ],
    "lbu_mask_4": [
        [1.0000000000e+00]
    ],
    "ubu_mask_0": [
        [1.0000000000e+00]
    ],