{
    "A_0": [
        [1.0000000000e+00, 5.4574923776e-02, 2.0000000000e-01, 9.3514368188e-03],
        [0.0000000000e+00, 5.3445112714e-01, 0.0000000000e+00, 1.5331359544e-01],
        [0.0000000000e+00, 5.0086672389e-01, 1.0000000000e+00, 1.5748538893e-01],
        [0.0000000000e+00, -5.3720055528e+00, 0.0000000000e+00, 1.9435730567e-01]
    ],
    "A_1": [
        [1.0000000000e+00, 1.7924820354e-01, 2.0000000000e-01, 3.2135532994e-02],
        [0.0000000000e+00, 3.8304382050e+00, 0.0000000000e+00, 3.6436103337e-01],
        [0.0000000000e+00, 2.8316138754e+00, 1.0000000000e+00, 3.8013614966e-01],
        [0.0000000000e+00, 3.4150602343e+01, 0.0000000000e+00, 3.5280585922e+00]
    ],
    "A_2": [
        [1.0000000000e+00, -5.6573041146e-02, 2.0000000000e-01, -1.1623609201e-03],
        [0.0000000000e+00, 1.1739157491e+00, 0.0000000000e+00, 2.1542166191e-01],
        [0.0000000000e+00, -5.9620623542e-01, 1.0000000000e+00, -7.6533676878e-02],
        [0.0000000000e+00, 1.8686431882e+00, 0.0000000000e+00, 1.1778566716e+00]
    ],
    "A_3": [
        [1.0000000000e+00, -5.0464650801e-02, 2.0000000000e-01, -1.0832408194e-02],
        [0.0000000000e+00, 9.9633509318e-01, 0.0000000000e+00, 1.7573739487e-01],
        [0.0000000000e+00, -1.0025423070e+00, 1.0000000000e+00, -2.3065624617e-01],
        [0.0000000000e+00, -3.6252840837e+00, 0.0000000000e+00, 2.8065967031e-01]
    ],
    "A_4": [
        [1.0000000000e+00, -5.4662818717e-02, 2.0000000000e-01, -9.8292587211e-03],
        [0.0000000000e+00, 7.1446645518e-01, 0.0000000000e+00, 1.6846912592e-01],
        [0.0000000000e+00, -5.2929312722e-01, 1.0000000000e+00, -1.6027458952e-01],
        [0.0000000000e+00, -3.6842121868e+00, 0.0000000000e+00, 4.2934849333e-01]
    ],
    "B_0": [
        [1.8861293068e-02],
        [-2.0088508112e-02],
        [1.7448080860e-01],
        [-1.3632937437e-01]
    ],
    "B_1": [
        [1.8173962684e-02],
        [-9.6733092823e-05],
        [1.8561281774e-01],
        [5.4552508446e-02]
    ],
    "B_2": [
        [1.9411944326e-02],
        [2.3908732537e-02],
        [1.8545867930e-01],
        [2.3449473236e-01]
    ],
    "B_3": [
        [1.8626118407e-02],
        [2.1082900404e-02],
        [1.6504669868e-01],
        [1.3402362095e-01]
    ],
    "B_4": [
        [1.8625294815e-02],
        [1.9075917796e-02],
        [1.7350784013e-01],
        [1.3658272918e-01]
    ],
    "b_0": [
        [-2.4906076607e-03, 1.0193598948e-02, -2.3949057831e-02, 1.6211834535e-01]
    ],
    "b_1": [
        [-1.2864140087e-01, -2.9265928766e-01, -1.9078521233e+00, -6.7309427599e+00]
    ],
    "b_2": [
        [1.4001099700e-01, -7.3749337727e-01, 8.8147737022e-01, -5.0969598194e+00]
    ],
    "b_3": [
        [1.5513842254e-01, 1.6044830548e+00, 1.1789501484e+00, 1.2886572016e+01]
    ],
    "b_4": [
        [-9.9933455339e-02, -1.2695262651e+00, -7.6784585016e-01, -1.0656534441e+01]
    ],
    "Q_0": [
        [4.0000000000e+02, 0.0000000000e+00, 0.0000000000e+00, 0.0000000000e+00],
        [0.0000000000e+00, 4.0000000000e+02, 0.0000000000e+00, 0.0000000000e+00],
        [0.0000000000e+00, 0.0000000000e+00, 4.0000000000e-03, 0.0000000000e+00],
        [0.0000000000e+00, 0.0000000000e+00, 0.0000000000e+00, 4.0000000000e-03]
    ],
    "Q_1": [
        [4.0000000000e+02, 0.0000000000e+00, 0.0000000000e+00, 0.0000000000e+00],
        [0.0000000000e+00, 4.0000000000e+02, 0.0000000000e+00, 0.0000000000e+00],
        [0.0000000000e+00, 0.0000000000e+00, 4.0000000000e-03, 0.0000000000e+00],
        [0.0000000000e+00, 0.0000000000e+00, 0.0000000000e+00, 4.0000000000e-03]
    ],
    "Q_2": [
        [4.0000000000e+02, 0.0000000000e+00, 0.0000000000e+00, 0.0000000000e+00],
        [0.0000000000e+00, 4.0000000000e+02, 0.0000000000e+00, 0.0000000000e+00],
        [0.0000000000e+00, 0.0000000000e+00, 4.0000000000e-03, 0.0000000000e+00],
        [0.0000000000e+00, 0.0000000000e+00, 0.0000000000e+00, 4.0000000000e-03]
    ],
    "Q_3": [
        [4.0000000000e+02, 0.0000000000e+00, 0.0000000000e+00, 0.0000000000e+00],
        [0.0000000000e+00, 4.0000000000e+02, 0.0000000000e+00, 0.0000000000e+00],
        [0.0000000000e+00, 0.0000000000e+00, 4.0000000000e-03, 0.0000000000e+00],
        [0.0000000000e+00, 0.0000000000e+00, 0.0000000000e+00, 4.0000000000e-03]
    ],
    "Q_4": [
        [4.0000000000e+02, 0.0000000000e+00, 0.0000000000e+00, 0.0000000000e+00],
        [0.0000000000e+00, 4.0000000000e+02, 0.0000000000e+00, 0.0000000000e+00],
        [0.0000000000e+00, 0.0000000000e+00, 4.0000000000e-03, 0.0000000000e+00],
        [0.0000000000e+00, 0.0000000000e+00, 0.0000000000e+00, 4.0000000000e-03]
    ],
    "Q_5": [
        [2.0000000000e+03, 0.0000000000e+00, 0.0000000000e+00, 0.0000000000e+00],
        [0.0000000000e+00, 2.0000000000e+03, 0.0000000000e+00, 0.0000000000e+00],
        [0.0000000000e+00, 0.0000000000e+00, 2.0000000000e-02, 0.0000000000e+00],
        [0.0000000000e+00, 0.0000000000e+00, 0.0000000000e+00, 2.0000000000e-02]
    ],
    "R_0": [
        [4.0000000000e-03]
    ],
    "R_1": [
        [4.0000000000e-03]
    ],
    "R_2": [
        [4.0000000000e-03]
    ],
    "R_3": [
        [4.0000000000e-03]
    ],
    "R_4": [
        [4.0000000000e-03]
    ],
    "S_0": [
        [0.0000000000e+00, 0.0000000000e+00, 0.0000000000e+00, 0.0000000000e+00]
    ],
    "S_1": [
        [0.0000000000e+00, 0.0000000000e+00, 0.0000000000e+00, 0.0000000000e+00]
    ],
    "S_2": [
        [0.0000000000e+00, 0.0000000000e+00, 0.0000000000e+00, 0.0000000000e+00]
    ],
    "S_3": [
        [0.0000000000e+00, 0.0000000000e+00, 0.0000000000e+00, 0.0000000000e+00]
    ],
    "S_4": [
        [0.0000000000e+00, 0.0000000000e+00, 0.0000000000e+00, 0.0000000000e+00]
    ],
    "q_0": [
        [0.0000000000e+00, 1.2566370614e+03, 0.0000000000e+00, 0.0000000000e+00]
    ],
    "q_1": [
        [3.7792144253e+02, 8.1837982379e+02, 3.6472431607e-02, -3.7677501404e-02]
    ],
    "q_2": [
        [4.7642424121e+02, 2.2799867424e+02, -2.4963862783e-02, -2.8406757901e-02]
    ],
    "q_3": [
        [-6.5878040963e+01, -1.8972490804e+01, -2.6716028516e-02, -7.0321059049e-03]
    ],
    "q_4": [
        [-1.1702392199e+02, -1.3287772017e+02, 2.0814331338e-02, 2.1557913292e-03]
    ],
    "q_5": [
        [4.0559296315e+01, 4.9826835122e+01, -4.0436240502e-02, 3.8197315345e-02]
    ],
    "r_0": [
        [1.9316093556e-01]
    ],
    "r_1": [
        [-3.5168983426e-01]
    ],
    "r_2": [
        [7.9485000919e-03]
    ],
    "r_3": [
        [2.7821316051e-01]
    ],
    "r_4": [
        [-1.7055120369e-01]
    ],
    "zl_0": [
        [2.0000000001e-01]
    ],
    "zl_1": [
        [2.0000000001e-01],
        [1.7844917129e+00],
        [2.0000000001e-01]
    ],
    "zl_2": [
        [2.0000000001e-01],
        [2.0000000001e-01],
        [2.0000000001e-01]
    ],
    "zl_3": [
        [2.0000000001e-01],
        [2.0000000001e-01],
        [2.0000000001e-01]
    ],
    "zl_4": [
        [2.0000000001e-01],
        [2.0000000001e-01],
        [2.0000000001e-01]
    ],
    "zl_5": [
        [1.0000000000e+00],
        [1.0000000000e+00]
    ],
    "zu_0": [
        [2.0000000001e-01]
    ],
    "zu_1": [
        [2.0000000000e-01],
        [2.0000000001e-01],
        [4.2362158035e-01]
    ],
    "zu_2": [
        [2.3821212061e-01],
        [2.0000000001e-01],
        [2.0000000001e-01]
    ],
    "zu_3": [
        [2.0000000001e-01],
        [2.0000000001e-01],
        [2.0000000001e-01]
    ],
    "zu_4": [
        [2.0000000001e-01],
        [2.0000000001e-01],
        [2.0000000001e-01]
    ],
    "zu_5": [
        [1.0000000000e+00],
        [1.0000000000e+00]
    ],
    "Zl_0": [
        [2.0000000000e-01]
    ],
    "Zl_1": [
        [2.0000000000e-01],
        [2.0000000000e-01],
        [2.0000000000e-01]
    ],
    "Zl_2": [
        [2.0000000000e-01],
        [2.0000000000e-01],
        [2.0000000000e-01]
    ],